amount,payment_method,gateway,failure_reason,network_latency,gateway_health,issuer_health,customer_action_required,previous_attempt_count,recent_gateway_success_rate,historical_recovery_rate,time_since_failure,recovered
43943.96,net_banking,gateway_b,temporary_gateway_error,862,0.6974,0.0942,0,3,0.8502,0.2897,5480,1
92683.82,debit_card,gateway_c,authentication_required,651,0.8228,0.4434,1,2,0.6882,0.2447,1636,0
75832.97,net_banking,gateway_c,issuer_unavailable,367,0.9707,0.8931,0,3,0.6267,0.2307,1401,1
74501.74,net_banking,gateway_b,rate_limit,969,0.3258,0.3705,0,3,0.3909,0.533,1364,1
43771.48,net_banking,gateway_a,authentication_required,836,0.7003,0.3124,1,3,0.8633,0.4712,5993,1
14061.27,net_banking,gateway_c,network_timeout,216,0.0074,0.7869,0,2,0.8465,0.5212,5077,0
11541.55,credit_card,gateway_b,temporary_gateway_error,675,0.4711,0.5652,0,2,0.6875,0.5914,4570,1
43728.07,credit_card,gateway_c,authentication_required,230,0.4085,0.8534,1,0,0.3408,0.397,1684,1
55747.51,net_banking,gateway_b,insufficient_funds,789,0.6643,0.4064,0,1,0.3159,0.263,1202,0
16211.05,upi,gateway_c,rate_limit,511,0.1523,0.6963,0,0,0.5111,0.6412,2743,1
11888.79,credit_card,gateway_b,suspected_fraud,963,0.9086,0.6997,0,3,0.8451,0.7018,6979,0
9729.46,debit_card,gateway_b,rate_limit,905,0.4558,0.2024,0,4,0.4237,0.7996,4170,0
43266.09,net_banking,gateway_a,insufficient_funds,635,0.5841,0.6498,0,3,0.3291,0.5458,2994,0
10429.96,credit_card,gateway_a,rate_limit,596,0.1706,0.9251,0,2,0.7136,0.216,2497,0
78295.25,upi,gateway_a,insufficient_funds,101,0.4867,0.4907,0,0,0.6314,0.3869,4117,1
43947.25,upi,gateway_a,authentication_required,41,0.8263,0.8962,1,2,0.6878,0.276,1009,0
65976.32,debit_card,gateway_c,temporary_gateway_error,733,0.7686,0.1077,0,4,0.3262,0.5884,1657,1
80844.32,wallet,gateway_c,issuer_unavailable,331,0.9529,0.2909,0,4,0.9552,0.3152,1843,1
99238.32,upi,gateway_a,issuer_unavailable,894,0.7486,0.8908,0,0,0.5212,0.7404,3736,0
9537.22,debit_card,gateway_c,insufficient_funds,752,0.2625,0.9368,0,0,0.8818,0.3073,883,1
87468.75,upi,gateway_a,issuer_unavailable,212,0.3103,0.7774,0,2,0.4007,0.2098,3605,1
67798.1,credit_card,gateway_c,issuer_unavailable,139,0.5063,0.6943,0,2,0.8629,0.7008,1438,0
12463.0,credit_card,gateway_b,card_expired,929,0.3976,0.3009,0,2,0.9689,0.4005,4773,0
55564.28,credit_card,gateway_a,insufficient_funds,641,0.1059,0.1403,0,0,0.7172,0.8531,6957,0
78497.87,upi,gateway_c,insufficient_funds,37,0.1091,0.8294,0,2,0.6715,0.6242,1675,0
41315.9,net_banking,gateway_a,card_expired,387,0.4259,0.6519,0,1,0.4735,0.3657,3268,0
10617.28,wallet,gateway_c,card_expired,85,0.5944,0.1462,0,1,0.4007,0.8447,2234,0
15445.98,debit_card,gateway_b,network_timeout,133,0.0211,0.0554,0,4,0.7138,0.6765,384,0
50502.17,debit_card,gateway_c,card_expired,878,0.8511,0.0435,0,4,0.4746,0.5999,1704,0
37424.05,credit_card,gateway_c,issuer_unavailable,533,0.1017,0.8335,0,2,0.3694,0.7905,6659,0
80222.39,wallet,gateway_b,network_timeout,784,0.6425,0.779,0,4,0.66,0.8003,3860,1
63992.37,debit_card,gateway_a,card_expired,281,0.1398,0.4779,0,3,0.5573,0.4565,1674,0
68605.76,debit_card,gateway_a,insufficient_funds,311,0.9489,0.9163,0,3,0.6748,0.794,2364,0
53318.96,wallet,gateway_c,network_timeout,640,0.2882,0.7349,0,2,0.9025,0.2925,5003,0
72598.99,credit_card,gateway_b,rate_limit,102,0.9359,0.1374,0,0,0.7156,0.7478,5767,0
25413.0,wallet,gateway_c,suspected_fraud,598,0.095,0.6162,0,0,0.7007,0.5262,4068,0
79944.55,net_banking,gateway_b,rate_limit,502,0.5996,0.9312,0,3,0.3614,0.6605,843,1
67156.02,net_banking,gateway_c,suspected_fraud,347,0.8984,0.7625,0,3,0.5201,0.3103,2622,0
43846.61,wallet,gateway_c,temporary_gateway_error,396,0.7297,0.553,0,1,0.6356,0.4635,5618,0
95124.35,net_banking,gateway_b,temporary_gateway_error,136,0.8505,0.6371,0,2,0.7803,0.2086,4236,1
29606.37,wallet,gateway_c,rate_limit,469,0.4423,0.3019,0,3,0.3774,0.8979,5626,0
83705.97,debit_card,gateway_a,rate_limit,124,0.9991,0.6657,0,3,0.9279,0.2203,651,1
77699.12,credit_card,gateway_c,insufficient_funds,214,0.9106,0.6563,1,0,0.3362,0.6241,39,0
84955.94,debit_card,gateway_a,suspected_fraud,76,0.801,0.9278,0,4,0.8866,0.2281,5027,0
50502.65,credit_card,gateway_b,temporary_gateway_error,751,0.63,0.8511,0,4,0.4351,0.3895,5290,0
61193.21,wallet,gateway_b,authentication_required,73,0.6163,0.0424,1,1,0.7967,0.3212,6366,1
98004.72,credit_card,gateway_b,card_expired,469,0.7841,0.6364,0,2,0.9622,0.4109,1045,0
64958.39,net_banking,gateway_b,authentication_required,942,0.1484,0.5084,1,3,0.6319,0.2835,2909,1
30539.99,debit_card,gateway_b,suspected_fraud,439,0.611,0.6346,0,0,0.4523,0.6118,2943,0
41898.16,credit_card,gateway_b,suspected_fraud,485,0.2256,0.5725,0,2,0.7536,0.6567,5055,0
54959.52,net_banking,gateway_a,network_timeout,443,0.626,0.3607,0,4,0.9205,0.8447,5305,0
80007.05,upi,gateway_a,rate_limit,328,0.8374,0.4941,0,0,0.8894,0.2389,518,1
17382.15,debit_card,gateway_c,authentication_required,327,0.7427,0.0147,1,2,0.8996,0.4606,5956,1
12055.29,net_banking,gateway_b,network_timeout,377,0.9584,0.9955,0,2,0.7814,0.6938,2239,1
1171.69,net_banking,gateway_c,suspected_fraud,225,0.5251,0.1638,0,2,0.9924,0.5892,6022,0
14245.43,wallet,gateway_b,card_expired,459,0.3926,0.08,0,0,0.6285,0.3055,3123,0
4560.44,wallet,gateway_b,network_timeout,248,0.2921,0.4902,0,3,0.3589,0.3706,3552,0
64949.99,net_banking,gateway_b,card_expired,677,0.7629,0.0581,0,3,0.5369,0.7911,3885,0
85216.35,net_banking,gateway_b,authentication_required,515,0.9096,0.5871,1,0,0.5384,0.5492,6122,1
39915.4,credit_card,gateway_c,authentication_required,919,0.6308,0.1775,1,0,0.4341,0.2174,2440,0
30822.75,upi,gateway_a,rate_limit,607,0.0073,0.278,0,2,0.9873,0.6343,4563,0
90342.45,net_banking,gateway_b,suspected_fraud,727,0.9632,0.782,0,0,0.8127,0.5081,821,0
96984.53,net_banking,gateway_a,suspected_fraud,985,0.2882,0.7338,0,3,0.3867,0.2287,2495,0
98555.46,upi,gateway_c,suspected_fraud,476,0.9779,0.4116,0,3,0.6888,0.7614,610,0
3793.38,wallet,gateway_a,insufficient_funds,385,0.0487,0.1093,0,3,0.8416,0.8058,5136,0
4991.47,wallet,gateway_c,insufficient_funds,250,0.6219,0.8581,1,4,0.7741,0.2207,3705,0
67194.12,wallet,gateway_a,rate_limit,253,0.8528,0.348,0,4,0.7132,0.4779,2152,1
18840.61,wallet,gateway_c,authentication_required,103,0.3419,0.7176,1,2,0.9991,0.4075,5814,1
57529.71,credit_card,gateway_a,authentication_required,998,0.7009,0.5952,1,0,0.9407,0.5478,2825,1
6809.95,debit_card,gateway_b,temporary_gateway_error,218,0.0177,0.4533,0,4,0.5943,0.8714,2472,0
28525.63,upi,gateway_b,authentication_required,899,0.2351,0.3253,1,4,0.6707,0.7196,6546,0
30008.39,net_banking,gateway_c,authentication_required,256,0.3225,0.1554,1,1,0.4983,0.593,6295,0
43894.79,net_banking,gateway_c,authentication_required,487,0.9947,0.6746,1,1,0.9318,0.7513,5866,1
10279.23,upi,gateway_b,network_timeout,660,0.9553,0.5127,0,0,0.9718,0.2721,258,1
6646.49,debit_card,gateway_c,temporary_gateway_error,466,0.5161,0.3126,0,4,0.5692,0.2424,803,0
30276.95,debit_card,gateway_b,insufficient_funds,406,0.4166,0.0017,0,2,0.3009,0.5557,6212,0
43189.57,debit_card,gateway_b,temporary_gateway_error,785,0.8412,0.2603,0,2,0.6359,0.6783,1746,1
93045.42,debit_card,gateway_b,rate_limit,67,0.4608,0.7116,0,3,0.3967,0.8432,341,1
3225.22,credit_card,gateway_a,suspected_fraud,128,0.6201,0.2416,0,1,0.8946,0.2033,4249,0
16358.07,net_banking,gateway_c,authentication_required,778,0.8555,0.2543,1,1,0.6181,0.6224,6616,0
81334.62,debit_card,gateway_a,temporary_gateway_error,332,0.7992,0.6007,0,2,0.5223,0.2547,2981,1
2001.51,debit_card,gateway_c,rate_limit,182,0.7252,0.7081,0,4,0.923,0.6157,2283,1
69340.23,credit_card,gateway_a,card_expired,189,0.5073,0.9918,1,4,0.9952,0.6092,119,0
88049.99,wallet,gateway_b,authentication_required,546,0.6218,0.2732,1,3,0.7162,0.4063,363,0
1914.24,wallet,gateway_a,suspected_fraud,604,0.2313,0.8739,0,3,0.6875,0.4773,4398,0
56737.09,net_banking,gateway_a,authentication_required,764,0.9834,0.4193,1,4,0.3087,0.7572,3705,0
9497.79,upi,gateway_c,insufficient_funds,892,0.395,0.6826,0,1,0.4249,0.3397,6924,0
21293.53,wallet,gateway_b,suspected_fraud,480,0.7335,0.8784,0,2,0.8192,0.7118,3723,0
10551.05,upi,gateway_c,suspected_fraud,906,0.8656,0.7981,0,0,0.8205,0.2162,1471,0
71959.32,debit_card,gateway_c,suspected_fraud,890,0.3946,0.3191,0,2,0.5864,0.6212,4183,0
19754.54,upi,gateway_b,authentication_required,390,0.3941,0.1311,1,1,0.7792,0.4376,1172,0
9982.56,debit_card,gateway_b,rate_limit,759,0.881,0.2781,0,4,0.6654,0.5279,1337,1
48200.98,credit_card,gateway_a,network_timeout,961,0.6525,0.4955,0,1,0.5063,0.7354,1817,0
98458.4,wallet,gateway_b,card_expired,983,0.953,0.0718,0,4,0.687,0.2679,2192,0
54282.2,net_banking,gateway_b,rate_limit,182,0.2533,0.1603,0,1,0.8146,0.4072,4207,1
76025.5,upi,gateway_a,card_expired,777,0.2068,0.9415,0,1,0.3703,0.3852,6452,0
41415.44,credit_card,gateway_a,authentication_required,461,0.2453,0.7102,1,0,0.9122,0.4375,6130,1
24555.17,debit_card,gateway_a,rate_limit,178,0.94,0.888,0,1,0.6434,0.5708,3727,1
13262.31,upi,gateway_b,card_expired,143,0.9522,0.482,0,0,0.6881,0.3454,1177,0
11983.44,credit_card,gateway_a,card_expired,919,0.3215,0.6081,0,4,0.6723,0.3311,2883,0
74187.3,wallet,gateway_b,network_timeout,479,0.1529,0.9207,0,2,0.5397,0.7561,360,0
79384.17,net_banking,gateway_c,temporary_gateway_error,227,0.9238,0.438,0,3,0.9954,0.3966,16,1
12990.1,upi,gateway_b,insufficient_funds,169,0.6323,0.3929,0,3,0.8083,0.5228,2298,0
47331.12,upi,gateway_b,rate_limit,952,0.3427,0.1772,0,4,0.3282,0.5147,6092,0
99181.59,net_banking,gateway_b,rate_limit,541,0.66,0.3025,0,3,0.817,0.4822,2637,0
50942.52,net_banking,gateway_c,network_timeout,909,0.4193,0.6471,0,3,0.608,0.2881,2939,1
65586.22,net_banking,gateway_c,issuer_unavailable,670,0.0198,0.3265,0,0,0.9024,0.3727,5603,0
27587.74,credit_card,gateway_c,network_timeout,156,0.2835,0.6747,0,3,0.6795,0.691,1458,0
25585.18,net_banking,gateway_a,authentication_required,633,0.3205,0.9761,1,2,0.7798,0.2163,2878,1
61061.72,wallet,gateway_b,rate_limit,455,0.9359,0.854,0,4,0.6429,0.6425,3921,1
91275.92,debit_card,gateway_c,card_expired,926,0.8433,0.9782,0,4,0.8338,0.5364,5506,0
64517.44,debit_card,gateway_b,rate_limit,303,0.2578,0.586,0,1,0.8712,0.8024,1575,1
33679.38,credit_card,gateway_b,issuer_unavailable,802,0.8392,0.1383,0,3,0.573,0.899,833,1
42337.75,credit_card,gateway_b,suspected_fraud,627,0.9329,0.9808,0,4,0.8535,0.3894,993,0
11273.3,net_banking,gateway_c,network_timeout,836,0.1764,0.4235,0,1,0.7803,0.6569,3606,0
51694.29,wallet,gateway_a,temporary_gateway_error,113,0.7278,0.9767,0,1,0.5973,0.236,3321,1
78767.64,debit_card,gateway_c,card_expired,836,0.8212,0.4167,0,1,0.861,0.5439,5392,0
87918.97,credit_card,gateway_c,issuer_unavailable,114,0.1535,0.5338,0,2,0.3004,0.5054,380,0
65260.53,credit_card,gateway_c,temporary_gateway_error,827,0.168,0.1469,0,1,0.6773,0.7734,5927,1
73805.98,debit_card,gateway_b,insufficient_funds,272,0.7523,0.5042,0,3,0.5575,0.3534,3346,1
11979.14,net_banking,gateway_c,rate_limit,104,0.1763,0.1753,0,0,0.9933,0.296,2869,0
39352.53,upi,gateway_a,network_timeout,878,0.9756,0.8729,0,3,0.7593,0.4024,1589,0
55135.79,upi,gateway_b,temporary_gateway_error,832,0.7105,0.0266,1,4,0.6403,0.3821,4331,1
82678.49,net_banking,gateway_b,issuer_unavailable,570,0.3854,0.2707,0,0,0.6949,0.6737,2266,1
21306.49,credit_card,gateway_b,issuer_unavailable,897,0.6463,0.172,0,0,0.6333,0.8549,3384,1
58618.56,debit_card,gateway_b,issuer_unavailable,211,0.6795,0.2141,0,2,0.5959,0.3233,1490,1
32107.68,wallet,gateway_b,rate_limit,373,0.0553,0.3574,0,4,0.4438,0.8219,4396,0
10829.56,credit_card,gateway_a,rate_limit,133,0.6196,0.122,0,4,0.8739,0.5682,5431,0
40186.37,credit_card,gateway_a,insufficient_funds,337,0.9486,0.5769,0,4,0.985,0.549,1226,0
38135.16,wallet,gateway_c,issuer_unavailable,409,0.5848,0.1281,0,1,0.3723,0.8063,1391,0
40926.07,debit_card,gateway_b,authentication_required,443,0.6331,0.9268,1,4,0.574,0.4305,6716,0
46235.61,upi,gateway_a,suspected_fraud,666,0.5544,0.3207,0,0,0.3662,0.3162,2726,0
21532.44,debit_card,gateway_c,suspected_fraud,571,0.7555,0.2574,0,4,0.7182,0.6683,6678,0
39309.22,wallet,gateway_a,rate_limit,926,0.579,0.0046,1,4,0.6939,0.2186,4899,0
49692.11,wallet,gateway_a,network_timeout,476,0.0055,0.7866,0,4,0.5611,0.5956,6327,1
77513.3,credit_card,gateway_a,rate_limit,507,0.5365,0.9654,0,3,0.4313,0.616,6161,0
10200.51,debit_card,gateway_b,authentication_required,815,0.4818,0.5644,1,3,0.725,0.4975,7072,1
11928.07,upi,gateway_c,network_timeout,799,0.8377,0.2844,0,3,0.3168,0.5643,6296,1
16422.83,net_banking,gateway_b,insufficient_funds,675,0.3767,0.6187,1,2,0.6656,0.35,3324,1
34479.69,credit_card,gateway_a,authentication_required,114,0.9473,0.405,1,1,0.9821,0.2565,5825,0
63460.02,wallet,gateway_b,suspected_fraud,440,0.4311,0.0359,0,1,0.9711,0.2283,7154,0
90308.62,debit_card,gateway_b,authentication_required,64,0.9359,0.8375,1,4,0.3419,0.7843,846,1
91582.91,upi,gateway_c,rate_limit,576,0.3972,0.445,0,0,0.5175,0.3326,6975,1
9519.18,wallet,gateway_c,network_timeout,870,0.7078,0.83,0,3,0.9604,0.2889,6064,0
54395.21,upi,gateway_c,issuer_unavailable,901,0.9718,0.7048,0,2,0.5704,0.4531,3286,1
7835.86,credit_card,gateway_b,temporary_gateway_error,785,0.4461,0.9307,0,0,0.4103,0.3441,253,0
51623.99,debit_card,gateway_b,card_expired,938,0.9772,0.2364,1,1,0.3443,0.3366,1106,0
53768.17,wallet,gateway_b,issuer_unavailable,634,0.2019,0.8006,0,3,0.9642,0.4435,6222,1
43840.37,debit_card,gateway_b,insufficient_funds,947,0.3783,0.7708,0,2,0.5245,0.6572,1316,0
22941.7,upi,gateway_c,network_timeout,728,0.1689,0.9367,0,4,0.6484,0.5637,772,0
99482.01,upi,gateway_a,suspected_fraud,497,0.4779,0.4218,0,3,0.4596,0.6463,4269,0
46953.61,wallet,gateway_b,authentication_required,899,0.4756,0.0603,1,4,0.7537,0.7472,5920,0
85637.28,net_banking,gateway_c,insufficient_funds,639,0.3477,0.6625,0,4,0.5596,0.4976,6917,0
73683.65,upi,gateway_b,issuer_unavailable,470,0.2155,0.7452,0,1,0.7388,0.7231,1430,0
11161.35,debit_card,gateway_a,rate_limit,957,0.1544,0.1977,0,1,0.918,0.7324,3812,0
35832.49,credit_card,gateway_c,card_expired,489,0.1474,0.2734,0,1,0.6852,0.6935,916,0
78242.9,upi,gateway_b,insufficient_funds,753,0.8151,0.4482,0,1,0.5526,0.3234,1733,0
24168.62,debit_card,gateway_c,issuer_unavailable,757,0.3138,0.2728,0,0,0.5121,0.4585,3159,1
93007.33,net_banking,gateway_b,authentication_required,508,0.643,0.8672,1,3,0.7295,0.8228,7192,0
46147.05,net_banking,gateway_c,authentication_required,99,0.0158,0.4772,1,2,0.5852,0.5977,3559,0
10954.84,wallet,gateway_c,rate_limit,240,0.793,0.8478,0,3,0.9229,0.42,6285,1
60669.31,debit_card,gateway_b,rate_limit,940,0.3446,0.557,0,1,0.4366,0.2406,1222,0
83428.68,upi,gateway_a,card_expired,688,0.1919,0.1755,0,4,0.9393,0.298,1906,0
23602.11,wallet,gateway_c,suspected_fraud,290,0.9645,0.2646,0,4,0.4771,0.7431,3114,0
83529.07,debit_card,gateway_c,authentication_required,229,0.0043,0.5712,1,1,0.3271,0.3456,7158,0
8995.3,wallet,gateway_a,rate_limit,407,0.7471,0.3715,0,0,0.587,0.5356,1407,0
69071.16,net_banking,gateway_a,authentication_required,984,0.4118,0.4034,1,1,0.4721,0.7109,6649,0
46876.32,credit_card,gateway_a,suspected_fraud,216,0.1854,0.4638,0,0,0.9353,0.7619,5732,0
25547.36,debit_card,gateway_a,authentication_required,152,0.9438,0.402,1,4,0.8927,0.4794,1617,1
63961.11,credit_card,gateway_b,temporary_gateway_error,788,0.2109,0.9174,0,1,0.4594,0.2354,6109,0
61929.75,debit_card,gateway_b,authentication_required,765,0.1283,0.7808,1,0,0.8099,0.5089,6758,0
74502.62,upi,gateway_a,network_timeout,824,0.7494,0.2879,0,4,0.652,0.5537,1716,0
78710.45,debit_card,gateway_c,card_expired,915,0.2467,0.7365,0,1,0.432,0.7567,3766,0
91794.21,net_banking,gateway_a,temporary_gateway_error,985,0.3521,0.6382,0,0,0.3657,0.4887,7104,0
78800.51,debit_card,gateway_b,temporary_gateway_error,395,0.98,0.8835,0,1,0.5358,0.6245,5546,1
2542.64,wallet,gateway_b,suspected_fraud,235,0.7119,0.5635,0,2,0.5438,0.8056,397,0
94520.31,debit_card,gateway_c,card_expired,69,0.7497,0.2576,0,1,0.92,0.3511,5372,0
24645.4,net_banking,gateway_c,insufficient_funds,246,0.0272,0.9585,0,0,0.8208,0.5721,4576,0
64079.88,upi,gateway_a,temporary_gateway_error,217,0.8881,0.8118,0,4,0.3987,0.8806,4166,0
33283.09,wallet,gateway_c,rate_limit,185,0.2118,0.09,0,1,0.9929,0.2518,513,1
58066.0,wallet,gateway_a,authentication_required,779,0.6309,0.8822,1,1,0.6655,0.6989,4597,1
46818.48,debit_card,gateway_a,rate_limit,186,0.7966,0.2607,0,3,0.8894,0.4311,1773,0
7866.69,wallet,gateway_c,rate_limit,770,0.3077,0.2166,0,3,0.5065,0.5982,6551,1
62224.02,upi,gateway_b,issuer_unavailable,618,0.6235,0.1351,0,3,0.7778,0.2518,4858,0
8762.48,upi,gateway_c,temporary_gateway_error,238,0.441,0.7429,0,4,0.6821,0.7323,5975,1
62009.97,upi,gateway_c,authentication_required,930,0.4918,0.5287,1,3,0.8163,0.2503,4334,0
92176.33,upi,gateway_b,rate_limit,504,0.4683,0.9622,0,2,0.4518,0.2666,1302,1
76947.33,upi,gateway_b,rate_limit,739,0.0321,0.57,0,0,0.4172,0.6386,6776,1
41284.63,net_banking,gateway_a,insufficient_funds,765,0.2307,0.9058,0,0,0.8948,0.8992,5444,1
25118.27,debit_card,gateway_c,rate_limit,277,0.5824,0.9935,0,0,0.7473,0.802,3793,0
52901.32,debit_card,gateway_c,issuer_unavailable,837,0.3032,0.4398,0,2,0.9343,0.7589,7093,1
54773.56,debit_card,gateway_a,temporary_gateway_error,570,0.5055,0.6367,0,3,0.5335,0.4315,5394,1
85067.04,credit_card,gateway_c,insufficient_funds,457,0.2279,0.7593,0,0,0.5215,0.3239,152,0
6588.18,debit_card,gateway_a,suspected_fraud,73,0.5817,0.0217,0,0,0.7246,0.5113,1119,0
80294.95,credit_card,gateway_b,insufficient_funds,896,0.011,0.1786,0,1,0.405,0.342,3956,0
59982.74,net_banking,gateway_c,network_timeout,955,0.4941,0.3003,0,3,0.4571,0.2322,2589,1
1941.94,net_banking,gateway_a,insufficient_funds,450,0.644,0.6104,0,2,0.7982,0.272,5836,0
24632.05,net_banking,gateway_a,authentication_required,61,0.2236,0.4549,1,0,0.4237,0.7771,2980,0
92964.33,debit_card,gateway_b,insufficient_funds,37,0.925,0.9519,1,4,0.9791,0.8341,5494,0
7907.8,upi,gateway_a,network_timeout,853,0.6138,0.6147,0,3,0.4075,0.7178,4117,1
84912.94,net_banking,gateway_b,rate_limit,483,0.5098,0.3122,0,0,0.5583,0.3224,5279,1
94262.58,upi,gateway_b,rate_limit,740,0.2152,0.8596,0,0,0.4692,0.6331,6133,0
69323.37,debit_card,gateway_b,temporary_gateway_error,988,0.1506,0.0884,0,4,0.3499,0.5327,2446,0
33571.18,debit_card,gateway_a,network_timeout,849,0.5201,0.8427,0,4,0.7556,0.2811,6862,0
14249.73,upi,gateway_a,rate_limit,169,0.6875,0.0474,0,2,0.6088,0.49,1006,0
3301.15,debit_card,gateway_c,issuer_unavailable,622,0.3737,0.6513,0,2,0.4738,0.5196,99,0
37845.98,wallet,gateway_c,card_expired,540,0.5935,0.0218,0,3,0.5949,0.2702,2483,0
2324.66,wallet,gateway_c,card_expired,609,0.7638,0.2848,0,2,0.9504,0.8867,4553,0
54744.08,upi,gateway_b,issuer_unavailable,163,0.3363,0.9876,1,0,0.8899,0.4267,3258,1
47540.2,wallet,gateway_a,network_timeout,148,0.0517,0.9454,0,3,0.3635,0.4966,3629,0
97116.4,upi,gateway_c,rate_limit,273,0.5045,0.8595,0,0,0.8988,0.4729,2012,1
18729.68,wallet,gateway_c,suspected_fraud,315,0.0311,0.3918,0,3,0.4269,0.6724,4896,0
34951.18,debit_card,gateway_a,authentication_required,723,0.4665,0.3613,1,0,0.7004,0.3497,6139,0
3994.04,debit_card,gateway_b,insufficient_funds,505,0.1239,0.2385,0,1,0.8649,0.8558,941,0
71387.3,net_banking,gateway_c,network_timeout,993,0.3415,0.1629,0,4,0.4245,0.6292,3839,1
26530.97,wallet,gateway_a,temporary_gateway_error,58,0.1082,0.2402,0,4,0.4955,0.3351,236,1
33966.87,debit_card,gateway_b,insufficient_funds,341,0.0897,0.0252,0,1,0.9936,0.85,5448,0
31526.7,upi,gateway_a,card_expired,779,0.7648,0.8443,0,0,0.8368,0.7645,3127,0
9524.72,wallet,gateway_c,temporary_gateway_error,995,0.7701,0.0933,0,0,0.8391,0.7595,246,1
9878.54,wallet,gateway_c,authentication_required,290,0.4142,0.0425,1,3,0.4856,0.4749,3227,0
27107.06,wallet,gateway_c,temporary_gateway_error,896,0.426,0.3278,0,0,0.4802,0.5519,3008,1
56622.44,debit_card,gateway_b,card_expired,425,0.8239,0.2567,0,0,0.9773,0.7867,5650,0
17080.85,upi,gateway_a,suspected_fraud,822,0.5842,0.2634,0,4,0.6947,0.7047,829,0
81608.53,upi,gateway_a,issuer_unavailable,86,0.5122,0.2586,0,1,0.9559,0.8263,854,1
58804.73,debit_card,gateway_b,issuer_unavailable,724,0.4427,0.1563,0,3,0.6187,0.8108,7199,0
8867.16,wallet,gateway_c,card_expired,131,0.9296,0.9475,0,1,0.6167,0.4913,2557,0
25405.43,wallet,gateway_b,authentication_required,711,0.0672,0.0388,1,0,0.5373,0.6588,4707,1
74876.6,wallet,gateway_b,card_expired,879,0.1365,0.3202,0,4,0.5078,0.2424,3868,0
38653.54,debit_card,gateway_a,authentication_required,213,0.2619,0.627,1,1,0.5418,0.5737,2795,0
58793.2,debit_card,gateway_a,temporary_gateway_error,967,0.522,0.9098,0,1,0.6004,0.6888,422,0
9369.27,upi,gateway_b,card_expired,571,0.1266,0.7515,0,0,0.9086,0.6403,5209,0
84261.25,net_banking,gateway_b,insufficient_funds,872,0.0364,0.5562,0,0,0.7539,0.4942,6195,1
70407.39,debit_card,gateway_a,suspected_fraud,220,0.0936,0.888,0,0,0.5046,0.8804,1438,0
30832.09,net_banking,gateway_b,authentication_required,313,0.0395,0.7285,1,3,0.3034,0.7106,310,0
47216.86,net_banking,gateway_a,issuer_unavailable,496,0.4361,0.3246,0,2,0.7187,0.8287,3104,0
38529.88,credit_card,gateway_a,card_expired,197,0.3521,0.2875,0,0,0.6474,0.8435,5502,0
40387.03,credit_card,gateway_c,suspected_fraud,98,0.2627,0.986,0,0,0.7015,0.5486,1426,0
82693.56,debit_card,gateway_a,network_timeout,155,0.4284,0.6898,0,4,0.6974,0.2484,2661,1
72815.3,credit_card,gateway_c,rate_limit,302,0.7237,0.0664,0,3,0.3623,0.2166,6016,1
23546.88,wallet,gateway_b,authentication_required,557,0.4262,0.7955,1,4,0.6505,0.8924,3520,1
5269.8,wallet,gateway_a,authentication_required,488,0.8863,0.6652,1,4,0.4843,0.493,4934,1
46276.57,upi,gateway_b,issuer_unavailable,340,0.3055,0.2509,0,0,0.9105,0.6215,1079,1
84781.88,net_banking,gateway_a,insufficient_funds,253,0.1506,0.0086,1,1,0.991,0.2314,5488,0
59254.07,credit_card,gateway_b,temporary_gateway_error,761,0.3592,0.0109,0,0,0.4803,0.3326,7137,1
59684.87,upi,gateway_a,insufficient_funds,797,0.7531,0.8925,0,1,0.6891,0.4082,1780,1
68221.4,wallet,gateway_c,authentication_required,976,0.4169,0.5374,1,4,0.3751,0.3657,3507,0
93153.05,credit_card,gateway_c,network_timeout,141,0.198,0.7653,0,0,0.808,0.248,6482,0
75759.21,net_banking,gateway_a,card_expired,832,0.7184,0.5862,0,4,0.9699,0.6113,5021,0
75636.47,upi,gateway_b,insufficient_funds,998,0.1604,0.2024,0,1,0.7001,0.2344,3466,0
58560.62,upi,gateway_b,card_expired,664,0.7202,0.6415,0,3,0.6763,0.6243,4498,0
52787.24,debit_card,gateway_c,temporary_gateway_error,876,0.6791,0.0904,0,0,0.8138,0.7792,1596,1
33925.29,upi,gateway_c,suspected_fraud,457,0.8641,0.7233,0,1,0.3353,0.3001,2651,0
94419.95,debit_card,gateway_b,network_timeout,515,0.2348,0.1058,0,0,0.5683,0.7408,5874,0
60905.11,credit_card,gateway_c,authentication_required,960,0.4021,0.0509,1,4,0.9186,0.5655,6648,0
81963.13,debit_card,gateway_c,rate_limit,509,0.0339,0.683,0,2,0.494,0.2373,5970,0
53288.29,wallet,gateway_c,rate_limit,650,0.4626,0.4198,0,1,0.4629,0.7856,696,1
54906.54,debit_card,gateway_c,temporary_gateway_error,231,0.1632,0.5633,0,3,0.9385,0.3057,4508,0
82925.85,wallet,gateway_a,temporary_gateway_error,639,0.6201,0.6392,0,2,0.9707,0.6099,118,0
1338.48,debit_card,gateway_c,network_timeout,520,0.5072,0.437,0,4,0.6693,0.4627,1798,0
32034.59,credit_card,gateway_c,insufficient_funds,308,0.5433,0.4993,0,3,0.4997,0.6849,6840,1
46425.6,debit_card,gateway_c,network_timeout,50,0.6177,0.6783,0,1,0.7228,0.4772,3719,1
65534.09,credit_card,gateway_a,rate_limit,996,0.0158,0.5576,0,2,0.6816,0.6339,5953,0
12316.72,wallet,gateway_a,card_expired,928,0.026,0.8362,0,3,0.3027,0.5117,1401,0
45163.91,credit_card,gateway_a,network_timeout,414,0.7677,0.8931,0,4,0.5068,0.8393,895,1
94256.21,upi,gateway_b,issuer_unavailable,952,0.4112,0.6674,0,3,0.3221,0.3009,5425,0
66638.62,debit_card,gateway_a,card_expired,364,0.8866,0.8193,0,1,0.4898,0.546,5565,0
82324.45,wallet,gateway_c,insufficient_funds,905,0.8775,0.9596,0,2,0.6998,0.4957,6710,0
28926.45,debit_card,gateway_c,issuer_unavailable,256,0.0824,0.4966,0,2,0.6647,0.5,4537,0
82311.29,debit_card,gateway_b,authentication_required,214,0.7166,0.76,1,4,0.904,0.4037,4139,0
79895.11,net_banking,gateway_a,issuer_unavailable,671,0.8463,0.9931,0,1,0.8212,0.517,5861,0
56590.05,debit_card,gateway_b,network_timeout,123,0.2258,0.8407,0,4,0.4722,0.5441,2837,0
7104.43,wallet,gateway_c,insufficient_funds,583,0.4673,0.6143,0,1,0.6303,0.6074,2870,0
81801.75,upi,gateway_c,temporary_gateway_error,751,0.3414,0.8006,0,1,0.7079,0.3997,1105,0
67173.21,debit_card,gateway_a,issuer_unavailable,270,0.5111,0.9486,0,0,0.9909,0.8124,6306,1
3311.72,wallet,gateway_c,card_expired,405,0.8707,0.6888,0,0,0.8686,0.6967,2793,0
23071.81,wallet,gateway_b,authentication_required,187,0.6428,0.972,1,0,0.4748,0.2976,1780,0
50367.53,debit_card,gateway_b,suspected_fraud,992,0.0121,0.5565,0,4,0.5487,0.4872,5814,0
78492.42,net_banking,gateway_a,issuer_unavailable,154,0.3935,0.8929,1,3,0.6885,0.4339,2151,1
18234.16,upi,gateway_a,authentication_required,539,0.7067,0.5753,1,4,0.8911,0.3225,670,0
78297.86,debit_card,gateway_a,card_expired,222,0.1867,0.497,1,4,0.8068,0.7862,1622,0
79771.97,wallet,gateway_c,authentication_required,873,0.6984,0.6742,1,2,0.757,0.8434,3781,1
7338.25,debit_card,gateway_b,authentication_required,946,0.4453,0.6753,1,0,0.9937,0.3132,6056,0
4982.65,wallet,gateway_a,network_timeout,759,0.3547,0.6486,0,0,0.3947,0.2819,1870,1
35205.94,net_banking,gateway_a,temporary_gateway_error,232,0.6919,0.6868,0,2,0.5698,0.7851,6732,1
98845.9,net_banking,gateway_c,insufficient_funds,850,0.5797,0.6268,0,2,0.8393,0.8988,4892,0
59626.21,credit_card,gateway_b,authentication_required,136,0.2448,0.3288,1,2,0.4287,0.316,5264,1
69381.19,wallet,gateway_b,network_timeout,59,0.0283,0.5587,0,3,0.6042,0.8463,4297,1
5500.03,net_banking,gateway_c,rate_limit,957,0.9808,0.7391,0,1,0.8688,0.7154,1584,1
46333.61,upi,gateway_a,card_expired,830,0.6838,0.6432,0,2,0.5602,0.232,1947,0
43880.01,upi,gateway_c,insufficient_funds,260,0.2094,0.5878,0,2,0.8373,0.4635,462,0
81522.98,upi,gateway_b,issuer_unavailable,334,0.758,0.9395,0,4,0.8235,0.5205,3108,0
31840.46,upi,gateway_b,rate_limit,122,0.4149,0.1239,0,3,0.9515,0.2254,4010,0
2124.09,upi,gateway_b,suspected_fraud,264,0.1185,0.2168,0,0,0.6703,0.2007,2889,0
55012.37,credit_card,gateway_a,network_timeout,342,0.5484,0.2218,1,2,0.3758,0.2888,6778,1
61804.26,wallet,gateway_b,suspected_fraud,618,0.9867,0.0884,0,2,0.7362,0.4941,1469,0
15007.85,wallet,gateway_b,insufficient_funds,998,0.3791,0.6488,0,2,0.946,0.5975,414,0
53385.4,credit_card,gateway_a,card_expired,680,0.4562,0.155,0,1,0.3241,0.6962,6152,0
16188.46,credit_card,gateway_a,authentication_required,681,0.06,0.5898,1,1,0.7117,0.4556,4925,0
20842.95,upi,gateway_c,authentication_required,572,0.8819,0.6668,1,3,0.5251,0.2601,3397,1
98663.93,credit_card,gateway_c,rate_limit,238,0.8149,0.1686,0,3,0.5271,0.7588,3012,0
15442.43,wallet,gateway_a,rate_limit,781,0.1479,0.9134,0,0,0.4099,0.2083,2422,1
79746.49,wallet,gateway_b,rate_limit,971,0.1008,0.5922,0,4,0.5243,0.3984,3909,0
46966.43,credit_card,gateway_a,suspected_fraud,658,0.1282,0.9306,0,2,0.7577,0.697,5901,0
61399.18,wallet,gateway_c,authentication_required,292,0.0995,0.6063,1,0,0.4689,0.2425,477,0
61079.69,credit_card,gateway_b,suspected_fraud,795,0.8219,0.3095,0,4,0.631,0.6586,4054,0
9898.17,wallet,gateway_b,card_expired,833,0.5941,0.2449,0,0,0.8421,0.613,608,0
75108.55,credit_card,gateway_a,issuer_unavailable,307,0.8893,0.7621,0,2,0.7963,0.8637,2006,1
23543.76,debit_card,gateway_b,authentication_required,405,0.7423,0.4742,1,0,0.5199,0.2989,4109,1
60281.45,wallet,gateway_b,card_expired,390,0.7899,0.0645,0,1,0.9898,0.6943,1656,0
18512.57,credit_card,gateway_b,suspected_fraud,643,0.3797,0.9243,0,2,0.8247,0.8828,3221,0
91874.6,net_banking,gateway_c,issuer_unavailable,263,0.8866,0.0975,0,0,0.7302,0.5469,5637,0
21635.51,credit_card,gateway_b,network_timeout,284,0.5978,0.4419,0,0,0.5617,0.5122,6357,1
73189.54,credit_card,gateway_a,rate_limit,459,0.0163,0.964,0,2,0.9084,0.8348,5210,1
60919.9,net_banking,gateway_c,temporary_gateway_error,282,0.222,0.1139,0,1,0.8327,0.4214,5623,1
54726.66,upi,gateway_c,insufficient_funds,921,0.8748,0.9161,0,1,0.6258,0.2332,6945,1
25842.94,debit_card,gateway_a,issuer_unavailable,186,0.9532,0.1954,0,3,0.7487,0.6732,5478,1
18750.54,net_banking,gateway_a,rate_limit,939,0.3018,0.2552,0,2,0.6159,0.6427,4727,1
27134.01,net_banking,gateway_c,card_expired,287,0.1622,0.3324,0,3,0.4333,0.3351,3270,0
68920.81,credit_card,gateway_c,issuer_unavailable,946,0.4268,0.9011,0,3,0.805,0.7327,309,0
77713.01,credit_card,gateway_a,authentication_required,389,0.3033,0.173,1,2,0.3446,0.7789,7172,0
71200.54,net_banking,gateway_a,temporary_gateway_error,862,0.1838,0.0008,0,1,0.3867,0.3303,2548,1
5785.63,credit_card,gateway_c,temporary_gateway_error,918,0.3121,0.9822,0,4,0.8004,0.6206,1026,0
18937.15,credit_card,gateway_b,network_timeout,95,0.6041,0.9866,0,0,0.9892,0.6746,5118,1
36531.36,wallet,gateway_c,network_timeout,24,0.5072,0.937,0,4,0.4216,0.2404,3539,1
86421.04,net_banking,gateway_a,suspected_fraud,160,0.2883,0.195,1,1,0.7899,0.6535,3985,0
9500.52,upi,gateway_b,issuer_unavailable,171,0.9318,0.7615,0,4,0.7546,0.8498,6601,1
6350.85,credit_card,gateway_a,temporary_gateway_error,127,0.0954,0.3517,0,4,0.7131,0.3025,5693,0
1398.04,debit_card,gateway_c,issuer_unavailable,295,0.3306,0.2742,0,0,0.7869,0.2973,5472,0
19564.28,net_banking,gateway_a,suspected_fraud,655,0.4835,0.4394,0,0,0.37,0.315,3732,0
28557.98,wallet,gateway_a,insufficient_funds,368,0.3221,0.8983,0,3,0.5099,0.2804,6618,0
80210.49,debit_card,gateway_b,issuer_unavailable,882,0.4726,0.9714,0,2,0.6423,0.2261,1950,0
30943.97,credit_card,gateway_a,temporary_gateway_error,574,0.043,0.0793,0,1,0.634,0.4371,516,1
76364.79,credit_card,gateway_b,insufficient_funds,953,0.1402,0.9597,0,0,0.7969,0.6929,4620,0
53382.52,upi,gateway_a,network_timeout,337,0.1053,0.6646,1,0,0.366,0.3335,1984,0
42163.39,net_banking,gateway_a,temporary_gateway_error,108,0.4334,0.3527,0,3,0.6441,0.5409,4169,0
49748.26,net_banking,gateway_c,issuer_unavailable,490,0.0265,0.9425,0,2,0.9996,0.7031,1843,1
2647.61,credit_card,gateway_b,suspected_fraud,608,0.0716,0.9334,0,2,0.7316,0.4043,3932,0
10268.42,net_banking,gateway_a,network_timeout,103,0.3112,0.0125,0,3,0.8609,0.623,5096,0
84892.33,upi,gateway_c,suspected_fraud,516,0.223,0.9441,0,3,0.4699,0.4567,188,0
88324.38,upi,gateway_c,issuer_unavailable,306,0.5208,0.3401,0,1,0.3725,0.5521,1134,0
59003.52,net_banking,gateway_c,card_expired,779,0.3927,0.0329,0,4,0.5303,0.5468,278,0
48112.85,upi,gateway_b,authentication_required,685,0.667,0.3181,1,0,0.7096,0.6175,2493,1
69435.1,debit_card,gateway_a,rate_limit,655,0.1351,0.441,0,2,0.8986,0.3142,261,0
1111.92,upi,gateway_b,rate_limit,918,0.4549,0.9543,0,0,0.9457,0.5898,6238,1
54942.91,net_banking,gateway_c,authentication_required,946,0.4393,0.2685,1,4,0.789,0.8819,995,1
92700.34,net_banking,gateway_c,network_timeout,93,0.1102,0.692,0,4,0.8841,0.5664,495,0
81269.53,wallet,gateway_b,temporary_gateway_error,526,0.2517,0.506,0,3,0.3938,0.5578,4744,1
23284.84,debit_card,gateway_b,insufficient_funds,628,0.7868,0.0573,0,1,0.5396,0.6613,6198,0
52913.38,credit_card,gateway_c,issuer_unavailable,104,0.8785,0.9243,0,3,0.6903,0.8892,4050,1
56237.9,credit_card,gateway_c,rate_limit,342,0.3223,0.0071,0,1,0.4315,0.2283,1901,1
33733.41,wallet,gateway_a,temporary_gateway_error,686,0.7565,0.3281,0,0,0.6915,0.2007,4982,1
78250.16,wallet,gateway_a,network_timeout,939,0.9023,0.0204,0,1,0.8527,0.2047,3248,1
79322.78,net_banking,gateway_a,rate_limit,627,0.3013,0.3104,0,4,0.613,0.5866,3162,0
43290.31,upi,gateway_c,insufficient_funds,831,0.9091,0.9321,0,1,0.7937,0.7868,3183,0
74997.96,net_banking,gateway_a,authentication_required,683,0.7461,0.2086,1,3,0.7118,0.2017,3588,0
13000.72,net_banking,gateway_b,authentication_required,820,0.7171,0.7583,1,1,0.8979,0.4898,2823,1
64522.82,credit_card,gateway_c,insufficient_funds,724,0.5671,0.4966,0,3,0.4947,0.8714,4906,0
97129.01,wallet,gateway_b,temporary_gateway_error,921,0.7554,0.6094,0,0,0.8358,0.5646,3912,0
38155.94,credit_card,gateway_c,card_expired,516,0.4323,0.1086,0,1,0.6391,0.2341,6031,0
16521.43,upi,gateway_b,temporary_gateway_error,711,0.7953,0.2283,0,4,0.5125,0.8222,1112,0
22602.26,wallet,gateway_a,authentication_required,343,0.471,0.4801,1,4,0.3801,0.7964,7184,0
34469.31,upi,gateway_a,rate_limit,529,0.2925,0.7991,0,2,0.7359,0.56,6666,0
90460.18,upi,gateway_c,authentication_required,200,0.9733,0.8122,1,3,0.638,0.786,6198,1
14130.97,net_banking,gateway_a,network_timeout,321,0.4457,0.3223,0,0,0.4797,0.7217,5905,1
79223.12,net_banking,gateway_b,temporary_gateway_error,414,0.7225,0.9151,0,4,0.6389,0.7456,2811,1
32874.31,wallet,gateway_a,insufficient_funds,810,0.0868,0.0444,0,2,0.918,0.8659,6260,0
13089.5,debit_card,gateway_a,rate_limit,511,0.22,0.9356,1,2,0.4725,0.3393,1031,1
32818.46,net_banking,gateway_b,issuer_unavailable,623,0.8903,0.6026,0,2,0.4118,0.4244,2631,0
27823.36,net_banking,gateway_c,authentication_required,462,0.8355,0.6684,1,1,0.9196,0.6707,4037,0
10728.23,credit_card,gateway_c,network_timeout,966,0.5989,0.4157,0,1,0.8755,0.3517,445,0
27729.54,upi,gateway_c,authentication_required,49,0.8158,0.1765,1,2,0.8291,0.445,373,1
85931.93,debit_card,gateway_c,issuer_unavailable,311,0.2102,0.3092,0,3,0.3581,0.311,2287,0
5823.35,wallet,gateway_a,rate_limit,228,0.9083,0.89,0,1,0.5939,0.3479,1731,1
57624.58,debit_card,gateway_c,suspected_fraud,373,0.6108,0.2963,0,4,0.9148,0.4254,5693,0
5428.13,debit_card,gateway_a,issuer_unavailable,743,0.171,0.4257,0,0,0.3662,0.4436,1328,0
38202.88,net_banking,gateway_c,authentication_required,58,0.6003,0.0923,1,3,0.8264,0.4965,3906,1
2575.31,credit_card,gateway_a,authentication_required,441,0.8833,0.2441,1,2,0.779,0.2426,4133,1
67042.31,debit_card,gateway_c,rate_limit,450,0.7342,0.8676,0,4,0.8281,0.7965,7145,0
80200.0,net_banking,gateway_c,insufficient_funds,936,0.4752,0.6383,0,3,0.602,0.7738,6128,0
24967.18,wallet,gateway_b,card_expired,716,0.7569,0.9363,0,2,0.7054,0.3171,4129,0
72501.15,debit_card,gateway_c,network_timeout,800,0.4412,0.2112,0,0,0.6575,0.2631,6167,0
87651.84,debit_card,gateway_c,network_timeout,323,0.2003,0.0849,0,3,0.8259,0.5252,3245,1
27886.86,debit_card,gateway_a,insufficient_funds,930,0.1651,0.9882,0,2,0.4741,0.2409,636,0
33764.96,upi,gateway_a,card_expired,669,0.6306,0.9399,0,2,0.8725,0.7547,4901,0
7918.07,net_banking,gateway_c,insufficient_funds,763,0.9618,0.085,0,1,0.4583,0.5674,6718,0
12875.45,wallet,gateway_c,network_timeout,362,0.6981,0.2216,0,0,0.4075,0.5936,167,1
77858.21,net_banking,gateway_b,authentication_required,427,0.2735,0.0156,1,1,0.5187,0.3247,1487,1
66643.35,credit_card,gateway_c,temporary_gateway_error,637,0.9357,0.7982,0,4,0.6949,0.2431,990,1
42838.6,debit_card,gateway_a,issuer_unavailable,294,0.6858,0.8409,0,2,0.6768,0.2218,4520,0
27147.03,upi,gateway_a,issuer_unavailable,341,0.9356,0.6244,0,2,0.5896,0.5291,4471,1
68590.66,upi,gateway_c,temporary_gateway_error,59,0.795,0.283,0,4,0.7568,0.6257,4628,0
73258.68,upi,gateway_b,suspected_fraud,712,0.2363,0.2833,0,2,0.5567,0.4737,1999,0
80448.76,debit_card,gateway_a,issuer_unavailable,449,0.7062,0.0814,0,4,0.7731,0.4406,203,0
56424.21,debit_card,gateway_a,authentication_required,272,0.6201,0.467,1,0,0.4426,0.2781,2668,1
41289.84,wallet,gateway_a,authentication_required,21,0.9529,0.02,1,4,0.8022,0.8402,3014,0
97446.76,upi,gateway_a,suspected_fraud,58,0.9869,0.8494,0,2,0.3997,0.6643,1834,0
92469.46,upi,gateway_c,rate_limit,628,0.3111,0.4001,0,2,0.4003,0.7672,1384,0
37499.35,upi,gateway_b,network_timeout,675,0.8129,0.8812,0,3,0.6579,0.5322,5903,0
39651.68,debit_card,gateway_a,issuer_unavailable,319,0.5187,0.5449,0,3,0.4525,0.8068,3100,1
20814.6,wallet,gateway_a,issuer_unavailable,569,0.5366,0.8286,0,0,0.672,0.6103,6552,1
49759.36,credit_card,gateway_a,rate_limit,278,0.3427,0.6491,0,3,0.3511,0.33,671,1
17863.66,net_banking,gateway_a,issuer_unavailable,884,0.2098,0.0911,0,4,0.5978,0.8713,2126,0
6987.0,net_banking,gateway_a,card_expired,602,0.9891,0.9469,0,0,0.5209,0.2908,2851,0
34552.09,debit_card,gateway_b,suspected_fraud,108,0.498,0.1582,0,0,0.9677,0.3015,1032,0
7728.54,credit_card,gateway_b,rate_limit,218,0.0548,0.1394,0,4,0.3611,0.5087,4693,0
37270.63,debit_card,gateway_a,network_timeout,90,0.2201,0.4668,0,2,0.9857,0.4962,7174,1
23847.67,debit_card,gateway_a,card_expired,33,0.0952,0.4532,0,0,0.8013,0.45,1298,0
53885.51,debit_card,gateway_b,insufficient_funds,200,0.4953,0.1525,0,1,0.4847,0.3207,4408,0
56558.3,credit_card,gateway_a,authentication_required,557,0.2506,0.4528,1,4,0.8049,0.3552,631,1
90246.76,debit_card,gateway_c,insufficient_funds,801,0.9469,0.652,0,3,0.9336,0.5576,3456,0
54659.34,net_banking,gateway_c,card_expired,141,0.3927,0.3133,0,2,0.8751,0.5097,2728,0
92472.56,credit_card,gateway_c,rate_limit,491,0.2598,0.2415,0,1,0.8023,0.8647,2640,0
44914.92,upi,gateway_b,network_timeout,832,0.8497,0.293,0,0,0.8601,0.8768,2845,1
58655.08,credit_card,gateway_a,card_expired,136,0.7891,0.2813,0,4,0.4267,0.475,6553,0
17564.41,upi,gateway_a,authentication_required,48,0.4066,0.6492,1,2,0.4094,0.5155,4133,1
72954.2,debit_card,gateway_a,issuer_unavailable,323,0.5401,0.9232,0,0,0.3513,0.3247,4443,1
83608.52,net_banking,gateway_b,rate_limit,202,0.2193,0.3232,0,0,0.7807,0.8336,4477,1
56016.31,net_banking,gateway_b,authentication_required,320,0.9074,0.0955,1,4,0.8095,0.8407,5127,0
82791.29,debit_card,gateway_c,issuer_unavailable,776,0.5003,0.7679,0,4,0.9056,0.4226,4245,0
79841.36,wallet,gateway_b,rate_limit,890,0.3852,0.9965,0,0,0.6355,0.7589,3735,0
62718.94,net_banking,gateway_a,rate_limit,439,0.5103,0.5093,1,0,0.8992,0.6965,3622,0
52944.43,debit_card,gateway_c,rate_limit,52,0.383,0.4744,0,0,0.7833,0.5046,224,1
53829.26,debit_card,gateway_a,suspected_fraud,449,0.474,0.5809,1,2,0.3498,0.5156,6536,0
28094.99,upi,gateway_b,rate_limit,863,0.3964,0.6388,0,3,0.5829,0.5755,139,0
70713.23,wallet,gateway_a,suspected_fraud,996,0.2951,0.7891,0,1,0.9901,0.6578,4405,0
12825.87,net_banking,gateway_c,network_timeout,706,0.4843,0.9188,0,3,0.3937,0.2487,749,0
72395.47,credit_card,gateway_c,network_timeout,561,0.8359,0.2798,0,4,0.9192,0.3225,845,1
80642.53,debit_card,gateway_c,rate_limit,123,0.6144,0.7462,0,1,0.3431,0.5142,1368,1
35733.61,net_banking,gateway_a,card_expired,460,0.1135,0.5676,0,0,0.3498,0.8831,4889,0
1508.06,credit_card,gateway_c,insufficient_funds,348,0.1528,0.2184,0,3,0.4235,0.5897,4343,0
3372.45,wallet,gateway_b,rate_limit,738,0.773,0.0672,0,2,0.9077,0.5759,2767,0
82829.47,net_banking,gateway_a,rate_limit,487,0.5088,0.718,0,2,0.3146,0.337,6153,0
15068.3,debit_card,gateway_a,issuer_unavailable,203,0.5308,0.8462,0,4,0.6256,0.8693,219,1
88779.35,wallet,gateway_b,authentication_required,297,0.8169,0.6859,1,3,0.596,0.7709,3685,0
99825.77,net_banking,gateway_b,temporary_gateway_error,489,0.8069,0.8625,0,4,0.5833,0.7997,302,1
834.08,net_banking,gateway_c,authentication_required,368,0.6155,0.1298,1,0,0.4094,0.8369,6456,1
60514.4,wallet,gateway_a,authentication_required,102,0.0653,0.0749,1,3,0.8667,0.4821,4247,0
53350.76,upi,gateway_a,network_timeout,694,0.4718,0.7139,0,1,0.3086,0.2879,2522,1
94004.26,debit_card,gateway_a,network_timeout,635,0.5204,0.798,0,3,0.3021,0.6338,5902,0
85378.06,net_banking,gateway_c,card_expired,409,0.8242,0.5508,0,3,0.4411,0.5857,424,0
84021.7,net_banking,gateway_a,temporary_gateway_error,922,0.1018,0.9397,0,4,0.8882,0.2492,3413,1
51175.9,credit_card,gateway_b,suspected_fraud,816,0.1274,0.1246,0,0,0.8111,0.8647,1687,0
52006.65,wallet,gateway_b,insufficient_funds,836,0.1829,0.0683,0,2,0.9247,0.6841,374,0
48667.22,debit_card,gateway_b,authentication_required,747,0.2428,0.5418,1,4,0.9852,0.7213,4748,1
58918.2,upi,gateway_b,insufficient_funds,163,0.432,0.284,0,2,0.4159,0.6134,3687,1
19604.64,net_banking,gateway_c,insufficient_funds,899,0.0262,0.522,0,1,0.6301,0.7894,1620,0
15508.94,debit_card,gateway_c,authentication_required,726,0.582,0.201,1,0,0.6633,0.6574,5474,1
18116.18,upi,gateway_b,authentication_required,762,0.157,0.7783,1,3,0.8226,0.2136,5746,1
59594.88,upi,gateway_b,card_expired,921,0.3756,0.875,0,2,0.3366,0.7197,2673,0
77545.8,debit_card,gateway_c,rate_limit,544,0.014,0.0022,0,1,0.4262,0.6295,2195,1
37988.67,upi,gateway_b,issuer_unavailable,203,0.1381,0.2369,1,4,0.9314,0.782,2218,0
56779.32,upi,gateway_c,rate_limit,832,0.2363,0.2964,0,2,0.5203,0.8145,294,0
45860.05,credit_card,gateway_c,authentication_required,394,0.4894,0.5547,1,3,0.8896,0.8816,145,0
52845.19,net_banking,gateway_a,suspected_fraud,347,0.149,0.5841,1,3,0.5946,0.4903,5937,0
17574.2,wallet,gateway_c,network_timeout,168,0.1655,0.6585,0,4,0.9339,0.395,1695,0
49615.83,credit_card,gateway_a,temporary_gateway_error,662,0.5363,0.2378,0,2,0.6214,0.6451,6985,0
86458.59,debit_card,gateway_b,rate_limit,294,0.7758,0.1121,0,3,0.6674,0.7953,3842,0
27211.67,credit_card,gateway_a,rate_limit,370,0.4789,0.4939,0,0,0.3132,0.5185,5548,0
13151.46,upi,gateway_b,card_expired,409,0.4117,0.1877,0,0,0.7123,0.561,2314,0
11514.87,credit_card,gateway_a,suspected_fraud,314,0.4312,0.2985,0,4,0.3593,0.4897,1766,0
73361.15,wallet,gateway_a,suspected_fraud,567,0.7242,0.6814,0,4,0.8394,0.422,3966,0
50365.57,upi,gateway_a,card_expired,108,0.6662,0.8657,0,0,0.3341,0.2207,2636,0
35616.35,upi,gateway_b,rate_limit,289,0.98,0.2523,0,2,0.3493,0.6783,2043,1
25112.62,net_banking,gateway_a,insufficient_funds,751,0.7698,0.7241,1,1,0.9931,0.3698,5067,1
16123.64,wallet,gateway_b,suspected_fraud,668,0.755,0.0372,0,4,0.5124,0.8134,4146,0
84882.0,debit_card,gateway_c,rate_limit,207,0.8214,0.0791,0,2,0.7745,0.7534,542,0
67234.37,wallet,gateway_b,rate_limit,774,0.5058,0.9127,0,0,0.4648,0.5477,6362,0
21212.85,debit_card,gateway_a,temporary_gateway_error,979,0.4346,0.1818,0,0,0.7362,0.8461,2861,0
70022.24,net_banking,gateway_c,issuer_unavailable,335,0.8572,0.2178,0,0,0.9049,0.4126,7008,0
32380.51,upi,gateway_b,rate_limit,301,0.136,0.5493,0,3,0.4508,0.857,3688,0
11016.19,wallet,gateway_b,suspected_fraud,631,0.8495,0.3309,0,0,0.4911,0.513,1908,0
64886.38,debit_card,gateway_c,authentication_required,72,0.3404,0.6898,1,0,0.4546,0.3405,1266,1
3991.98,upi,gateway_b,temporary_gateway_error,287,0.9948,0.9184,0,3,0.6246,0.7911,2232,0
12532.44,credit_card,gateway_b,insufficient_funds,428,0.8701,0.8821,0,4,0.409,0.6803,4135,0
8399.97,upi,gateway_b,insufficient_funds,588,0.4085,0.8109,0,1,0.4916,0.3103,6300,1
28196.47,credit_card,gateway_a,suspected_fraud,667,0.1423,0.1114,0,3,0.9122,0.8609,558,0
73741.46,net_banking,gateway_c,issuer_unavailable,997,0.3479,0.2855,0,2,0.81,0.5301,6168,1
85467.23,net_banking,gateway_b,insufficient_funds,412,0.6686,0.4002,0,1,0.843,0.8843,3779,0
37421.74,debit_card,gateway_a,card_expired,151,0.2969,0.0864,0,2,0.5425,0.7555,1205,0
90128.02,net_banking,gateway_b,issuer_unavailable,576,0.1938,0.3448,0,0,0.404,0.5128,3648,0
61283.31,debit_card,gateway_c,rate_limit,88,0.3366,0.8043,0,0,0.587,0.4215,4357,0
23743.92,debit_card,gateway_c,temporary_gateway_error,912,0.7459,0.6818,1,1,0.7468,0.3466,944,1
28663.9,net_banking,gateway_b,insufficient_funds,90,0.0364,0.4432,0,1,0.3776,0.3377,6256,0
48305.49,debit_card,gateway_c,temporary_gateway_error,926,0.5449,0.4151,0,2,0.9525,0.5512,469,1
50781.67,wallet,gateway_a,insufficient_funds,450,0.2725,0.6588,0,3,0.7966,0.6509,1543,0
44713.46,credit_card,gateway_c,rate_limit,25,0.075,0.4306,0,3,0.7588,0.416,1985,0
58572.46,wallet,gateway_b,suspected_fraud,968,0.868,0.3189,0,1,0.7792,0.5438,985,0
95542.68,debit_card,gateway_b,card_expired,329,0.1815,0.1875,0,3,0.8306,0.5058,6067,0
46316.77,credit_card,gateway_b,insufficient_funds,819,0.7297,0.4086,0,2,0.7053,0.5623,3141,0
94067.04,upi,gateway_b,card_expired,439,0.0159,0.2364,0,4,0.6867,0.7002,3892,0
70432.82,net_banking,gateway_c,insufficient_funds,423,0.4022,0.1789,0,4,0.9363,0.6155,5665,0
74040.61,net_banking,gateway_a,temporary_gateway_error,345,0.8265,0.0737,1,4,0.4092,0.8153,885,1
42964.6,debit_card,gateway_a,rate_limit,407,0.3015,0.1379,0,2,0.8428,0.3412,983,0
12620.07,wallet,gateway_c,temporary_gateway_error,105,0.9496,0.463,0,3,0.4951,0.5538,167,0
77541.61,debit_card,gateway_c,issuer_unavailable,669,0.1153,0.2934,0,1,0.7447,0.5034,3186,1
58488.66,net_banking,gateway_c,authentication_required,529,0.5544,0.2219,1,2,0.5713,0.4544,4899,1
60306.17,upi,gateway_b,suspected_fraud,353,0.8599,0.8455,0,0,0.5757,0.8998,5004,0
44266.42,debit_card,gateway_b,suspected_fraud,283,0.692,0.4809,0,4,0.9222,0.7547,3646,0
18070.66,debit_card,gateway_c,rate_limit,881,0.7102,0.5722,0,2,0.7777,0.3517,876,1
38800.55,upi,gateway_c,network_timeout,943,0.324,0.8149,0,0,0.9443,0.4855,4809,1
27648.63,credit_card,gateway_b,rate_limit,883,0.4744,0.3414,0,3,0.8017,0.4007,3492,0
78777.5,net_banking,gateway_a,card_expired,266,0.631,0.1537,0,4,0.7422,0.3315,5216,0
59562.05,credit_card,gateway_b,insufficient_funds,985,0.5315,0.8007,0,2,0.7589,0.6838,5639,1
23867.2,net_banking,gateway_c,issuer_unavailable,982,0.2278,0.2367,0,2,0.5526,0.7002,1749,1
48687.21,credit_card,gateway_b,rate_limit,259,0.2357,0.0092,0,0,0.3218,0.6349,2291,0
31772.45,credit_card,gateway_c,card_expired,876,0.5822,0.412,0,2,0.8683,0.8398,1499,0
31142.95,debit_card,gateway_c,card_expired,177,0.3072,0.3328,0,2,0.9436,0.2722,1365,1
70406.6,wallet,gateway_b,issuer_unavailable,368,0.5955,0.2235,0,4,0.5472,0.6307,3392,1
76709.47,net_banking,gateway_b,authentication_required,183,0.0439,0.4396,1,3,0.7555,0.6913,5573,0
53224.71,debit_card,gateway_a,network_timeout,220,0.7262,0.197,0,4,0.6407,0.6206,3647,1
84009.42,wallet,gateway_b,authentication_required,882,0.6295,0.635,1,1,0.6044,0.4255,4386,0
844.9,credit_card,gateway_c,authentication_required,855,0.0464,0.5248,1,1,0.4387,0.827,4428,1
76322.73,wallet,gateway_a,authentication_required,256,0.1507,0.3162,1,2,0.472,0.8992,2865,1
15995.86,wallet,gateway_b,card_expired,981,0.2255,0.4217,0,3,0.8718,0.3923,866,0
60303.8,upi,gateway_b,rate_limit,74,0.1686,0.1612,0,2,0.9453,0.5591,1043,0
27696.99,debit_card,gateway_a,temporary_gateway_error,513,0.2943,0.3436,0,4,0.989,0.3563,3641,0
35064.92,credit_card,gateway_c,insufficient_funds,723,0.1745,0.5814,0,1,0.9532,0.4895,371,0
93742.3,upi,gateway_c,suspected_fraud,304,0.4122,0.7589,0,2,0.9964,0.5889,2623,0
82809.62,net_banking,gateway_c,suspected_fraud,865,0.5633,0.2946,1,4,0.8778,0.5154,4424,0
51047.89,debit_card,gateway_c,card_expired,840,0.1718,0.6121,0,1,0.3817,0.8485,6740,0
5472.09,net_banking,gateway_b,card_expired,516,0.6226,0.3068,0,1,0.6868,0.2293,3991,0
91677.84,debit_card,gateway_b,temporary_gateway_error,978,0.2996,0.1752,0,1,0.9122,0.55,3440,1
22816.36,credit_card,gateway_b,network_timeout,846,0.6215,0.563,0,3,0.5318,0.7845,6692,0
89439.5,upi,gateway_c,card_expired,291,0.6584,0.088,0,3,0.3439,0.2026,1565,0
45577.51,upi,gateway_a,authentication_required,316,0.9912,0.9395,1,2,0.5906,0.6542,904,0
74653.55,debit_card,gateway_a,authentication_required,141,0.3318,0.7164,1,4,0.886,0.2328,4505,1
19292.21,credit_card,gateway_b,suspected_fraud,24,0.5042,0.5283,0,2,0.3022,0.6717,2771,0
2363.13,wallet,gateway_c,temporary_gateway_error,540,0.8949,0.5725,0,1,0.3857,0.6724,4908,0
44360.89,wallet,gateway_a,temporary_gateway_error,357,0.7533,0.5429,0,3,0.4192,0.5214,1239,1
5303.67,credit_card,gateway_b,rate_limit,932,0.073,0.0732,0,4,0.9739,0.8377,1764,0
37573.85,upi,gateway_b,authentication_required,57,0.2928,0.1227,1,2,0.6926,0.2691,737,1
44284.01,upi,gateway_c,insufficient_funds,155,0.0044,0.193,0,4,0.9408,0.4842,5762,0
62729.51,net_banking,gateway_c,card_expired,200,0.1077,0.4376,0,1,0.5053,0.4142,998,0
65341.05,upi,gateway_a,suspected_fraud,519,0.2015,0.1029,0,0,0.3435,0.3807,3451,0
87594.08,net_banking,gateway_c,insufficient_funds,610,0.4229,0.4266,0,4,0.7095,0.3084,4686,0
5068.9,debit_card,gateway_c,card_expired,341,0.8699,0.917,0,2,0.9127,0.7777,6886,0
75671.25,debit_card,gateway_c,insufficient_funds,586,0.7197,0.1778,0,3,0.5119,0.8903,6895,0
11317.39,credit_card,gateway_a,suspected_fraud,790,0.5548,0.3071,0,3,0.6139,0.8039,2391,0
58391.01,net_banking,gateway_a,suspected_fraud,992,0.2414,0.2623,0,3,0.7294,0.7082,3989,0
63259.73,credit_card,gateway_a,network_timeout,999,0.2945,0.1839,0,1,0.4756,0.4429,3063,0
39666.29,debit_card,gateway_b,rate_limit,59,0.9179,0.4069,0,2,0.7439,0.8047,622,1
14724.34,credit_card,gateway_c,issuer_unavailable,610,0.9212,0.4378,0,2,0.8198,0.3727,5514,1
77582.78,debit_card,gateway_a,insufficient_funds,701,0.6659,0.8294,0,4,0.3296,0.8081,2446,0
7034.71,debit_card,gateway_c,card_expired,729,0.7487,0.6662,0,2,0.8272,0.6604,6576,0
92837.88,wallet,gateway_b,card_expired,604,0.4167,0.3637,0,2,0.3541,0.2995,4641,0
95188.06,wallet,gateway_a,insufficient_funds,439,0.7841,0.8282,0,2,0.9979,0.2212,1046,0
68210.76,net_banking,gateway_a,temporary_gateway_error,270,0.7216,0.2164,0,1,0.7877,0.7484,1577,1
77932.46,debit_card,gateway_b,issuer_unavailable,104,0.1908,0.4555,0,1,0.5714,0.8849,4046,0
41223.27,upi,gateway_a,temporary_gateway_error,326,0.3257,0.6878,1,2,0.4408,0.4689,4909,1
72962.11,upi,gateway_b,temporary_gateway_error,367,0.1634,0.2265,0,4,0.8423,0.4318,1927,1
46907.65,net_banking,gateway_b,rate_limit,50,0.9599,0.1478,0,4,0.6426,0.7498,2770,1
64634.35,wallet,gateway_c,suspected_fraud,952,0.8174,0.9278,0,0,0.61,0.6606,2572,0
9275.62,net_banking,gateway_b,issuer_unavailable,834,0.2042,0.9439,0,0,0.8683,0.7731,930,0
27126.91,wallet,gateway_a,issuer_unavailable,830,0.352,0.5374,0,0,0.7021,0.7233,42,1
53086.91,wallet,gateway_a,suspected_fraud,194,0.6459,0.1919,0,3,0.3775,0.2744,4934,0
80995.94,credit_card,gateway_a,issuer_unavailable,801,0.1414,0.5184,0,1,0.3441,0.8611,4555,1
12916.31,net_banking,gateway_c,suspected_fraud,225,0.4509,0.5731,0,3,0.3002,0.4453,186,0
91267.0,wallet,gateway_c,temporary_gateway_error,883,0.1432,0.4121,0,2,0.7643,0.366,2251,1
25125.85,wallet,gateway_c,insufficient_funds,966,0.3063,0.0235,0,4,0.6548,0.2789,1232,0
36315.64,wallet,gateway_a,issuer_unavailable,185,0.4,0.786,0,2,0.676,0.5277,728,1
98113.08,credit_card,gateway_b,issuer_unavailable,192,0.1927,0.1456,0,3,0.4747,0.5006,3194,0
91533.05,debit_card,gateway_c,temporary_gateway_error,320,0.1982,0.9546,0,3,0.889,0.5632,2470,1
75241.29,wallet,gateway_b,insufficient_funds,312,0.6067,0.3694,1,0,0.6847,0.6189,6926,0
29075.78,upi,gateway_a,temporary_gateway_error,973,0.6217,0.6709,0,4,0.345,0.4452,2072,1
87912.49,net_banking,gateway_c,network_timeout,317,0.3329,0.6704,0,1,0.5547,0.2708,6692,1
24787.22,wallet,gateway_b,suspected_fraud,669,0.1562,0.1941,0,0,0.3131,0.5509,1065,0
12903.41,debit_card,gateway_a,card_expired,983,0.6767,0.8507,0,2,0.5692,0.427,5028,0
95063.78,net_banking,gateway_a,rate_limit,577,0.2946,0.4895,0,2,0.8538,0.6092,3072,1
63397.02,upi,gateway_c,suspected_fraud,917,0.4137,0.5745,0,4,0.3471,0.8281,3828,0
55699.9,upi,gateway_a,authentication_required,76,0.598,0.4292,1,1,0.333,0.6976,5105,1
62749.88,net_banking,gateway_c,suspected_fraud,242,0.4405,0.8356,0,4,0.61,0.4182,494,0
1138.77,net_banking,gateway_c,network_timeout,616,0.7348,0.7687,0,3,0.5949,0.3258,2186,1
11410.41,credit_card,gateway_b,network_timeout,675,0.2626,0.7114,1,0,0.574,0.7579,4052,0
62309.13,debit_card,gateway_c,temporary_gateway_error,243,0.5804,0.0813,0,1,0.9184,0.5114,1315,1
28945.23,debit_card,gateway_c,network_timeout,219,0.9119,0.7995,0,3,0.593,0.2108,5377,1
21072.44,credit_card,gateway_c,network_timeout,702,0.2571,0.8919,0,3,0.7306,0.8082,5993,1
51637.45,upi,gateway_b,rate_limit,906,0.1649,0.5781,0,1,0.9073,0.4611,2664,1
42114.74,upi,gateway_c,rate_limit,34,0.0698,0.1953,0,0,0.6819,0.2739,6423,1
74972.82,wallet,gateway_a,authentication_required,305,0.1239,0.9007,1,3,0.3376,0.7766,6150,1
75884.23,credit_card,gateway_b,card_expired,546,0.4145,0.9039,0,3,0.7313,0.7406,414,0
68636.15,wallet,gateway_b,issuer_unavailable,122,0.1983,0.8262,0,0,0.3702,0.7344,708,1
88892.77,credit_card,gateway_c,issuer_unavailable,805,0.8816,0.6505,0,2,0.5091,0.3929,6526,0
89577.64,net_banking,gateway_c,network_timeout,172,0.9523,0.6127,0,0,0.5665,0.7037,6582,1
89704.58,net_banking,gateway_b,card_expired,687,0.0676,0.1831,0,2,0.9772,0.2258,6975,0
75313.29,net_banking,gateway_a,issuer_unavailable,104,0.6095,0.1429,0,2,0.3372,0.256,1725,0
93189.22,net_banking,gateway_c,issuer_unavailable,481,0.4133,0.3584,0,3,0.8224,0.7609,2531,0
52749.5,debit_card,gateway_a,card_expired,239,0.0376,0.7078,0,1,0.3613,0.8969,5213,0
86619.27,upi,gateway_b,network_timeout,258,0.7376,0.8792,0,3,0.6241,0.774,5845,0
11507.02,credit_card,gateway_c,issuer_unavailable,777,0.6255,0.5194,0,2,0.5773,0.4898,4749,0
56478.9,net_banking,gateway_b,rate_limit,519,0.7269,0.7053,0,1,0.8285,0.5596,450,1
71682.37,net_banking,gateway_b,rate_limit,533,0.7938,0.3002,0,1,0.587,0.6872,2525,0
17481.36,net_banking,gateway_b,insufficient_funds,379,0.1584,0.6867,0,1,0.8543,0.6697,3783,1
65371.09,debit_card,gateway_b,card_expired,559,0.0964,0.874,0,4,0.4389,0.4639,3408,0
56783.92,debit_card,gateway_a,authentication_required,473,0.8892,0.9413,1,4,0.3701,0.7497,1580,0
2467.37,wallet,gateway_c,card_expired,266,0.0433,0.8208,0,3,0.6881,0.3767,3699,0
64636.57,credit_card,gateway_c,authentication_required,740,0.673,0.3321,1,1,0.8009,0.2898,5949,1
29012.67,net_banking,gateway_b,authentication_required,137,0.155,0.1656,1,0,0.7252,0.3235,3440,0
31224.66,debit_card,gateway_a,suspected_fraud,239,0.7852,0.9598,0,1,0.4824,0.3106,302,0
96650.98,credit_card,gateway_c,suspected_fraud,597,0.5177,0.8474,1,3,0.3816,0.7885,5596,0
83341.18,credit_card,gateway_b,suspected_fraud,46,0.1384,0.7978,0,1,0.7448,0.6365,6346,0
96121.12,credit_card,gateway_b,card_expired,122,0.529,0.2726,0,2,0.8586,0.744,4281,0
46628.56,debit_card,gateway_c,network_timeout,29,0.7469,0.3023,0,2,0.8736,0.7721,1219,0
99246.63,credit_card,gateway_b,network_timeout,263,0.3094,0.2493,0,1,0.4679,0.4756,3979,0
69304.88,wallet,gateway_b,suspected_fraud,603,0.1477,0.8161,1,2,0.3399,0.6672,1902,0
34768.39,net_banking,gateway_a,card_expired,467,0.458,0.0456,0,1,0.6822,0.2527,4616,0
1542.04,debit_card,gateway_a,issuer_unavailable,172,0.4976,0.3104,0,1,0.841,0.4005,1732,0
38617.06,net_banking,gateway_b,authentication_required,65,0.5354,0.9954,1,0,0.4547,0.729,6977,1
66624.88,credit_card,gateway_c,card_expired,511,0.5392,0.8274,0,3,0.5563,0.2299,4803,0
48377.92,wallet,gateway_b,authentication_required,126,0.6878,0.9634,1,2,0.7004,0.4634,6538,0
86137.61,wallet,gateway_b,suspected_fraud,823,0.4555,0.1189,0,2,0.3427,0.5491,1126,0
78305.27,wallet,gateway_a,suspected_fraud,860,0.7601,0.7032,1,0,0.3843,0.2411,4508,0
74410.55,wallet,gateway_c,insufficient_funds,950,0.979,0.8933,0,3,0.887,0.8098,6325,1
92388.51,credit_card,gateway_a,rate_limit,190,0.3686,0.456,0,1,0.9959,0.8137,148,0
22088.15,debit_card,gateway_c,network_timeout,437,0.4533,0.0056,0,4,0.6701,0.4718,7176,0
26689.57,credit_card,gateway_b,authentication_required,512,0.4318,0.545,1,0,0.4577,0.2194,6114,1
57091.25,credit_card,gateway_a,suspected_fraud,812,0.8868,0.6351,0,1,0.581,0.4327,1112,0
22696.97,upi,gateway_a,issuer_unavailable,303,0.1365,0.9186,0,2,0.4281,0.7676,92,0
35837.39,net_banking,gateway_c,rate_limit,87,0.8562,0.1919,1,0,0.3583,0.267,4124,0
24226.69,upi,gateway_c,authentication_required,362,0.7292,0.0664,1,0,0.7314,0.6249,838,0
6601.25,debit_card,gateway_a,rate_limit,547,0.6383,0.1396,0,3,0.8913,0.7846,1424,1
97979.41,wallet,gateway_a,suspected_fraud,146,0.3677,0.6003,0,2,0.4828,0.8664,2755,0
38731.87,net_banking,gateway_c,temporary_gateway_error,149,0.8632,0.0004,0,2,0.7808,0.4392,2623,1
24573.59,debit_card,gateway_c,network_timeout,25,0.5348,0.1166,0,1,0.8076,0.3844,4617,1
95693.17,debit_card,gateway_b,card_expired,206,0.1832,0.445,0,3,0.3671,0.6481,1128,0
77352.67,net_banking,gateway_c,rate_limit,340,0.9184,0.7332,0,1,0.5509,0.3981,5191,1
45182.92,credit_card,gateway_b,network_timeout,62,0.0039,0.9315,0,0,0.5388,0.5994,4045,0
60287.95,net_banking,gateway_c,card_expired,471,0.3457,0.6985,0,1,0.5745,0.4997,3058,0
70707.15,wallet,gateway_b,network_timeout,372,0.3715,0.4308,1,4,0.868,0.6624,3800,1
71973.91,net_banking,gateway_a,temporary_gateway_error,277,0.6229,0.6109,0,1,0.4364,0.5402,979,1
78843.08,upi,gateway_b,temporary_gateway_error,165,0.4599,0.9898,0,2,0.6912,0.3302,3588,1
39637.1,net_banking,gateway_a,card_expired,304,0.0314,0.8461,1,2,0.5674,0.6191,5400,0
53385.46,credit_card,gateway_b,issuer_unavailable,702,0.1955,0.4364,0,4,0.6955,0.3022,1555,0
48605.69,credit_card,gateway_a,rate_limit,325,0.4522,0.4337,0,4,0.8729,0.358,3528,1
42132.7,credit_card,gateway_c,temporary_gateway_error,675,0.8382,0.5659,0,0,0.326,0.7542,1276,1
93762.48,credit_card,gateway_b,authentication_required,965,0.6163,0.3786,1,0,0.4433,0.5006,6000,1
91985.76,wallet,gateway_c,issuer_unavailable,658,0.1107,0.4822,0,0,0.3969,0.238,6372,0
83852.65,upi,gateway_a,rate_limit,93,0.8011,0.0373,1,4,0.4549,0.6156,3321,1
72742.13,credit_card,gateway_b,temporary_gateway_error,226,0.6564,0.7499,0,1,0.4879,0.4727,5542,1
56116.81,wallet,gateway_c,suspected_fraud,515,0.9686,0.3345,0,2,0.95,0.8355,5182,0
79622.04,credit_card,gateway_a,rate_limit,809,0.6444,0.2789,0,4,0.6497,0.565,1472,1
8977.83,net_banking,gateway_a,issuer_unavailable,699,0.8486,0.3494,0,4,0.8922,0.8664,1128,1
50632.53,net_banking,gateway_a,network_timeout,541,0.7065,0.4887,0,4,0.565,0.8057,1662,1
18510.28,upi,gateway_c,authentication_required,850,0.579,0.403,1,0,0.6058,0.8703,1798,1
74652.75,upi,gateway_c,insufficient_funds,391,0.4274,0.3369,0,2,0.9111,0.8339,5140,0
28478.21,upi,gateway_c,issuer_unavailable,645,0.9547,0.7271,0,3,0.8408,0.8435,4960,0
27433.29,upi,gateway_c,insufficient_funds,510,0.3282,0.9428,0,4,0.5437,0.6476,3399,0
86933.86,credit_card,gateway_c,insufficient_funds,372,0.4326,0.2057,0,0,0.9168,0.2361,5055,0
28501.44,net_banking,gateway_b,issuer_unavailable,220,0.2961,0.8757,0,4,0.794,0.8104,3332,0
17415.35,net_banking,gateway_a,insufficient_funds,880,0.2757,0.1284,0,1,0.3957,0.6382,1452,0
60152.0,credit_card,gateway_a,network_timeout,764,0.7932,0.1555,0,2,0.4128,0.3454,5859,1
19548.7,upi,gateway_a,temporary_gateway_error,730,0.9622,0.2088,0,0,0.3126,0.731,1525,1
53475.16,wallet,gateway_c,insufficient_funds,174,0.4498,0.2029,0,3,0.5389,0.5695,4975,0
8106.71,net_banking,gateway_c,insufficient_funds,42,0.1145,0.395,0,4,0.5878,0.5091,982,0
59954.68,wallet,gateway_b,authentication_required,401,0.5069,0.3142,1,4,0.7025,0.5464,6152,0
81298.91,wallet,gateway_c,rate_limit,241,0.1531,0.6901,0,0,0.8324,0.4067,4923,1
27427.58,upi,gateway_a,suspected_fraud,674,0.7467,0.472,0,4,0.799,0.3575,3675,0
26733.91,net_banking,gateway_a,issuer_unavailable,565,0.8553,0.2495,0,3,0.9064,0.4811,6869,0
56886.9,wallet,gateway_b,card_expired,132,0.0454,0.7903,0,2,0.5434,0.7302,1777,0
73519.07,wallet,gateway_a,suspected_fraud,975,0.8885,0.2545,0,2,0.9938,0.3827,147,0
16130.42,wallet,gateway_a,issuer_unavailable,851,0.0122,0.442,0,0,0.7105,0.8404,2693,1
87758.51,upi,gateway_c,issuer_unavailable,778,0.0407,0.9428,1,3,0.7027,0.7505,4239,1
75235.48,credit_card,gateway_a,card_expired,166,0.4694,0.7316,0,3,0.5128,0.8783,1516,0
22036.53,credit_card,gateway_a,issuer_unavailable,355,0.9995,0.3027,1,0,0.3585,0.3918,3693,0
5161.6,net_banking,gateway_b,issuer_unavailable,460,0.1716,0.1229,0,0,0.82,0.8246,3641,1
51847.38,wallet,gateway_c,network_timeout,273,0.8458,0.0355,0,0,0.496,0.8044,5196,1
7946.64,wallet,gateway_c,temporary_gateway_error,176,0.381,0.8541,0,2,0.4608,0.5168,6304,1
94436.54,credit_card,gateway_b,temporary_gateway_error,449,0.6903,0.5753,0,3,0.9288,0.6895,4439,1
60678.79,net_banking,gateway_b,suspected_fraud,444,0.6248,0.4436,0,2,0.9719,0.7745,6977,0
17887.02,net_banking,gateway_b,authentication_required,489,0.2573,0.0035,1,0,0.9047,0.5596,6961,1
43536.63,net_banking,gateway_a,rate_limit,808,0.9995,0.3491,0,4,0.3653,0.4758,1925,1
27242.41,credit_card,gateway_b,card_expired,176,0.7322,0.1056,0,0,0.376,0.2071,1592,0
50998.91,debit_card,gateway_a,insufficient_funds,129,0.9853,0.1254,0,0,0.4714,0.3869,6132,0
386.84,debit_card,gateway_a,issuer_unavailable,439,0.0125,0.9098,0,2,0.4411,0.69,4198,0
88096.57,credit_card,gateway_b,authentication_required,588,0.7925,0.2629,1,2,0.7917,0.7557,878,1
81843.58,credit_card,gateway_b,rate_limit,222,0.339,0.6282,0,0,0.318,0.8416,518,1
98924.6,net_banking,gateway_b,rate_limit,676,0.5251,0.5209,0,0,0.9712,0.7516,4319,1
88364.8,debit_card,gateway_a,insufficient_funds,153,0.8496,0.2551,0,3,0.6339,0.3346,5805,0
32135.96,debit_card,gateway_b,temporary_gateway_error,520,0.4351,0.6831,0,1,0.9242,0.2252,3137,1
88782.34,net_banking,gateway_b,authentication_required,602,0.8245,0.2227,1,1,0.9595,0.8202,2540,1
45161.63,upi,gateway_c,insufficient_funds,77,0.8924,0.8181,0,0,0.54,0.2862,2012,0
23486.93,upi,gateway_a,authentication_required,631,0.9792,0.1224,1,1,0.6459,0.3168,3301,1
15818.72,net_banking,gateway_a,authentication_required,171,0.8563,0.3114,1,0,0.7387,0.7874,4539,0
62558.96,wallet,gateway_b,insufficient_funds,460,0.3936,0.379,0,0,0.5968,0.4726,931,1
75215.51,debit_card,gateway_a,issuer_unavailable,586,0.8062,0.5427,0,1,0.3688,0.8839,5732,1
79271.9,upi,gateway_b,suspected_fraud,345,0.5986,0.3621,0,3,0.3664,0.2689,60,0
45600.78,upi,gateway_a,temporary_gateway_error,698,0.0168,0.271,0,2,0.6068,0.257,6552,0
41424.66,wallet,gateway_c,issuer_unavailable,258,0.044,0.5911,0,4,0.5221,0.65,4881,0
81992.87,upi,gateway_a,issuer_unavailable,404,0.3485,0.583,0,4,0.6615,0.4696,7036,0
35555.71,upi,gateway_b,temporary_gateway_error,729,0.3807,0.3841,0,1,0.7587,0.5535,438,1
75849.75,net_banking,gateway_a,rate_limit,850,0.3748,0.327,0,3,0.7423,0.5889,4189,0
55615.64,credit_card,gateway_c,suspected_fraud,175,0.4073,0.664,0,4,0.9195,0.741,2733,0
42494.09,wallet,gateway_c,temporary_gateway_error,793,0.1679,0.2858,0,0,0.6513,0.3346,762,0
12438.28,credit_card,gateway_a,authentication_required,970,0.6582,0.9365,1,1,0.3234,0.6021,3527,0
86138.08,credit_card,gateway_c,rate_limit,628,0.7447,0.4939,0,0,0.9816,0.4805,1854,1
63653.58,credit_card,gateway_b,issuer_unavailable,984,0.8958,0.7021,0,0,0.5375,0.6209,5205,1
41812.27,debit_card,gateway_b,authentication_required,217,0.9535,0.9956,1,4,0.7965,0.4854,2671,1
23413.83,debit_card,gateway_a,temporary_gateway_error,341,0.215,0.1123,0,4,0.3597,0.4273,6522,0
51808.95,debit_card,gateway_c,issuer_unavailable,62,0.6486,0.5635,0,1,0.6065,0.4451,4084,1
2702.64,upi,gateway_c,insufficient_funds,342,0.6779,0.1087,0,4,0.5784,0.7613,4696,0
42616.73,wallet,gateway_c,rate_limit,279,0.6086,0.6282,0,2,0.3446,0.347,2317,1
92635.7,credit_card,gateway_b,temporary_gateway_error,33,0.6019,0.9475,0,3,0.787,0.422,3795,1
74561.03,wallet,gateway_c,rate_limit,813,0.9873,0.3703,0,1,0.7666,0.7179,4340,0
34997.24,wallet,gateway_a,card_expired,661,0.2803,0.5946,0,0,0.5941,0.5561,5695,0
26125.69,credit_card,gateway_b,network_timeout,914,0.309,0.9748,0,2,0.7017,0.6878,5206,0
90564.15,net_banking,gateway_c,temporary_gateway_error,572,0.0678,0.2708,0,4,0.684,0.6176,3557,1
72381.13,net_banking,gateway_c,card_expired,720,0.7153,0.8904,0,3,0.3834,0.6424,6963,0
28892.02,upi,gateway_c,temporary_gateway_error,559,0.3647,0.9091,0,1,0.7035,0.4772,1265,1
53830.86,upi,gateway_c,suspected_fraud,189,0.5976,0.5674,0,4,0.4741,0.8659,2603,0
82089.1,credit_card,gateway_c,card_expired,213,0.786,0.7052,0,0,0.4921,0.7365,6953,0
59814.83,net_banking,gateway_c,suspected_fraud,73,0.0052,0.0578,0,0,0.9349,0.563,1855,0
73520.82,wallet,gateway_b,network_timeout,403,0.8639,0.742,0,0,0.7191,0.57,6492,0
81175.91,upi,gateway_a,rate_limit,72,0.0013,0.5283,0,4,0.3039,0.7027,7032,1
38216.01,wallet,gateway_b,card_expired,46,0.0269,0.5534,0,2,0.5361,0.5379,7055,0
60010.19,upi,gateway_a,network_timeout,266,0.6121,0.8997,1,3,0.4469,0.2867,1648,1
10359.17,net_banking,gateway_c,authentication_required,744,0.887,0.9266,1,0,0.4382,0.2597,4753,1
96238.29,wallet,gateway_a,temporary_gateway_error,394,0.3258,0.51,0,4,0.4549,0.4584,7054,1
38344.2,credit_card,gateway_a,temporary_gateway_error,860,0.1404,0.584,0,2,0.3086,0.3913,1228,1
81039.96,debit_card,gateway_c,insufficient_funds,726,0.9474,0.427,0,0,0.4519,0.4125,4791,0
46235.09,net_banking,gateway_c,network_timeout,243,0.9935,0.1156,0,3,0.8872,0.7564,5825,1
75699.31,net_banking,gateway_a,suspected_fraud,751,0.2716,0.1811,0,1,0.7016,0.7859,3455,0
26422.58,net_banking,gateway_b,suspected_fraud,489,0.3354,0.2349,1,4,0.4793,0.6003,2444,0
4572.47,debit_card,gateway_c,card_expired,649,0.5682,0.3375,0,4,0.7091,0.6754,6897,0
89648.37,wallet,gateway_b,card_expired,395,0.69,0.2299,0,3,0.3047,0.8689,2874,0
99775.96,debit_card,gateway_c,network_timeout,331,0.4588,0.8513,0,4,0.7659,0.2913,3244,1
67709.75,debit_card,gateway_b,temporary_gateway_error,153,0.2327,0.7114,0,3,0.799,0.7358,3038,1
72424.83,wallet,gateway_a,card_expired,352,0.7638,0.7283,0,1,0.8143,0.8995,4021,0
74452.94,wallet,gateway_b,suspected_fraud,859,0.9545,0.1931,0,4,0.6145,0.5995,4222,0
41799.84,wallet,gateway_b,temporary_gateway_error,724,0.1968,0.5346,1,0,0.6817,0.7148,3627,1
672.52,debit_card,gateway_b,card_expired,133,0.9731,0.9223,0,2,0.6055,0.683,1864,0
40339.23,credit_card,gateway_c,network_timeout,275,0.3249,0.163,0,1,0.4896,0.5877,3792,1
95602.83,net_banking,gateway_b,insufficient_funds,148,0.8839,0.7048,0,0,0.5407,0.2039,2695,0
40292.63,net_banking,gateway_b,suspected_fraud,553,0.0405,0.1737,0,2,0.851,0.6611,3703,0
6919.48,wallet,gateway_c,authentication_required,697,0.7156,0.2752,1,0,0.4497,0.3387,1408,1
65962.66,credit_card,gateway_c,card_expired,123,0.0269,0.3193,0,3,0.5121,0.3554,7119,0
60624.3,debit_card,gateway_b,rate_limit,787,0.3646,0.626,0,1,0.6983,0.4029,6095,0
46597.52,wallet,gateway_c,rate_limit,988,0.8791,0.197,0,4,0.6744,0.5598,4327,0
53816.83,net_banking,gateway_b,issuer_unavailable,67,0.4483,0.908,0,1,0.9188,0.7787,366,1
56286.72,credit_card,gateway_a,network_timeout,73,0.3204,0.6289,0,3,0.902,0.8429,2576,1
71015.24,debit_card,gateway_a,suspected_fraud,762,0.3924,0.6568,0,2,0.8031,0.2601,5327,0
93254.76,credit_card,gateway_a,card_expired,916,0.7974,0.1167,0,4,0.5579,0.387,1348,0
64653.3,credit_card,gateway_b,card_expired,985,0.6871,0.0792,0,1,0.6194,0.6618,4630,0
53179.02,upi,gateway_c,suspected_fraud,463,0.0726,0.7871,0,0,0.5708,0.396,2841,0
31207.59,net_banking,gateway_b,rate_limit,189,0.8694,0.9708,0,3,0.3332,0.2258,2354,1
73097.78,wallet,gateway_b,suspected_fraud,362,0.968,0.4288,0,3,0.4481,0.8199,3070,0
38965.82,net_banking,gateway_c,issuer_unavailable,904,0.6424,0.4883,0,3,0.6828,0.3995,6494,0
31476.28,credit_card,gateway_c,network_timeout,546,0.3398,0.4767,0,1,0.3258,0.3104,936,0
48947.12,upi,gateway_c,rate_limit,397,0.7084,0.1413,0,1,0.6353,0.7391,4723,0
18502.35,wallet,gateway_a,issuer_unavailable,109,0.1694,0.7835,0,4,0.5088,0.7882,6664,0
54881.65,wallet,gateway_b,temporary_gateway_error,163,0.0792,0.9572,0,2,0.5494,0.4653,2524,0
11994.22,credit_card,gateway_a,network_timeout,794,0.5494,0.1285,1,2,0.4826,0.2099,1614,1
85557.83,net_banking,gateway_c,network_timeout,901,0.3899,0.3194,0,0,0.6761,0.3783,5540,1
54254.08,upi,gateway_c,rate_limit,33,0.9594,0.5756,0,2,0.8355,0.7161,1522,1
65853.56,upi,gateway_b,network_timeout,839,0.2061,0.8776,0,1,0.3739,0.3385,695,1
74900.24,upi,gateway_b,rate_limit,203,0.9927,0.1615,0,4,0.8828,0.6535,6689,0
1065.34,credit_card,gateway_b,rate_limit,445,0.0895,0.3578,0,2,0.916,0.7733,6598,0
4931.91,credit_card,gateway_c,rate_limit,661,0.6423,0.3694,0,1,0.4679,0.4199,3522,1
95586.34,net_banking,gateway_a,temporary_gateway_error,548,0.7312,0.807,0,1,0.6375,0.6007,4703,1
95283.14,wallet,gateway_b,authentication_required,23,0.2128,0.1802,1,4,0.7187,0.3241,5626,0
46139.6,debit_card,gateway_b,issuer_unavailable,399,0.5214,0.4801,0,1,0.9358,0.552,3057,0
76904.85,upi,gateway_b,temporary_gateway_error,308,0.7904,0.2643,1,2,0.3152,0.8629,1157,0
10902.0,net_banking,gateway_a,issuer_unavailable,901,0.7438,0.3322,0,2,0.3168,0.5511,4765,0
44434.68,credit_card,gateway_c,authentication_required,542,0.7356,0.9645,1,3,0.7351,0.6085,6108,0
6030.35,upi,gateway_c,rate_limit,705,0.7163,0.5125,0,2,0.5539,0.2138,4842,1
46264.32,debit_card,gateway_c,authentication_required,183,0.1893,0.2302,1,2,0.8399,0.4681,5620,1
8804.22,credit_card,gateway_a,rate_limit,403,0.0455,0.3336,0,3,0.8759,0.2905,3654,1
38416.83,wallet,gateway_a,insufficient_funds,656,0.9761,0.5508,0,2,0.3382,0.2787,3830,1
67160.91,wallet,gateway_c,issuer_unavailable,312,0.2212,0.6831,0,0,0.5251,0.798,2154,0
29386.11,wallet,gateway_a,suspected_fraud,138,0.44,0.2958,0,4,0.7437,0.8343,263,0
94997.3,net_banking,gateway_b,temporary_gateway_error,94,0.3593,0.0087,0,2,0.3196,0.2127,6500,1
84708.53,debit_card,gateway_b,network_timeout,177,0.7906,0.5545,0,0,0.9984,0.6326,1049,1
90582.25,debit_card,gateway_c,temporary_gateway_error,825,0.8112,0.6162,0,3,0.7926,0.4831,2155,0
98454.03,wallet,gateway_a,temporary_gateway_error,522,0.5739,0.8973,0,3,0.3456,0.4258,5606,0
74249.08,net_banking,gateway_a,insufficient_funds,675,0.4153,0.4032,0,1,0.7794,0.7083,2115,0
74214.74,debit_card,gateway_b,authentication_required,124,0.1381,0.4173,1,1,0.9634,0.8313,397,1
50936.53,wallet,gateway_b,insufficient_funds,708,0.8869,0.577,0,3,0.6478,0.8645,18,0
3189.11,debit_card,gateway_c,insufficient_funds,917,0.3272,0.7048,0,0,0.3446,0.4695,1828,1
81996.27,net_banking,gateway_c,suspected_fraud,238,0.5282,0.0406,0,1,0.8554,0.7435,5485,0
42328.57,upi,gateway_a,insufficient_funds,992,0.6541,0.9352,0,3,0.8401,0.4575,3246,0
99193.75,upi,gateway_a,rate_limit,190,0.9353,0.4016,0,0,0.4858,0.8746,3806,0
99692.27,wallet,gateway_b,authentication_required,677,0.4517,0.8507,1,3,0.8841,0.5481,171,0
36925.45,debit_card,gateway_a,rate_limit,51,0.4238,0.4084,0,1,0.7089,0.4224,1780,0
57806.73,credit_card,gateway_c,network_timeout,177,0.5282,0.5525,0,0,0.6566,0.3267,3077,1
66646.5,debit_card,gateway_a,authentication_required,446,0.7793,0.426,1,1,0.4916,0.2317,1697,0
76934.26,wallet,gateway_b,network_timeout,449,0.1961,0.8635,0,2,0.8996,0.4752,2874,1
60042.94,debit_card,gateway_b,issuer_unavailable,169,0.6549,0.4382,0,3,0.8763,0.4777,1734,0
9277.53,upi,gateway_a,temporary_gateway_error,452,0.5077,0.4578,0,3,0.8507,0.6079,6559,1
28854.25,net_banking,gateway_b,card_expired,816,0.8568,0.2672,0,2,0.5971,0.8363,6111,0
34851.9,credit_card,gateway_b,authentication_required,574,0.3514,0.9421,1,3,0.4968,0.6444,1834,1
37809.2,net_banking,gateway_a,card_expired,979,0.6914,0.0522,0,3,0.9668,0.6788,634,0
87376.61,debit_card,gateway_b,insufficient_funds,217,0.7067,0.7633,0,2,0.4561,0.4653,3635,0
84676.76,net_banking,gateway_c,insufficient_funds,550,0.239,0.7129,0,4,0.5887,0.6444,1273,0
87612.13,debit_card,gateway_a,temporary_gateway_error,392,0.2711,0.1951,0,4,0.6384,0.356,2550,0
34008.58,net_banking,gateway_a,authentication_required,947,0.0306,0.1329,1,4,0.791,0.3755,4239,0
55453.52,debit_card,gateway_b,authentication_required,666,0.9728,0.4557,1,3,0.7046,0.4223,4667,1
20764.55,wallet,gateway_c,authentication_required,795,0.1466,0.8044,1,2,0.977,0.6802,1337,1
60401.71,net_banking,gateway_b,insufficient_funds,351,0.2607,0.7188,0,1,0.9134,0.3882,2356,1
10796.35,upi,gateway_a,insufficient_funds,291,0.5072,0.2864,0,0,0.6829,0.7878,5063,0
26199.51,upi,gateway_c,suspected_fraud,797,0.1969,0.2422,0,0,0.729,0.2272,5337,0
74659.26,upi,gateway_c,suspected_fraud,475,0.0173,0.1843,0,3,0.3234,0.2303,4999,0
54240.43,credit_card,gateway_c,card_expired,141,0.6482,0.7772,0,2,0.4914,0.2206,6829,0
6074.14,net_banking,gateway_b,rate_limit,372,0.298,0.2193,0,2,0.6748,0.8375,4746,1
38406.62,credit_card,gateway_c,rate_limit,663,0.5841,0.074,0,4,0.5513,0.6365,2196,0
95481.86,net_banking,gateway_b,insufficient_funds,204,0.6188,0.8289,0,0,0.9893,0.2987,2608,1
90058.03,wallet,gateway_c,insufficient_funds,981,0.8848,0.051,0,1,0.7561,0.476,3083,0
84569.91,upi,gateway_a,suspected_fraud,210,0.185,0.4404,1,1,0.5072,0.5901,4989,0
62323.63,credit_card,gateway_a,card_expired,319,0.2147,0.2288,0,0,0.4174,0.4539,4485,0
59768.36,upi,gateway_a,network_timeout,266,0.9327,0.4139,0,2,0.7587,0.6298,6512,0
83784.18,credit_card,gateway_c,temporary_gateway_error,684,0.36,0.2564,0,1,0.3993,0.3816,6776,0
16160.79,net_banking,gateway_a,suspected_fraud,818,0.5103,0.8485,0,1,0.7459,0.305,308,0
78014.93,credit_card,gateway_c,rate_limit,902,0.8389,0.9584,0,1,0.5788,0.8273,3197,0
76854.89,wallet,gateway_c,insufficient_funds,218,0.945,0.9471,0,2,0.6928,0.8609,6173,1
5644.81,wallet,gateway_a,issuer_unavailable,352,0.1353,0.4791,0,3,0.6915,0.8284,6855,1
77587.93,credit_card,gateway_a,insufficient_funds,709,0.5455,0.8153,0,0,0.9761,0.7038,4233,0
325.63,debit_card,gateway_b,temporary_gateway_error,256,0.7639,0.7099,0,2,0.4367,0.3845,4504,0
24574.26,upi,gateway_c,temporary_gateway_error,497,0.387,0.7295,0,4,0.7138,0.4554,4261,0
209.1,debit_card,gateway_c,card_expired,869,0.4294,0.4921,0,1,0.4192,0.4874,6028,0
93122.12,upi,gateway_c,suspected_fraud,225,0.7152,0.978,0,2,0.5753,0.7259,4984,0
93599.28,net_banking,gateway_a,card_expired,597,0.5771,0.3046,0,2,0.7524,0.3631,6350,0
93942.4,net_banking,gateway_b,rate_limit,173,0.1275,0.4129,0,1,0.597,0.5735,7060,1
98470.92,upi,gateway_a,issuer_unavailable,499,0.0088,0.2425,0,3,0.4473,0.6307,7122,1
12679.48,upi,gateway_b,rate_limit,823,0.9396,0.173,0,1,0.5374,0.2456,734,1
4555.87,wallet,gateway_a,card_expired,862,0.0775,0.529,0,1,0.4393,0.3258,6708,0
69948.26,net_banking,gateway_b,temporary_gateway_error,45,0.26,0.8399,0,1,0.5071,0.3821,4336,0
12773.93,net_banking,gateway_c,network_timeout,939,0.5824,0.3334,0,1,0.5634,0.6051,5223,0
94429.72,credit_card,gateway_a,suspected_fraud,369,0.4194,0.6985,0,4,0.7548,0.832,3169,0
25915.0,wallet,gateway_a,network_timeout,431,0.5538,0.0442,0,1,0.4978,0.3815,2329,1
60521.97,debit_card,gateway_b,rate_limit,592,0.2557,0.2064,0,4,0.659,0.5644,667,0
62429.0,wallet,gateway_a,authentication_required,975,0.8714,0.2147,1,3,0.5413,0.4741,1736,0
22312.28,debit_card,gateway_c,network_timeout,394,0.672,0.6881,0,4,0.575,0.8753,1457,0
54010.64,upi,gateway_a,network_timeout,94,0.8934,0.6255,0,3,0.5743,0.3783,3884,0
3490.56,upi,gateway_b,suspected_fraud,411,0.9286,0.3739,0,2,0.8612,0.6679,4493,0
92466.8,credit_card,gateway_c,temporary_gateway_error,906,0.5191,0.6247,0,2,0.4419,0.2154,3225,0
59351.52,debit_card,gateway_c,card_expired,314,0.3706,0.3978,0,4,0.9727,0.5,4589,0
60752.91,net_banking,gateway_a,card_expired,252,0.0629,0.8519,0,0,0.8684,0.4174,2984,0
92096.03,debit_card,gateway_a,issuer_unavailable,282,0.1376,0.6981,0,0,0.7589,0.3616,6836,1
60825.01,wallet,gateway_c,authentication_required,896,0.1102,0.9254,1,1,0.7679,0.461,3744,1
99460.37,wallet,gateway_a,temporary_gateway_error,377,0.9439,0.1677,0,3,0.5739,0.2366,526,1
73079.73,credit_card,gateway_b,network_timeout,837,0.6878,0.2005,0,3,0.8316,0.5972,1796,1
82768.2,credit_card,gateway_b,temporary_gateway_error,941,0.6659,0.9645,0,4,0.8118,0.4445,1401,1
97480.46,credit_card,gateway_c,insufficient_funds,732,0.2669,0.3715,0,4,0.948,0.425,5382,0
39395.06,upi,gateway_a,temporary_gateway_error,514,0.1057,0.1677,0,1,0.5446,0.3749,6588,0
45966.45,wallet,gateway_c,suspected_fraud,28,0.6881,0.4151,0,0,0.3017,0.4411,1999,0
21995.5,debit_card,gateway_b,network_timeout,475,0.7523,0.1194,0,2,0.5595,0.8792,4805,0
3206.0,debit_card,gateway_a,issuer_unavailable,322,0.2047,0.5473,0,0,0.5141,0.5,6267,1
6430.46,upi,gateway_c,temporary_gateway_error,940,0.8669,0.2142,0,0,0.861,0.533,4090,1
8120.0,net_banking,gateway_c,temporary_gateway_error,593,0.2127,0.6849,0,1,0.5802,0.7135,788,1
67216.71,upi,gateway_c,network_timeout,368,0.832,0.5107,0,3,0.3162,0.2355,1014,0
80778.38,wallet,gateway_c,insufficient_funds,215,0.5255,0.7961,0,4,0.9269,0.3125,831,1
48513.23,wallet,gateway_b,rate_limit,385,0.5537,0.9814,0,1,0.534,0.2819,5450,1
20675.57,upi,gateway_c,insufficient_funds,417,0.6357,0.5764,0,0,0.5864,0.4961,6022,0
10921.44,upi,gateway_c,network_timeout,326,0.1719,0.3859,0,1,0.6006,0.5962,4196,0
44826.21,upi,gateway_a,temporary_gateway_error,708,0.0609,0.5401,0,3,0.9879,0.757,5449,0
58867.27,credit_card,gateway_b,authentication_required,838,0.9324,0.8253,1,1,0.7988,0.8161,1360,0
50066.21,net_banking,gateway_b,suspected_fraud,644,0.2944,0.0888,0,3,0.8998,0.4337,6791,0
84299.25,debit_card,gateway_b,network_timeout,663,0.9667,0.3427,0,2,0.4638,0.8749,5689,1
2612.81,credit_card,gateway_b,network_timeout,885,0.6453,0.7631,0,1,0.859,0.8563,3027,1
30848.42,net_banking,gateway_a,rate_limit,335,0.4128,0.8637,1,0,0.776,0.2773,3124,0
9184.39,wallet,gateway_c,suspected_fraud,170,0.9741,0.1979,0,1,0.9248,0.659,6856,0
65586.46,wallet,gateway_b,temporary_gateway_error,665,0.8437,0.6532,0,0,0.6522,0.5657,2806,1
80207.01,upi,gateway_c,issuer_unavailable,428,0.0256,0.283,0,2,0.6145,0.3962,5714,0
17507.66,credit_card,gateway_b,temporary_gateway_error,831,0.5507,0.7736,0,2,0.3444,0.7595,6783,0
93177.06,debit_card,gateway_c,issuer_unavailable,416,0.8876,0.6051,0,0,0.94,0.5897,1148,1
77785.5,credit_card,gateway_c,suspected_fraud,178,0.5987,0.6811,0,1,0.4682,0.8624,4099,0
52928.57,debit_card,gateway_c,issuer_unavailable,511,0.96,0.394,0,3,0.414,0.5853,6687,1
36631.75,net_banking,gateway_c,insufficient_funds,969,0.4154,0.1362,0,0,0.7864,0.7242,5911,1
3898.19,net_banking,gateway_c,authentication_required,213,0.9323,0.7392,1,3,0.378,0.8642,1661,1
18345.14,debit_card,gateway_b,network_timeout,27,0.3141,0.9742,0,2,0.8222,0.5858,3631,0
60895.45,net_banking,gateway_b,rate_limit,657,0.7992,0.7102,0,4,0.7744,0.7159,1048,1
30540.69,wallet,gateway_b,suspected_fraud,259,0.8671,0.247,0,2,0.9286,0.5187,2649,0
62827.57,net_banking,gateway_c,network_timeout,945,0.8025,0.4002,0,1,0.3158,0.382,3777,0
58448.4,credit_card,gateway_a,temporary_gateway_error,374,0.5344,0.0019,0,2,0.3981,0.5065,2606,1
52503.79,net_banking,gateway_b,suspected_fraud,62,0.8715,0.4565,0,1,0.7621,0.6546,5565,0
53680.23,upi,gateway_c,temporary_gateway_error,69,0.299,0.9879,0,3,0.4557,0.7216,3016,1
15536.04,credit_card,gateway_a,card_expired,735,0.6428,0.0698,0,4,0.6998,0.6802,4564,0
93616.04,net_banking,gateway_a,card_expired,609,0.1961,0.6795,0,4,0.5116,0.8339,354,0
50915.07,wallet,gateway_a,card_expired,527,0.0052,0.6371,0,0,0.4822,0.4747,3447,0
28529.9,credit_card,gateway_b,network_timeout,990,0.0574,0.3194,0,4,0.7793,0.3734,2731,0
32299.97,net_banking,gateway_b,temporary_gateway_error,950,0.9797,0.1197,0,1,0.4308,0.5437,1497,1
27328.23,upi,gateway_b,card_expired,293,0.9921,0.9237,0,2,0.6198,0.6822,4727,0
6792.13,wallet,gateway_a,network_timeout,362,0.9855,0.1823,0,2,0.8442,0.6706,5249,0
13663.49,net_banking,gateway_b,rate_limit,616,0.7769,0.8655,0,3,0.8468,0.3796,917,1
50648.51,wallet,gateway_b,temporary_gateway_error,340,0.0114,0.0353,0,2,0.4048,0.451,3526,1
27703.15,credit_card,gateway_a,network_timeout,559,0.21,0.3437,0,0,0.39,0.2272,3024,1
71908.33,debit_card,gateway_b,network_timeout,148,0.787,0.7157,1,3,0.4365,0.2393,192,1
80284.32,credit_card,gateway_a,suspected_fraud,503,0.728,0.7507,0,2,0.9932,0.4515,6663,0
22413.05,debit_card,gateway_a,suspected_fraud,540,0.3784,0.4804,0,0,0.6762,0.4346,1973,0
949.62,net_banking,gateway_c,card_expired,667,0.1702,0.7245,0,3,0.7858,0.7996,2891,0
72297.16,upi,gateway_b,card_expired,426,0.789,0.8291,0,4,0.489,0.3163,1714,0
59594.38,credit_card,gateway_a,network_timeout,119,0.2699,0.6655,0,3,0.8585,0.8892,3034,0
10380.01,credit_card,gateway_a,authentication_required,970,0.6792,0.7525,1,0,0.4257,0.5139,4866,0
23809.82,wallet,gateway_a,issuer_unavailable,604,0.1571,0.9583,0,2,0.4618,0.6312,5232,0
81901.5,debit_card,gateway_c,insufficient_funds,888,0.8551,0.3308,0,2,0.7148,0.5342,4028,0
40943.84,credit_card,gateway_a,issuer_unavailable,194,0.2801,0.1278,0,1,0.6849,0.2166,5630,0
88054.88,wallet,gateway_c,issuer_unavailable,827,0.9922,0.5864,0,2,0.5193,0.8044,6832,0
89638.45,net_banking,gateway_a,network_timeout,396,0.4001,0.6401,0,4,0.9131,0.7049,6334,0
95038.95,credit_card,gateway_a,authentication_required,82,0.5556,0.0902,1,2,0.5731,0.2571,4090,0
17501.12,net_banking,gateway_b,issuer_unavailable,701,0.179,0.1374,0,4,0.8452,0.6178,4313,0
79752.39,upi,gateway_a,network_timeout,977,0.391,0.1499,0,3,0.683,0.329,4302,0
25396.24,wallet,gateway_a,temporary_gateway_error,222,0.2139,0.3874,0,2,0.3473,0.5311,4291,1
40411.66,upi,gateway_b,card_expired,656,0.5495,0.8748,1,0,0.3159,0.413,5573,0
17282.47,net_banking,gateway_b,temporary_gateway_error,501,0.7219,0.9373,0,0,0.6498,0.3071,177,1
77714.5,upi,gateway_b,issuer_unavailable,55,0.7836,0.7064,0,1,0.5755,0.2838,1762,1
32011.72,debit_card,gateway_c,authentication_required,191,0.1887,0.9015,1,0,0.5411,0.8634,5644,1
81371.18,upi,gateway_c,suspected_fraud,454,0.2346,0.3685,0,1,0.5839,0.5019,4469,0
22023.68,upi,gateway_a,rate_limit,871,0.7474,0.4103,0,1,0.5411,0.5082,50,1
96284.46,net_banking,gateway_c,issuer_unavailable,392,0.3506,0.6105,0,0,0.9731,0.7667,1017,0
1879.14,debit_card,gateway_b,suspected_fraud,448,0.9336,0.1383,0,1,0.8355,0.7501,496,0
72356.5,credit_card,gateway_b,suspected_fraud,460,0.1579,0.2951,0,2,0.9788,0.5323,2373,0
65089.45,net_banking,gateway_b,network_timeout,22,0.6185,0.2438,0,1,0.6902,0.4581,5086,1
32004.67,upi,gateway_c,suspected_fraud,915,0.5343,0.866,0,4,0.3396,0.4087,5958,0
91894.34,credit_card,gateway_c,temporary_gateway_error,723,0.6251,0.5325,0,1,0.8786,0.6178,4599,0
97678.5,debit_card,gateway_a,authentication_required,51,0.3866,0.882,1,4,0.3989,0.4558,1299,0
83628.34,wallet,gateway_a,card_expired,475,0.973,0.6423,0,0,0.6423,0.2208,1771,1
11917.53,net_banking,gateway_c,card_expired,557,0.696,0.0322,0,4,0.9228,0.4095,4926,0
65098.44,wallet,gateway_a,network_timeout,404,0.7111,0.8162,0,1,0.936,0.5399,7149,0
76116.96,upi,gateway_a,network_timeout,831,0.0232,0.0791,0,2,0.5788,0.8213,6607,0
90074.45,debit_card,gateway_a,temporary_gateway_error,570,0.3605,0.0444,0,1,0.5554,0.6251,1003,1
26554.39,credit_card,gateway_a,temporary_gateway_error,420,0.9923,0.393,0,1,0.9437,0.7507,4184,0
63690.7,wallet,gateway_a,issuer_unavailable,996,0.0333,0.8348,0,2,0.6347,0.7514,6601,1
35928.65,net_banking,gateway_a,issuer_unavailable,604,0.6756,0.3471,0,0,0.7648,0.6738,2316,0
81869.89,credit_card,gateway_b,authentication_required,695,0.0305,0.3356,1,3,0.5524,0.2822,3360,1
9398.41,credit_card,gateway_b,suspected_fraud,281,0.82,0.5266,0,4,0.6791,0.2921,4768,0
60035.26,debit_card,gateway_c,temporary_gateway_error,472,0.3876,0.5566,0,1,0.6641,0.5363,2262,0
72934.17,net_banking,gateway_b,authentication_required,217,0.4491,0.8112,1,4,0.989,0.4554,2747,0
43423.01,upi,gateway_b,card_expired,849,0.1553,0.5677,0,4,0.7264,0.872,6129,0
86004.65,debit_card,gateway_b,suspected_fraud,960,0.2572,0.6102,0,1,0.3655,0.7139,4677,0
2683.65,upi,gateway_b,temporary_gateway_error,702,0.496,0.6253,0,4,0.6048,0.8608,1050,1
5079.37,net_banking,gateway_c,temporary_gateway_error,724,0.2384,0.4515,0,1,0.5419,0.4451,812,1
47054.75,wallet,gateway_a,network_timeout,917,0.4616,0.1075,0,1,0.5278,0.8061,2934,0
49173.83,upi,gateway_a,suspected_fraud,409,0.6122,0.1246,0,3,0.4198,0.674,2182,0
90270.55,credit_card,gateway_c,issuer_unavailable,998,0.4876,0.4954,0,1,0.5989,0.2699,260,1
75387.96,wallet,gateway_a,rate_limit,986,0.746,0.6081,0,2,0.6248,0.4048,4746,1
48718.97,debit_card,gateway_a,rate_limit,163,0.5654,0.2453,0,3,0.4138,0.8737,3593,1
3016.74,debit_card,gateway_c,issuer_unavailable,847,0.6258,0.4164,0,1,0.9618,0.4666,5365,1
735.56,credit_card,gateway_c,insufficient_funds,749,0.9814,0.9928,0,3,0.9844,0.4295,1167,1
5000.01,net_banking,gateway_c,temporary_gateway_error,830,0.9973,0.7751,0,1,0.3461,0.7549,2810,1
11684.69,wallet,gateway_a,card_expired,319,0.3607,0.6833,0,3,0.5068,0.5455,6920,0
37462.95,debit_card,gateway_a,card_expired,602,0.4708,0.3645,0,0,0.4692,0.44,5966,0
82557.15,net_banking,gateway_a,suspected_fraud,225,0.5393,0.9,0,3,0.9894,0.2791,3095,0
15164.27,wallet,gateway_a,network_timeout,720,0.4697,0.8529,0,1,0.3451,0.7298,6282,0
60127.52,net_banking,gateway_a,temporary_gateway_error,64,0.856,0.0464,0,4,0.9648,0.8943,6667,1
48845.65,credit_card,gateway_a,temporary_gateway_error,120,0.8725,0.5605,0,0,0.5837,0.8063,572,1
16074.73,credit_card,gateway_b,temporary_gateway_error,404,0.1014,0.934,0,2,0.8516,0.4579,682,1
1435.88,upi,gateway_c,card_expired,476,0.8438,0.9281,0,4,0.4588,0.5921,4626,0
17255.04,upi,gateway_a,suspected_fraud,943,0.8869,0.3369,0,0,0.8183,0.3977,687,0
47033.7,net_banking,gateway_c,issuer_unavailable,540,0.5205,0.0594,0,4,0.7367,0.233,4329,0
65702.4,net_banking,gateway_a,temporary_gateway_error,832,0.4207,0.5483,0,3,0.3377,0.203,2247,0
63062.44,debit_card,gateway_a,issuer_unavailable,586,0.3996,0.8335,0,3,0.8437,0.5549,163,1
68637.96,net_banking,gateway_a,rate_limit,324,0.983,0.6487,0,3,0.4955,0.5129,503,0
76326.99,upi,gateway_a,authentication_required,277,0.7022,0.8166,1,4,0.8396,0.822,5509,1
96870.95,net_banking,gateway_b,temporary_gateway_error,582,0.2173,0.9988,0,0,0.4204,0.5252,2416,1
92805.54,upi,gateway_a,suspected_fraud,489,0.5146,0.8867,0,1,0.309,0.6406,1726,0
21196.57,upi,gateway_a,issuer_unavailable,747,0.6695,0.565,0,0,0.7676,0.6653,5647,0
46445.77,upi,gateway_c,insufficient_funds,716,0.6105,0.49,0,1,0.7522,0.4396,5054,0
96195.33,debit_card,gateway_b,temporary_gateway_error,863,0.561,0.4017,0,3,0.9831,0.2386,3800,1
20407.59,upi,gateway_a,issuer_unavailable,612,0.7814,0.1381,0,1,0.8837,0.5474,4959,1
45506.26,upi,gateway_c,card_expired,777,0.5556,0.2794,0,1,0.4243,0.5942,3728,0
29950.46,net_banking,gateway_b,authentication_required,717,0.2826,0.5427,1,3,0.4732,0.4435,3792,0
80122.6,debit_card,gateway_b,issuer_unavailable,674,0.5326,0.1375,0,0,0.7108,0.8814,1288,0
27445.29,credit_card,gateway_a,issuer_unavailable,174,0.9757,0.2356,0,4,0.6893,0.3581,4470,0
2034.97,credit_card,gateway_c,suspected_fraud,100,0.3649,0.975,0,4,0.525,0.7035,5434,0
99906.04,debit_card,gateway_a,authentication_required,646,0.7486,0.2522,1,4,0.6577,0.8695,4630,0
94692.29,debit_card,gateway_a,authentication_required,888,0.5904,0.0821,1,0,0.3538,0.2756,1157,0
69116.37,debit_card,gateway_c,insufficient_funds,644,0.6311,0.2067,0,4,0.6993,0.3303,4504,0
59160.88,credit_card,gateway_a,temporary_gateway_error,447,0.2503,0.8074,0,2,0.9192,0.4524,6718,1
91641.15,credit_card,gateway_c,suspected_fraud,635,0.0318,0.511,0,4,0.6563,0.258,4131,0
54194.29,debit_card,gateway_a,temporary_gateway_error,646,0.9623,0.4938,0,4,0.9002,0.3651,2555,0
98606.43,credit_card,gateway_c,network_timeout,955,0.4422,0.5239,0,0,0.7721,0.689,1980,1
91926.68,credit_card,gateway_a,authentication_required,132,0.6292,0.1031,1,3,0.3144,0.4544,1052,0
67486.46,upi,gateway_b,network_timeout,682,0.1402,0.0573,0,4,0.6897,0.372,4703,0
63267.95,credit_card,gateway_b,issuer_unavailable,138,0.6544,0.4177,0,3,0.6886,0.3014,375,0
7450.97,credit_card,gateway_a,insufficient_funds,719,0.0635,0.2245,0,4,0.8979,0.4283,5830,0
13784.85,net_banking,gateway_c,suspected_fraud,730,0.0975,0.9133,0,4,0.6393,0.327,3552,0
54140.27,net_banking,gateway_a,rate_limit,539,0.1952,0.6904,0,4,0.9606,0.5548,1316,0
36703.97,wallet,gateway_b,authentication_required,945,0.6949,0.6331,1,2,0.3362,0.5064,1688,1
59573.14,credit_card,gateway_c,rate_limit,730,0.1679,0.7325,0,4,0.8493,0.6905,5351,1
94931.77,debit_card,gateway_b,temporary_gateway_error,668,0.789,0.9687,0,3,0.7514,0.2171,2316,1
61083.29,wallet,gateway_c,rate_limit,309,0.7241,0.146,0,4,0.9044,0.5485,726,0
20100.61,upi,gateway_a,temporary_gateway_error,468,0.8497,0.801,0,2,0.8998,0.7738,4849,1
93123.83,credit_card,gateway_b,insufficient_funds,408,0.361,0.7595,0,2,0.3532,0.7185,6011,0
92388.06,wallet,gateway_c,suspected_fraud,874,0.2789,0.9666,0,2,0.5815,0.2765,3848,0
40459.26,net_banking,gateway_a,network_timeout,418,0.5733,0.0278,0,4,0.3986,0.2038,2087,0
9621.13,wallet,gateway_a,rate_limit,169,0.4479,0.1857,0,3,0.6848,0.468,417,0
15400.6,upi,gateway_a,network_timeout,236,0.0648,0.1153,0,0,0.5149,0.289,2014,0
78996.08,wallet,gateway_b,authentication_required,620,0.8132,0.4042,1,0,0.859,0.2012,6189,1
8714.67,debit_card,gateway_b,network_timeout,850,0.0079,0.7302,0,0,0.5599,0.6241,3471,0
25145.07,debit_card,gateway_b,temporary_gateway_error,615,0.9399,0.2984,0,3,0.4234,0.2539,7152,0
18125.28,credit_card,gateway_b,rate_limit,630,0.6595,0.5104,0,0,0.7504,0.7624,4149,0
89433.84,net_banking,gateway_b,network_timeout,842,0.1332,0.9567,0,1,0.3141,0.6228,2310,1
52507.52,net_banking,gateway_c,suspected_fraud,95,0.2447,0.8825,1,0,0.5044,0.5168,5304,0
65230.85,debit_card,gateway_b,suspected_fraud,700,0.0851,0.3739,0,0,0.6812,0.7444,5196,0
65783.18,credit_card,gateway_c,insufficient_funds,700,0.8145,0.181,0,1,0.4566,0.5618,4758,0
37618.78,debit_card,gateway_b,insufficient_funds,232,0.9029,0.2368,0,1,0.3315,0.3341,253,0
28745.72,credit_card,gateway_c,card_expired,77,0.4037,0.0486,0,0,0.8119,0.357,4957,0
5759.36,net_banking,gateway_a,authentication_required,452,0.7678,0.3109,1,2,0.7407,0.2388,2747,0
2764.53,credit_card,gateway_c,issuer_unavailable,25,0.3996,0.8843,0,4,0.6736,0.5141,6567,0
90961.17,credit_card,gateway_b,insufficient_funds,506,0.4551,0.5152,0,0,0.7969,0.6975,1616,0
17122.51,credit_card,gateway_b,insufficient_funds,482,0.8505,0.9651,0,4,0.4292,0.6476,1527,1
83497.71,upi,gateway_b,authentication_required,402,0.3785,0.0361,1,3,0.7887,0.4523,1829,1
9595.83,credit_card,gateway_c,insufficient_funds,666,0.6126,0.5185,0,0,0.6504,0.242,1102,0
42410.67,credit_card,gateway_b,rate_limit,20,0.7862,0.1662,0,4,0.8746,0.6596,316,1
35832.03,debit_card,gateway_a,rate_limit,832,0.862,0.1753,0,4,0.3858,0.6525,1710,1
86613.18,debit_card,gateway_a,issuer_unavailable,754,0.7738,0.0392,0,0,0.6527,0.2074,4138,0
82532.83,upi,gateway_b,issuer_unavailable,663,0.7967,0.6929,0,0,0.4415,0.6988,1623,1
70883.39,upi,gateway_a,authentication_required,557,0.7877,0.3189,1,4,0.3754,0.6438,6185,0
32750.78,debit_card,gateway_b,network_timeout,319,0.5643,0.4129,0,3,0.4433,0.5739,6418,0
9661.66,credit_card,gateway_a,rate_limit,973,0.6645,0.0336,0,2,0.3526,0.6765,3662,0
87782.46,debit_card,gateway_a,temporary_gateway_error,305,0.2846,0.2728,0,1,0.9322,0.3605,5084,0
30937.09,upi,gateway_a,issuer_unavailable,54,0.8189,0.2411,0,0,0.3031,0.896,3952,0
68066.1,upi,gateway_b,card_expired,487,0.7446,0.1343,0,0,0.6218,0.5153,2416,0
1647.67,wallet,gateway_b,temporary_gateway_error,29,0.3734,0.6204,0,0,0.8059,0.2658,3839,0
64277.3,debit_card,gateway_c,authentication_required,128,0.7095,0.8405,1,0,0.3881,0.3967,758,1
59878.57,wallet,gateway_c,issuer_unavailable,616,0.959,0.832,0,3,0.5344,0.4042,2444,1
14086.37,debit_card,gateway_b,rate_limit,369,0.4467,0.3093,0,0,0.6366,0.7045,2688,0
3761.87,debit_card,gateway_c,authentication_required,318,0.1571,0.3958,1,1,0.4267,0.4232,7052,0
4488.42,upi,gateway_a,temporary_gateway_error,178,0.9352,0.1032,0,2,0.4858,0.7076,5705,1
31251.02,debit_card,gateway_a,suspected_fraud,997,0.2146,0.1292,0,0,0.9155,0.6553,1166,0
72627.3,net_banking,gateway_c,issuer_unavailable,128,0.9995,0.9419,0,4,0.666,0.5754,4481,1
62414.58,upi,gateway_b,network_timeout,666,0.3321,0.4713,0,1,0.9735,0.6938,3084,1
69060.99,credit_card,gateway_c,rate_limit,424,0.8395,0.173,1,4,0.8152,0.8802,2794,0
81300.45,upi,gateway_b,temporary_gateway_error,88,0.5723,0.9243,0,1,0.4545,0.2739,6913,1
31196.79,wallet,gateway_b,authentication_required,804,0.1692,0.7456,1,1,0.4225,0.7027,4011,0
22624.22,upi,gateway_b,insufficient_funds,149,0.9573,0.6558,0,2,0.8806,0.3137,5018,0
10428.65,net_banking,gateway_a,rate_limit,167,0.634,0.8687,0,3,0.9793,0.2977,260,1
77126.2,wallet,gateway_b,insufficient_funds,938,0.8066,0.6517,0,3,0.9631,0.8024,2353,0
29839.67,debit_card,gateway_c,issuer_unavailable,339,0.8607,0.0105,0,3,0.6798,0.5153,6789,1
22526.2,credit_card,gateway_a,temporary_gateway_error,108,0.1267,0.1635,0,1,0.9651,0.2867,79,1
10746.14,wallet,gateway_b,suspected_fraud,494,0.8448,0.557,0,1,0.7769,0.4535,5296,0
82556.75,credit_card,gateway_c,suspected_fraud,335,0.1378,0.5186,0,3,0.3393,0.4919,61,0
89765.09,upi,gateway_a,temporary_gateway_error,63,0.3401,0.3513,0,1,0.8534,0.4225,3511,0
56116.41,credit_card,gateway_b,network_timeout,387,0.5392,0.1077,0,4,0.8785,0.8249,6525,1
31859.12,upi,gateway_c,insufficient_funds,890,0.1894,0.2199,0,2,0.8127,0.3877,640,0
61000.18,wallet,gateway_c,authentication_required,228,0.0492,0.0446,1,3,0.7059,0.4438,639,1
94863.3,debit_card,gateway_c,authentication_required,136,0.3048,0.4715,1,3,0.9447,0.2694,3,0
80925.48,net_banking,gateway_c,suspected_fraud,659,0.7694,0.4212,0,3,0.6979,0.5581,5052,0
35913.87,debit_card,gateway_c,suspected_fraud,29,0.4174,0.0028,0,0,0.6935,0.6855,5069,1
69876.4,credit_card,gateway_b,issuer_unavailable,807,0.7177,0.663,0,3,0.8071,0.7166,5325,1
36175.88,credit_card,gateway_b,insufficient_funds,537,0.7626,0.3347,0,4,0.4745,0.7746,5627,0
40167.45,debit_card,gateway_c,authentication_required,313,0.0034,0.2355,1,3,0.5195,0.7499,2431,1
3847.79,debit_card,gateway_b,card_expired,932,0.7902,0.9822,0,4,0.7841,0.4146,2274,0
37651.17,upi,gateway_c,network_timeout,916,0.8367,0.9664,0,0,0.5106,0.497,1752,1
79066.0,debit_card,gateway_b,network_timeout,239,0.6965,0.8518,0,1,0.4315,0.294,2550,0
4727.32,upi,gateway_c,network_timeout,985,0.6713,0.8442,0,3,0.4397,0.3296,6880,0
49952.05,wallet,gateway_b,network_timeout,143,0.3052,0.7542,0,4,0.3429,0.666,2503,0
58351.45,upi,gateway_c,card_expired,988,0.245,0.573,0,4,0.9084,0.6235,3954,0
70350.6,credit_card,gateway_a,insufficient_funds,149,0.0266,0.4885,0,2,0.7986,0.794,7194,0
97429.47,upi,gateway_a,network_timeout,429,0.8073,0.526,0,4,0.4526,0.2021,4179,1
37155.03,credit_card,gateway_a,insufficient_funds,891,0.3879,0.8452,0,3,0.4321,0.8519,54,0
31080.99,wallet,gateway_a,rate_limit,722,0.772,0.9757,1,4,0.5741,0.7866,6857,0
36001.85,upi,gateway_a,temporary_gateway_error,832,0.264,0.4922,0,4,0.6301,0.6762,5346,0
67446.93,net_banking,gateway_c,issuer_unavailable,715,0.8233,0.5407,0,3,0.354,0.3533,4894,0
49854.61,upi,gateway_a,issuer_unavailable,988,0.2352,0.0196,0,0,0.8081,0.7431,1760,0
52222.02,debit_card,gateway_b,issuer_unavailable,34,0.6818,0.6143,1,4,0.8344,0.4158,5883,0
14403.71,net_banking,gateway_c,card_expired,209,0.6832,0.9336,0,2,0.7527,0.5084,4088,0
90035.2,debit_card,gateway_c,insufficient_funds,809,0.9274,0.1528,0,4,0.4469,0.3407,4210,0
64754.03,net_banking,gateway_b,insufficient_funds,281,0.5068,0.0231,0,3,0.5168,0.876,3731,0
1882.45,credit_card,gateway_b,rate_limit,731,0.1715,0.1878,0,2,0.7316,0.54,1901,1
42643.3,net_banking,gateway_c,authentication_required,619,0.0039,0.6264,1,3,0.6461,0.4084,2036,0
91294.67,debit_card,gateway_b,network_timeout,920,0.421,0.304,0,0,0.7332,0.5813,7124,1
8472.17,wallet,gateway_a,rate_limit,66,0.2749,0.4758,0,1,0.4383,0.4605,5689,0
17531.75,upi,gateway_c,card_expired,408,0.6259,0.9732,0,0,0.7935,0.3756,116,0
20041.54,debit_card,gateway_a,temporary_gateway_error,479,0.2552,0.2358,0,0,0.8845,0.4784,5525,1
43434.77,upi,gateway_c,insufficient_funds,213,0.8961,0.9741,0,1,0.752,0.383,5730,0
7033.71,credit_card,gateway_a,network_timeout,994,0.6364,0.2532,0,1,0.6071,0.8303,6841,0
69631.3,debit_card,gateway_c,issuer_unavailable,667,0.7712,0.3659,0,4,0.7316,0.7426,1231,0
8567.34,upi,gateway_b,issuer_unavailable,36,0.7821,0.5494,0,1,0.5852,0.8434,1172,1
65381.39,credit_card,gateway_a,rate_limit,603,0.952,0.9065,0,0,0.6363,0.8273,137,1
65283.55,wallet,gateway_a,rate_limit,127,0.5093,0.6956,0,4,0.802,0.3099,2481,1
77576.54,net_banking,gateway_a,network_timeout,528,0.9569,0.9253,0,4,0.8411,0.3702,1154,0
39469.89,upi,gateway_a,issuer_unavailable,565,0.5328,0.9247,0,1,0.3219,0.7384,6683,0
7399.41,debit_card,gateway_c,network_timeout,809,0.8429,0.3363,0,1,0.4344,0.6403,5828,1
83160.88,credit_card,gateway_c,card_expired,338,0.9344,0.5689,0,3,0.5805,0.7726,3048,0
42166.31,net_banking,gateway_a,insufficient_funds,276,0.0869,0.7767,0,2,0.6285,0.5018,3666,0
97208.17,net_banking,gateway_b,network_timeout,156,0.5735,0.0632,0,2,0.5999,0.7616,4438,1
47302.83,debit_card,gateway_a,card_expired,89,0.8979,0.731,0,1,0.8541,0.5023,6297,0
93415.06,debit_card,gateway_c,insufficient_funds,951,0.7679,0.2044,0,0,0.3993,0.6089,6335,0
67770.46,debit_card,gateway_b,network_timeout,961,0.7776,0.4862,0,2,0.7047,0.5476,6536,0
6467.18,debit_card,gateway_a,rate_limit,858,0.6073,0.1649,0,3,0.7441,0.6453,7128,1
89289.01,wallet,gateway_c,rate_limit,557,0.3094,0.6981,0,4,0.9839,0.6458,5660,1
81650.09,upi,gateway_a,suspected_fraud,280,0.2314,0.7248,0,1,0.4006,0.435,5880,0
75956.99,net_banking,gateway_c,card_expired,467,0.478,0.132,0,2,0.8445,0.3562,7145,0
3114.64,debit_card,gateway_a,authentication_required,196,0.1026,0.1959,1,3,0.505,0.7299,5729,0
48592.35,upi,gateway_a,network_timeout,755,0.0971,0.4282,0,2,0.87,0.7938,5984,0
82805.14,upi,gateway_c,authentication_required,876,0.4805,0.9857,1,3,0.6573,0.2485,6299,1
11204.31,net_banking,gateway_b,temporary_gateway_error,480,0.6049,0.8783,0,0,0.5854,0.2996,5503,1
56175.32,credit_card,gateway_b,rate_limit,982,0.5503,0.6456,0,0,0.6045,0.5483,5979,1
29646.22,net_banking,gateway_a,issuer_unavailable,517,0.7666,0.0176,0,0,0.4956,0.2243,1248,1
99852.42,wallet,gateway_a,insufficient_funds,726,0.6119,0.777,0,2,0.3247,0.6966,3739,0
46400.21,debit_card,gateway_b,authentication_required,374,0.3905,0.7214,1,3,0.9588,0.7528,2724,1
77308.46,wallet,gateway_c,authentication_required,526,0.4968,0.8355,1,3,0.4116,0.419,3058,1
17969.45,net_banking,gateway_c,suspected_fraud,652,0.466,0.8397,0,3,0.9303,0.3297,6695,0
82348.1,debit_card,gateway_a,insufficient_funds,643,0.2941,0.2491,0,2,0.8573,0.2234,5766,0
58599.64,upi,gateway_c,network_timeout,166,0.3353,0.8856,0,1,0.6393,0.5255,5358,1
25055.23,debit_card,gateway_c,authentication_required,990,0.869,0.7378,1,0,0.3212,0.3228,987,0
52355.29,wallet,gateway_c,issuer_unavailable,970,0.1466,0.5592,0,0,0.9581,0.8078,2206,1
59491.3,debit_card,gateway_a,card_expired,80,0.5501,0.5845,0,1,0.4604,0.855,2110,0
30227.3,upi,gateway_a,insufficient_funds,709,0.1014,0.0716,0,0,0.4855,0.4485,5232,0
18396.39,credit_card,gateway_b,suspected_fraud,441,0.2821,0.649,0,1,0.7278,0.5034,3790,0
31357.84,credit_card,gateway_a,insufficient_funds,691,0.3296,0.0785,0,0,0.3854,0.7072,5123,0
24498.98,net_banking,gateway_c,insufficient_funds,809,0.2144,0.9058,0,1,0.8595,0.5545,394,0
60702.34,upi,gateway_a,network_timeout,730,0.896,0.2729,0,0,0.7724,0.5451,4942,1
30070.98,net_banking,gateway_a,insufficient_funds,224,0.5458,0.2676,1,0,0.7865,0.8812,371,0
81826.51,credit_card,gateway_b,suspected_fraud,276,0.9956,0.5633,0,3,0.5348,0.7456,3571,0
76756.96,wallet,gateway_c,network_timeout,864,0.895,0.2298,0,3,0.5642,0.2423,6120,1
87019.26,debit_card,gateway_a,temporary_gateway_error,475,0.6835,0.9621,0,1,0.3159,0.2729,5481,1
40358.42,debit_card,gateway_b,authentication_required,487,0.2453,0.0662,1,3,0.3166,0.7666,4878,0
59636.46,net_banking,gateway_a,issuer_unavailable,664,0.6522,0.9317,0,4,0.732,0.762,3072,1
65322.35,upi,gateway_a,network_timeout,723,0.3688,0.2956,0,1,0.9435,0.8272,4016,1
78900.5,debit_card,gateway_b,network_timeout,731,0.5053,0.389,0,4,0.7322,0.4638,5653,0
92930.96,net_banking,gateway_c,temporary_gateway_error,485,0.4546,0.9372,0,3,0.8732,0.5237,6918,1
93835.92,debit_card,gateway_c,temporary_gateway_error,376,0.7567,0.923,0,0,0.6885,0.5443,6824,0
18834.27,debit_card,gateway_c,issuer_unavailable,964,0.6892,0.5363,0,2,0.961,0.622,3695,1
88625.89,upi,gateway_c,temporary_gateway_error,915,0.4001,0.6081,0,3,0.4539,0.572,3248,0
27284.62,debit_card,gateway_b,temporary_gateway_error,168,0.1395,0.7115,0,1,0.9992,0.3819,849,0
71535.51,net_banking,gateway_b,authentication_required,570,0.1808,0.8471,1,0,0.5448,0.7347,5962,1
80302.15,wallet,gateway_b,network_timeout,60,0.8793,0.9686,0,1,0.8652,0.6532,863,1
56600.11,wallet,gateway_b,temporary_gateway_error,856,0.6701,0.2885,0,1,0.6617,0.4825,4111,1
43136.84,net_banking,gateway_b,card_expired,936,0.9651,0.7676,0,3,0.3143,0.7785,5155,0
37838.23,wallet,gateway_b,temporary_gateway_error,278,0.9951,0.5307,0,1,0.6629,0.519,6560,1
96469.56,wallet,gateway_a,insufficient_funds,342,0.7386,0.2854,0,2,0.9205,0.5141,5795,0
13428.38,debit_card,gateway_a,rate_limit,377,0.872,0.4188,0,4,0.4509,0.3794,5322,0
41521.65,credit_card,gateway_a,insufficient_funds,585,0.2303,0.281,0,0,0.929,0.5021,2485,0
96415.16,debit_card,gateway_b,authentication_required,135,0.8719,0.3272,1,3,0.5207,0.258,6887,0
75323.68,debit_card,gateway_a,temporary_gateway_error,664,0.6865,0.1935,0,0,0.9991,0.7122,2241,1
58972.24,wallet,gateway_c,authentication_required,562,0.2373,0.6781,1,4,0.3302,0.7712,2697,1
15756.42,net_banking,gateway_c,rate_limit,444,0.8591,0.0944,0,4,0.9073,0.3209,4411,0
42921.53,upi,gateway_a,network_timeout,374,0.3856,0.52,0,3,0.7564,0.5487,3060,1
44351.87,debit_card,gateway_c,suspected_fraud,676,0.9008,0.5504,0,4,0.9681,0.4206,555,0
8558.54,debit_card,gateway_c,temporary_gateway_error,795,0.2405,0.2827,0,1,0.8467,0.8509,7020,0
47955.5,wallet,gateway_a,authentication_required,187,0.3269,0.2925,1,1,0.318,0.2994,5164,0
4924.36,credit_card,gateway_a,authentication_required,127,0.6907,0.1393,1,1,0.4612,0.7256,1053,1
90595.75,credit_card,gateway_a,temporary_gateway_error,879,0.1848,0.2653,0,0,0.475,0.852,5181,0
992.93,upi,gateway_a,card_expired,886,0.7278,0.7879,0,1,0.8632,0.8696,5102,0
42597.14,upi,gateway_c,issuer_unavailable,707,0.9208,0.5998,0,4,0.7334,0.8052,126,1
94010.69,debit_card,gateway_b,issuer_unavailable,512,0.2207,0.3537,0,2,0.7626,0.6145,844,0
1765.54,net_banking,gateway_a,network_timeout,191,0.1656,0.098,0,1,0.7677,0.3249,865,1
50889.51,credit_card,gateway_c,insufficient_funds,653,0.8119,0.1286,0,4,0.5187,0.2558,5572,0
88732.47,credit_card,gateway_c,suspected_fraud,389,0.5233,0.7687,0,1,0.3537,0.5366,4674,0
29404.75,debit_card,gateway_c,issuer_unavailable,723,0.6741,0.7471,0,1,0.3381,0.778,7157,0
43941.83,upi,gateway_a,network_timeout,762,0.7399,0.1372,0,4,0.6504,0.6516,565,0
23762.12,upi,gateway_c,network_timeout,501,0.2502,0.5287,0,0,0.4681,0.34,5620,1
23011.13,credit_card,gateway_c,card_expired,366,0.4876,0.2694,0,3,0.6806,0.4008,6325,0
56165.62,credit_card,gateway_b,issuer_unavailable,690,0.0497,0.1855,0,3,0.9709,0.3426,2302,1
13530.75,debit_card,gateway_b,suspected_fraud,144,0.4075,0.3064,0,1,0.6512,0.254,4351,0
96141.94,debit_card,gateway_c,card_expired,933,0.4341,0.2286,0,1,0.4145,0.5861,2601,0
72955.21,wallet,gateway_c,authentication_required,879,0.7347,0.6422,1,1,0.9913,0.8714,3601,0
57798.2,net_banking,gateway_b,network_timeout,274,0.8754,0.0108,0,4,0.7103,0.5926,2907,1
22310.66,credit_card,gateway_a,suspected_fraud,362,0.0141,0.6925,0,3,0.5344,0.5583,2530,0
34138.64,credit_card,gateway_a,rate_limit,698,0.0442,0.83,0,4,0.9696,0.4891,4375,0
3641.15,credit_card,gateway_a,network_timeout,259,0.4781,0.5077,0,2,0.4268,0.4283,4412,1
51705.59,net_banking,gateway_a,issuer_unavailable,742,0.0572,0.4254,0,0,0.5929,0.2283,386,1
15835.59,upi,gateway_c,temporary_gateway_error,528,0.9227,0.2004,0,4,0.6222,0.8178,5942,1
92339.02,net_banking,gateway_b,insufficient_funds,188,0.8007,0.6315,0,1,0.6039,0.2902,1229,0
6641.79,credit_card,gateway_a,card_expired,901,0.3008,0.597,0,1,0.4347,0.5212,4671,0
25244.89,debit_card,gateway_a,issuer_unavailable,157,0.7061,0.1683,0,3,0.6181,0.6918,2426,0
68010.59,wallet,gateway_c,card_expired,842,0.7164,0.1486,0,4,0.7009,0.3157,5664,0
41678.09,net_banking,gateway_b,suspected_fraud,683,0.3724,0.5128,0,0,0.353,0.7737,1117,0
74973.68,wallet,gateway_b,temporary_gateway_error,774,0.5091,0.8155,0,4,0.3739,0.6557,5197,1
69320.75,credit_card,gateway_a,card_expired,838,0.1588,0.0741,0,3,0.3246,0.7047,952,0
54038.53,upi,gateway_b,issuer_unavailable,350,0.2385,0.7552,0,1,0.4917,0.3875,2313,1
2662.53,debit_card,gateway_b,insufficient_funds,793,0.2559,0.6902,0,1,0.9723,0.4571,6030,1
2228.1,net_banking,gateway_c,authentication_required,238,0.0533,0.8981,1,3,0.6449,0.4968,38,0
87382.17,debit_card,gateway_a,authentication_required,740,0.4323,0.358,1,0,0.8299,0.4793,5875,1
8262.55,credit_card,gateway_a,card_expired,72,0.0244,0.1529,0,3,0.8919,0.6367,5747,0
69926.64,credit_card,gateway_c,insufficient_funds,294,0.5193,0.9547,0,2,0.8157,0.2729,1679,1
17107.62,credit_card,gateway_b,card_expired,701,0.3633,0.0159,0,1,0.5757,0.5632,3840,0
61333.6,upi,gateway_c,suspected_fraud,888,0.3017,0.487,1,4,0.5141,0.3899,6191,0
12392.02,upi,gateway_c,suspected_fraud,280,0.3532,0.9861,0,2,0.6988,0.4833,1657,0
1667.18,wallet,gateway_b,suspected_fraud,901,0.7919,0.0758,0,4,0.7216,0.6044,5551,0
72756.14,credit_card,gateway_a,network_timeout,123,0.2418,0.4988,0,3,0.8652,0.7895,5687,1
84707.08,upi,gateway_b,issuer_unavailable,376,0.6958,0.5892,0,1,0.7569,0.2935,1990,0
11239.2,upi,gateway_c,insufficient_funds,710,0.4311,0.2041,0,1,0.7151,0.7942,5182,0
19025.74,upi,gateway_b,temporary_gateway_error,170,0.432,0.456,0,0,0.7152,0.7828,3183,0
90205.25,debit_card,gateway_b,rate_limit,810,0.068,0.3342,0,0,0.6887,0.5464,4784,0
38336.95,debit_card,gateway_c,suspected_fraud,869,0.9722,0.7764,0,4,0.4464,0.4959,811,0
67105.22,wallet,gateway_b,issuer_unavailable,428,0.2738,0.3807,0,3,0.3625,0.7942,5140,1
99359.63,debit_card,gateway_b,suspected_fraud,206,0.1011,0.6384,0,3,0.3026,0.2554,661,0
77777.46,debit_card,gateway_a,network_timeout,861,0.1448,0.337,0,4,0.4674,0.7508,2064,0
67422.12,upi,gateway_a,rate_limit,826,0.3012,0.2092,0,0,0.7697,0.6745,2305,1
14231.6,debit_card,gateway_a,network_timeout,497,0.5109,0.7734,0,1,0.9796,0.7095,6567,1
60919.36,upi,gateway_a,temporary_gateway_error,598,0.1814,0.5829,0,1,0.8838,0.4954,2440,1
56343.38,upi,gateway_c,suspected_fraud,229,0.5995,0.3346,0,3,0.9959,0.7404,1049,0
38841.42,debit_card,gateway_a,temporary_gateway_error,727,0.6554,0.7021,0,1,0.7687,0.5091,3285,1
77688.7,upi,gateway_b,temporary_gateway_error,25,0.2157,0.2964,0,1,0.555,0.483,3651,1
96237.35,wallet,gateway_a,temporary_gateway_error,848,0.8417,0.199,0,1,0.7593,0.3419,4292,0
26374.76,credit_card,gateway_a,network_timeout,320,0.846,0.7321,0,2,0.869,0.4729,5903,0
50372.56,debit_card,gateway_a,card_expired,135,0.4268,0.5204,0,1,0.7562,0.6299,3331,0
35200.49,credit_card,gateway_c,suspected_fraud,846,0.8698,0.3096,0,0,0.9884,0.2663,4157,0
30836.09,upi,gateway_b,authentication_required,66,0.0521,0.4536,1,4,0.7901,0.3267,4986,0
96440.35,debit_card,gateway_b,card_expired,135,0.8365,0.9083,0,0,0.5529,0.6993,5824,0
99311.86,upi,gateway_b,issuer_unavailable,304,0.4131,0.9029,0,0,0.517,0.7315,1099,0
62209.1,credit_card,gateway_c,temporary_gateway_error,576,0.6688,0.6711,0,1,0.5098,0.6069,2495,1
7020.77,upi,gateway_c,suspected_fraud,165,0.9354,0.0683,0,0,0.3083,0.3559,5433,0
34225.37,upi,gateway_c,network_timeout,656,0.2264,0.0255,1,3,0.5532,0.864,2488,1
57823.55,upi,gateway_a,temporary_gateway_error,705,0.6387,0.0081,0,3,0.841,0.3319,2321,0
65263.86,net_banking,gateway_c,suspected_fraud,192,0.6692,0.737,0,0,0.4166,0.403,2450,0
70301.05,upi,gateway_c,suspected_fraud,746,0.6742,0.6735,0,0,0.4385,0.79,3733,0
93330.55,upi,gateway_a,card_expired,999,0.4862,0.7244,0,1,0.333,0.5173,1708,0
78465.43,debit_card,gateway_b,temporary_gateway_error,662,0.6955,0.2857,0,3,0.4726,0.2629,1308,1
58065.4,debit_card,gateway_a,suspected_fraud,452,0.2669,0.8611,0,4,0.7445,0.2111,6647,0
63563.6,wallet,gateway_b,issuer_unavailable,544,0.4529,0.4822,0,1,0.4232,0.2407,3695,1
36836.64,debit_card,gateway_c,issuer_unavailable,895,0.2391,0.3196,0,2,0.732,0.5725,3929,0
83755.86,wallet,gateway_c,suspected_fraud,809,0.3661,0.5798,0,3,0.4203,0.3517,5648,0
68884.97,net_banking,gateway_b,network_timeout,23,0.5108,0.3769,0,0,0.334,0.6341,280,1
59267.46,wallet,gateway_b,card_expired,951,0.3144,0.3979,0,4,0.8571,0.2081,774,0
59926.28,credit_card,gateway_b,network_timeout,803,0.033,0.1638,0,3,0.5683,0.8663,1842,1
45763.43,upi,gateway_a,rate_limit,295,0.2785,0.7148,0,4,0.5836,0.6247,5853,0
92010.34,wallet,gateway_a,network_timeout,283,0.9854,0.8164,0,3,0.9883,0.5091,4807,0
73235.68,net_banking,gateway_c,suspected_fraud,757,0.1908,0.3491,0,2,0.8014,0.7834,5386,0
14080.85,upi,gateway_b,issuer_unavailable,643,0.8871,0.6432,0,4,0.5514,0.7063,7194,0
24062.72,upi,gateway_b,rate_limit,261,0.185,0.6315,0,4,0.6663,0.5068,3106,0
8374.93,upi,gateway_b,suspected_fraud,993,0.845,0.66,0,0,0.8361,0.3454,923,0
75403.12,credit_card,gateway_c,insufficient_funds,261,0.2532,0.1092,0,4,0.6628,0.4326,2130,0
94089.37,debit_card,gateway_a,rate_limit,335,0.1039,0.2403,0,4,0.4752,0.8202,3375,0
45181.91,debit_card,gateway_a,network_timeout,212,0.1787,0.3007,0,2,0.9566,0.6668,1358,0
85715.63,debit_card,gateway_c,rate_limit,375,0.1442,0.8047,0,4,0.8735,0.632,2915,0
7598.08,debit_card,gateway_a,authentication_required,992,0.1748,0.2553,1,2,0.9356,0.7346,1698,0
5373.06,wallet,gateway_c,rate_limit,896,0.0604,0.3911,0,1,0.9401,0.6094,7193,1
45009.38,debit_card,gateway_b,suspected_fraud,336,0.0213,0.6563,0,3,0.6338,0.4413,6511,0
62591.48,credit_card,gateway_b,authentication_required,775,0.1535,0.3184,1,4,0.6539,0.5723,6249,0
7051.02,upi,gateway_c,suspected_fraud,808,0.9228,0.0533,0,0,0.7231,0.4678,5054,0
50497.2,net_banking,gateway_b,authentication_required,157,0.0894,0.4389,1,4,0.6904,0.4508,6645,0
50963.73,debit_card,gateway_a,suspected_fraud,134,0.7374,0.7003,0,0,0.6052,0.3178,2341,0
64936.43,credit_card,gateway_c,temporary_gateway_error,711,0.1577,0.3653,1,0,0.9965,0.5009,4008,0
39306.19,credit_card,gateway_b,network_timeout,904,0.8767,0.3236,0,4,0.8368,0.6399,6381,1
61500.76,credit_card,gateway_a,temporary_gateway_error,510,0.238,0.2928,0,1,0.5732,0.4711,3568,1
60954.49,wallet,gateway_c,network_timeout,163,0.4239,0.4167,0,0,0.7517,0.6885,4384,1
1833.05,debit_card,gateway_c,issuer_unavailable,466,0.4294,0.7343,0,4,0.5147,0.4673,4547,0
34344.01,credit_card,gateway_b,rate_limit,403,0.7157,0.1992,0,2,0.8732,0.4098,7184,0
87140.8,credit_card,gateway_a,card_expired,526,0.1764,0.3274,0,1,0.6638,0.5362,6266,0
76508.2,wallet,gateway_b,temporary_gateway_error,397,0.6419,0.8574,0,4,0.3396,0.4862,2794,0
54234.53,credit_card,gateway_b,suspected_fraud,55,0.8976,0.82,0,3,0.3727,0.7916,5082,0
98070.86,credit_card,gateway_a,authentication_required,42,0.6285,0.1718,1,3,0.3493,0.2568,5179,0
27723.97,wallet,gateway_a,card_expired,620,0.5186,0.8421,0,1,0.9654,0.4328,3996,0
33316.64,wallet,gateway_b,temporary_gateway_error,393,0.3041,0.8095,0,0,0.7365,0.473,4544,1
14829.09,credit_card,gateway_a,insufficient_funds,133,0.654,0.1363,0,3,0.4743,0.3021,2754,1
53731.29,debit_card,gateway_b,rate_limit,763,0.8528,0.7514,0,2,0.6638,0.6433,6535,1
33238.01,debit_card,gateway_b,temporary_gateway_error,165,0.7966,0.0554,0,4,0.6482,0.2491,6224,1
98555.38,debit_card,gateway_c,insufficient_funds,698,0.7214,0.5158,0,0,0.3465,0.3558,5203,1
87592.41,upi,gateway_b,rate_limit,617,0.5002,0.926,0,3,0.9421,0.8319,537,0
96979.43,debit_card,gateway_a,rate_limit,770,0.6739,0.2229,0,4,0.9022,0.593,5923,0
52872.06,net_banking,gateway_b,authentication_required,429,0.0854,0.126,1,4,0.3173,0.2366,5474,0
520.85,net_banking,gateway_c,card_expired,326,0.7633,0.4176,0,3,0.4415,0.705,3303,0
17078.59,upi,gateway_a,network_timeout,65,0.1432,0.8693,0,4,0.3967,0.7149,2004,0
66466.03,wallet,gateway_b,issuer_unavailable,541,0.6566,0.0404,0,3,0.4933,0.6398,6887,1
77101.84,upi,gateway_a,issuer_unavailable,941,0.3392,0.6935,0,2,0.7403,0.6588,1592,0
4119.21,wallet,gateway_b,insufficient_funds,218,0.1451,0.1544,0,4,0.6141,0.6679,6326,0
83440.09,debit_card,gateway_c,suspected_fraud,663,0.3509,0.9142,0,1,0.6383,0.6723,1355,0
53361.08,wallet,gateway_a,network_timeout,478,0.8587,0.4629,0,0,0.5537,0.4779,746,1
14469.82,upi,gateway_b,network_timeout,239,0.5611,0.269,0,1,0.5109,0.2612,4972,1
51572.04,credit_card,gateway_c,network_timeout,732,0.6203,0.4483,0,2,0.916,0.7601,732,1
15671.09,credit_card,gateway_b,suspected_fraud,924,0.2337,0.8741,0,0,0.7337,0.3505,3324,0
23901.87,wallet,gateway_c,insufficient_funds,924,0.9942,0.0519,0,0,0.7352,0.8927,1237,0
21413.65,wallet,gateway_a,issuer_unavailable,552,0.2348,0.8994,0,3,0.3085,0.3274,1108,1
86787.34,credit_card,gateway_a,network_timeout,785,0.2545,0.7833,0,0,0.5261,0.5953,5584,1
58604.73,credit_card,gateway_c,issuer_unavailable,756,0.7531,0.3563,0,1,0.3381,0.2503,5499,1
37527.14,debit_card,gateway_c,temporary_gateway_error,111,0.592,0.6717,0,1,0.5775,0.8544,4684,0
20764.36,upi,gateway_c,authentication_required,656,0.5917,0.6833,1,0,0.9405,0.8643,5624,1
91151.1,wallet,gateway_c,suspected_fraud,22,0.6376,0.1785,0,2,0.6382,0.2076,2142,0
65090.8,credit_card,gateway_a,card_expired,892,0.9978,0.4486,0,0,0.3792,0.882,6143,0
9755.39,upi,gateway_c,temporary_gateway_error,37,0.5445,0.4139,0,1,0.6023,0.3582,4625,1
66734.56,credit_card,gateway_b,card_expired,614,0.8101,0.4495,0,2,0.7837,0.6947,6022,0
22855.57,wallet,gateway_c,suspected_fraud,414,0.7962,0.133,0,3,0.3879,0.2554,2539,0
28875.33,net_banking,gateway_a,authentication_required,134,0.2472,0.213,1,0,0.4509,0.3513,5278,1
68929.06,upi,gateway_b,authentication_required,661,0.5686,0.9661,1,1,0.9021,0.6522,3404,1
58480.42,wallet,gateway_c,card_expired,661,0.1802,0.4375,0,4,0.3001,0.3803,1551,0
64364.76,wallet,gateway_a,suspected_fraud,921,0.4556,0.3908,0,2,0.8153,0.2563,1570,0
57734.39,wallet,gateway_b,insufficient_funds,65,0.7043,0.5067,0,1,0.3031,0.344,4914,1
50980.49,net_banking,gateway_b,network_timeout,753,0.5129,0.3274,0,1,0.5805,0.586,1459,0
66641.89,debit_card,gateway_a,rate_limit,169,0.7138,0.0113,0,3,0.4262,0.5912,1175,1
30958.0,upi,gateway_b,temporary_gateway_error,955,0.2907,0.542,0,1,0.5259,0.5867,4782,1
43195.77,upi,gateway_b,authentication_required,763,0.8479,0.1996,1,2,0.5734,0.5739,587,1
50614.56,net_banking,gateway_b,suspected_fraud,938,0.4094,0.0825,0,3,0.4792,0.3883,4363,0
94019.31,net_banking,gateway_b,suspected_fraud,363,0.1955,0.4206,0,1,0.6247,0.6755,7129,0
25012.91,net_banking,gateway_c,suspected_fraud,615,0.4019,0.4223,0,1,0.6283,0.3119,2006,0
75126.47,net_banking,gateway_b,temporary_gateway_error,644,0.3293,0.0596,0,2,0.8395,0.6482,3631,0
36651.19,net_banking,gateway_c,issuer_unavailable,640,0.7473,0.9569,0,2,0.5749,0.7165,4668,0
15793.04,wallet,gateway_a,network_timeout,220,0.7549,0.631,0,0,0.8936,0.6786,2259,1
70302.09,credit_card,gateway_c,suspected_fraud,175,0.7943,0.5571,0,1,0.9887,0.7055,1984,0
58443.16,net_banking,gateway_a,insufficient_funds,941,0.5838,0.52,0,4,0.8158,0.4343,2028,0
43986.81,wallet,gateway_a,card_expired,115,0.6665,0.0095,0,3,0.6428,0.5986,3785,0
28222.74,debit_card,gateway_b,authentication_required,427,0.8949,0.1354,1,3,0.4346,0.499,2338,1
10436.39,net_banking,gateway_b,rate_limit,672,0.2677,0.4722,0,0,0.9638,0.3552,5258,0
55828.93,debit_card,gateway_a,authentication_required,708,0.1993,0.4448,1,1,0.7879,0.4916,488,0
92367.77,debit_card,gateway_b,card_expired,158,0.607,0.3078,0,2,0.7589,0.3632,676,0
31664.59,wallet,gateway_c,rate_limit,54,0.1428,0.1193,0,3,0.5075,0.3021,5362,0
57559.52,debit_card,gateway_a,network_timeout,936,0.2913,0.5125,0,1,0.826,0.7408,4981,1
71917.07,upi,gateway_a,temporary_gateway_error,704,0.6701,0.3821,0,0,0.409,0.4416,1700,1
23178.68,net_banking,gateway_c,network_timeout,664,0.5132,0.1525,0,0,0.8132,0.4788,3756,1
9602.21,debit_card,gateway_c,card_expired,44,0.9731,0.0964,0,2,0.7645,0.5053,6271,0
10027.79,wallet,gateway_b,issuer_unavailable,259,0.8603,0.7806,0,3,0.9614,0.4406,2260,0
17161.13,wallet,gateway_a,card_expired,221,0.581,0.8438,0,3,0.5402,0.4844,6127,0
13166.35,wallet,gateway_b,issuer_unavailable,583,0.1481,0.9286,0,0,0.5084,0.4671,1683,1
56496.88,wallet,gateway_c,insufficient_funds,439,0.7194,0.4579,0,0,0.5282,0.622,774,1
27034.0,upi,gateway_a,authentication_required,702,0.0283,0.469,1,3,0.5314,0.2109,376,0
10111.98,net_banking,gateway_b,rate_limit,741,0.5842,0.5046,0,2,0.7972,0.7458,2418,0
65425.31,debit_card,gateway_c,temporary_gateway_error,165,0.4954,0.0026,0,1,0.9121,0.2343,4549,1
93245.86,net_banking,gateway_a,issuer_unavailable,662,0.103,0.1467,0,0,0.9498,0.8445,1552,0
71723.3,debit_card,gateway_a,card_expired,670,0.0356,0.2656,0,2,0.9671,0.7919,2670,0
19307.39,upi,gateway_c,suspected_fraud,292,0.065,0.6426,0,4,0.9101,0.312,6038,0
37434.13,credit_card,gateway_c,authentication_required,525,0.0495,0.1568,1,4,0.3893,0.8539,1952,0
99653.77,upi,gateway_c,rate_limit,575,0.4115,0.9298,0,2,0.6748,0.4991,1292,0
61810.81,credit_card,gateway_c,authentication_required,717,0.9719,0.1458,1,1,0.9527,0.6414,1773,1
78565.51,credit_card,gateway_a,network_timeout,576,0.5654,0.8799,0,0,0.7297,0.8177,1155,1
15322.67,net_banking,gateway_b,rate_limit,188,0.9015,0.118,1,4,0.5538,0.4777,5580,0
65067.66,credit_card,gateway_c,network_timeout,327,0.1043,0.6875,0,2,0.9433,0.7943,6240,1
89290.78,debit_card,gateway_b,insufficient_funds,464,0.7077,0.8272,0,0,0.7374,0.6131,857,1
79056.69,upi,gateway_b,temporary_gateway_error,363,0.2423,0.725,0,2,0.4033,0.8225,6871,0
31374.06,net_banking,gateway_b,rate_limit,41,0.5076,0.2858,0,4,0.4071,0.854,6676,0
28430.4,wallet,gateway_b,authentication_required,641,0.5566,0.9242,1,2,0.4432,0.8643,1291,1
6150.35,net_banking,gateway_c,suspected_fraud,95,0.5971,0.5514,0,1,0.8197,0.8945,3410,0
32372.65,debit_card,gateway_b,issuer_unavailable,768,0.348,0.6767,0,1,0.8803,0.5598,4376,1
51638.87,debit_card,gateway_a,insufficient_funds,277,0.8436,0.3889,0,2,0.6742,0.8414,1728,1
40715.33,debit_card,gateway_c,temporary_gateway_error,969,0.8452,0.1497,0,1,0.8376,0.5422,5702,0
20224.35,upi,gateway_b,suspected_fraud,74,0.3695,0.0619,0,0,0.891,0.2239,5968,0
50049.87,net_banking,gateway_a,card_expired,166,0.8055,0.2165,0,1,0.7257,0.4761,5397,0
3514.83,wallet,gateway_a,network_timeout,635,0.2182,0.4741,0,2,0.4332,0.7619,2808,1
35531.36,wallet,gateway_b,card_expired,843,0.5445,0.3856,0,4,0.6379,0.4978,5664,0
42605.37,upi,gateway_a,insufficient_funds,763,0.3997,0.453,0,4,0.4825,0.3624,7106,0
44964.55,net_banking,gateway_b,card_expired,401,0.2041,0.8911,0,4,0.3788,0.2756,4375,0
47341.37,debit_card,gateway_a,authentication_required,259,0.3497,0.0063,1,1,0.3834,0.2899,2528,1
93135.25,net_banking,gateway_c,card_expired,629,0.0962,0.9896,0,2,0.3755,0.7045,3371,0
62457.87,net_banking,gateway_a,network_timeout,619,0.9779,0.0731,0,1,0.4016,0.4683,5982,1
2669.62,debit_card,gateway_a,insufficient_funds,575,0.4012,0.5516,0,4,0.7139,0.8728,6779,0
78148.43,credit_card,gateway_c,temporary_gateway_error,831,0.0587,0.6254,0,4,0.6868,0.3702,1049,1
49220.35,wallet,gateway_c,rate_limit,786,0.7229,0.9937,0,2,0.4972,0.6376,3078,1
35715.52,net_banking,gateway_a,network_timeout,148,0.8624,0.828,0,2,0.6447,0.7327,4971,1
5875.83,upi,gateway_b,insufficient_funds,191,0.7818,0.3816,1,3,0.5881,0.7025,1207,0
85820.25,net_banking,gateway_b,authentication_required,354,0.8004,0.1269,1,3,0.3683,0.2368,2990,1
83589.02,credit_card,gateway_b,authentication_required,553,0.9474,0.538,1,4,0.4291,0.5784,4527,1
93398.73,wallet,gateway_c,card_expired,214,0.6201,0.6382,0,3,0.7578,0.7594,895,0
11721.16,upi,gateway_b,suspected_fraud,933,0.1095,0.2084,0,3,0.7905,0.2049,5946,0
40443.07,net_banking,gateway_b,rate_limit,45,0.9639,0.1512,0,2,0.8162,0.7437,1788,1
90916.45,net_banking,gateway_b,network_timeout,819,0.4149,0.4415,0,3,0.316,0.3441,247,0
28599.4,credit_card,gateway_a,network_timeout,637,0.1842,0.3031,0,3,0.9947,0.3144,1642,0
12999.46,upi,gateway_a,network_timeout,136,0.5003,0.3535,0,4,0.6244,0.8502,6905,1
59643.17,credit_card,gateway_a,rate_limit,284,0.1849,0.0947,0,3,0.4975,0.8849,5423,1
37553.37,debit_card,gateway_c,temporary_gateway_error,510,0.8706,0.8348,1,1,0.8796,0.2001,2947,1
41335.58,debit_card,gateway_b,rate_limit,432,0.3918,0.892,0,3,0.8087,0.4458,6507,0
82874.57,debit_card,gateway_a,rate_limit,204,0.9364,0.5804,0,3,0.6881,0.6674,3721,0
58285.77,debit_card,gateway_a,network_timeout,367,0.637,0.5478,0,0,0.6199,0.586,5290,1
74917.99,net_banking,gateway_c,insufficient_funds,222,0.1104,0.6692,0,1,0.3919,0.419,825,0
29923.8,credit_card,gateway_b,temporary_gateway_error,923,0.9633,0.2288,0,2,0.8331,0.2091,1000,1
70430.4,debit_card,gateway_a,temporary_gateway_error,35,0.4649,0.6967,1,3,0.5528,0.3157,6462,1
19917.67,debit_card,gateway_a,authentication_required,520,0.6329,0.4334,1,0,0.8472,0.4107,3075,0
22229.29,wallet,gateway_a,rate_limit,628,0.948,0.5298,0,0,0.695,0.4177,2232,1
24082.0,wallet,gateway_a,insufficient_funds,974,0.653,0.9039,0,4,0.9998,0.7371,4088,0
19507.71,net_banking,gateway_a,issuer_unavailable,30,0.2568,0.435,0,4,0.7606,0.6591,3701,0
89080.43,wallet,gateway_a,suspected_fraud,628,0.2058,0.9435,0,3,0.5223,0.6015,1090,0
77824.42,credit_card,gateway_b,insufficient_funds,191,0.2965,0.3221,0,2,0.3287,0.3376,5475,1
98373.86,net_banking,gateway_a,temporary_gateway_error,667,0.5901,0.9081,0,4,0.657,0.3822,478,1
31951.3,upi,gateway_a,insufficient_funds,497,0.3802,0.1131,0,0,0.3289,0.2811,5049,1
5999.77,credit_card,gateway_c,network_timeout,174,0.8479,0.8282,0,1,0.8064,0.7169,4426,0
73672.28,net_banking,gateway_a,rate_limit,808,0.5564,0.213,0,2,0.3642,0.3185,3017,1
97002.78,debit_card,gateway_b,temporary_gateway_error,391,0.2409,0.4034,0,0,0.7441,0.2191,4852,1
67768.59,credit_card,gateway_b,rate_limit,938,0.9075,0.2057,0,0,0.9051,0.3817,5710,1
2528.51,debit_card,gateway_a,rate_limit,666,0.4315,0.2481,0,4,0.9963,0.7554,3569,0
10681.9,net_banking,gateway_a,authentication_required,83,0.9151,0.1382,1,2,0.7269,0.3483,2817,1
36153.42,upi,gateway_a,network_timeout,683,0.0751,0.4888,0,1,0.3813,0.3383,4369,0
73732.83,debit_card,gateway_c,issuer_unavailable,287,0.235,0.2992,0,4,0.4706,0.5756,2859,0
99045.52,net_banking,gateway_a,card_expired,536,0.4517,0.343,0,0,0.4246,0.8785,3480,0
34883.78,upi,gateway_b,card_expired,687,0.8289,0.4985,0,4,0.5286,0.2826,2170,0
39891.62,credit_card,gateway_a,network_timeout,839,0.4041,0.2948,0,4,0.9194,0.2435,911,0
37066.83,net_banking,gateway_a,authentication_required,544,0.204,0.569,1,2,0.8573,0.6087,968,0
50027.46,credit_card,gateway_b,issuer_unavailable,572,0.2657,0.6776,0,4,0.8163,0.3031,1502,1
72911.29,net_banking,gateway_c,rate_limit,70,0.1266,0.4461,0,0,0.7529,0.7292,3267,0
16394.17,debit_card,gateway_c,insufficient_funds,279,0.1482,0.3942,0,0,0.4042,0.5658,2499,0
77809.71,credit_card,gateway_b,suspected_fraud,827,0.4013,0.6196,0,1,0.5983,0.2667,1889,0
30809.25,wallet,gateway_b,suspected_fraud,575,0.2321,0.1275,0,0,0.8474,0.3902,965,0
36947.38,debit_card,gateway_b,insufficient_funds,756,0.5103,0.201,0,1,0.3719,0.4912,2449,0
83577.22,net_banking,gateway_a,authentication_required,551,0.2237,0.2617,1,4,0.8151,0.2742,726,0
78571.81,upi,gateway_b,card_expired,93,0.2029,0.9096,0,0,0.8234,0.8318,3295,0
10958.59,wallet,gateway_c,suspected_fraud,979,0.1649,0.2662,0,3,0.989,0.4079,5787,0
15567.33,debit_card,gateway_a,issuer_unavailable,792,0.0607,0.9678,0,4,0.6707,0.895,852,0
2343.85,net_banking,gateway_b,issuer_unavailable,87,0.794,0.3764,0,4,0.5955,0.3004,5322,0
33175.47,wallet,gateway_a,suspected_fraud,81,0.9591,0.6807,0,4,0.5878,0.8896,5970,0
37167.69,debit_card,gateway_b,insufficient_funds,290,0.6593,0.6393,0,4,0.6306,0.7486,6955,0
4305.3,upi,gateway_b,network_timeout,665,0.6426,0.1249,0,4,0.5269,0.7768,3362,1
61829.69,net_banking,gateway_a,authentication_required,71,0.4228,0.2228,1,0,0.7585,0.208,1437,0
29950.47,debit_card,gateway_c,suspected_fraud,922,0.4867,0.6143,0,4,0.3908,0.2572,6275,0
70848.66,credit_card,gateway_a,insufficient_funds,619,0.5526,0.7858,0,4,0.7302,0.7017,337,0
45753.58,wallet,gateway_c,temporary_gateway_error,181,0.8544,0.9429,0,2,0.4505,0.2047,5412,1
14204.27,wallet,gateway_a,issuer_unavailable,148,0.739,0.4064,0,0,0.8562,0.6363,1656,0
45864.62,credit_card,gateway_b,suspected_fraud,801,0.2658,0.1692,0,3,0.4298,0.8678,2400,0
12198.58,net_banking,gateway_c,suspected_fraud,618,0.5553,0.9319,0,4,0.5129,0.6053,5631,0
71144.75,net_banking,gateway_b,insufficient_funds,879,0.9254,0.2083,0,1,0.9969,0.5431,3963,1
6533.14,upi,gateway_a,network_timeout,193,0.1489,0.0279,0,0,0.418,0.5586,2343,1
31621.63,debit_card,gateway_c,issuer_unavailable,23,0.6883,0.1107,0,4,0.532,0.3121,1370,0
6215.39,debit_card,gateway_a,authentication_required,874,0.3056,0.0953,1,3,0.3863,0.7412,3755,1
94388.25,upi,gateway_b,authentication_required,175,0.2014,0.6005,1,1,0.5701,0.6541,7055,1
25340.94,net_banking,gateway_a,temporary_gateway_error,621,0.0887,0.525,0,0,0.8234,0.7937,4908,0
67092.38,upi,gateway_c,card_expired,38,0.9051,0.6157,0,1,0.8306,0.7834,3127,0
37177.55,upi,gateway_b,rate_limit,947,0.6342,0.5437,0,2,0.7992,0.5872,4535,0
44281.55,wallet,gateway_c,network_timeout,185,0.5767,0.6207,0,2,0.3651,0.4012,6413,0
42649.91,wallet,gateway_c,card_expired,208,0.4203,0.4562,0,4,0.5188,0.6589,1975,0
37790.77,net_banking,gateway_c,temporary_gateway_error,350,0.3515,0.9512,0,1,0.666,0.8134,4364,1
84295.15,upi,gateway_a,network_timeout,177,0.5943,0.3999,0,2,0.3074,0.7876,5194,0
23689.23,upi,gateway_a,card_expired,166,0.6284,0.4399,0,3,0.7463,0.3742,1889,0
39231.57,credit_card,gateway_b,issuer_unavailable,189,0.6059,0.3167,0,1,0.6893,0.6156,825,1
30893.19,credit_card,gateway_a,network_timeout,617,0.9626,0.0908,0,4,0.7686,0.5613,4988,0
83845.88,upi,gateway_c,card_expired,277,0.8063,0.9965,0,3,0.8923,0.2667,2189,0
65901.14,debit_card,gateway_b,network_timeout,424,0.009,0.2313,1,4,0.888,0.7166,3076,0
37256.78,wallet,gateway_a,suspected_fraud,516,0.5085,0.1132,0,0,0.7277,0.7222,5186,0
20893.2,net_banking,gateway_b,insufficient_funds,880,0.2449,0.492,0,3,0.5532,0.3299,1935,0
31729.1,wallet,gateway_a,network_timeout,518,0.8619,0.4525,0,0,0.6082,0.3101,3214,1
82750.62,net_banking,gateway_c,issuer_unavailable,152,0.9101,0.3589,0,2,0.9274,0.5674,6440,1
27230.85,credit_card,gateway_a,authentication_required,785,0.3246,0.6946,1,4,0.635,0.4465,1405,0
99094.4,upi,gateway_b,temporary_gateway_error,902,0.6959,0.1537,0,2,0.9207,0.5353,6427,1
38912.65,net_banking,gateway_b,issuer_unavailable,358,0.3908,0.5591,0,0,0.7534,0.5562,4968,1
41228.46,wallet,gateway_b,temporary_gateway_error,460,0.456,0.365,0,1,0.9115,0.2717,100,0
6718.02,net_banking,gateway_a,insufficient_funds,571,0.3313,0.953,0,2,0.6008,0.8971,3651,0
39854.62,upi,gateway_b,temporary_gateway_error,338,0.7054,0.5879,0,4,0.7076,0.5341,3986,0
85208.77,upi,gateway_b,insufficient_funds,340,0.6926,0.893,0,2,0.7944,0.3449,2467,1
80820.11,net_banking,gateway_c,insufficient_funds,42,0.9478,0.4459,0,0,0.9305,0.7834,5675,0
22803.16,net_banking,gateway_a,issuer_unavailable,402,0.7519,0.157,0,2,0.9132,0.5386,1478,0
42272.53,wallet,gateway_b,authentication_required,703,0.2267,0.8008,1,4,0.5067,0.2169,5904,0
81873.25,credit_card,gateway_a,suspected_fraud,276,0.9437,0.9718,0,4,0.4872,0.7651,4317,0
37787.48,wallet,gateway_b,issuer_unavailable,77,0.9984,0.8383,0,0,0.3005,0.5905,5225,1
24527.53,debit_card,gateway_b,suspected_fraud,289,0.4547,0.2481,0,1,0.7978,0.674,4157,0
83284.92,credit_card,gateway_b,network_timeout,875,0.9789,0.9597,0,0,0.6136,0.7511,6439,0
41634.96,net_banking,gateway_c,rate_limit,390,0.2915,0.3671,0,3,0.4749,0.6981,5051,1
37099.89,upi,gateway_a,issuer_unavailable,531,0.7298,0.7311,0,0,0.7833,0.3671,2815,1
68679.57,upi,gateway_c,rate_limit,914,0.3048,0.8453,0,0,0.8797,0.7062,3974,0
27707.09,wallet,gateway_a,suspected_fraud,994,0.937,0.4302,1,3,0.8853,0.8656,2185,0
5748.0,debit_card,gateway_c,network_timeout,527,0.3764,0.123,0,1,0.4441,0.7277,1102,1
59878.3,upi,gateway_b,authentication_required,961,0.7565,0.6457,1,2,0.8035,0.6832,5356,1
46203.0,upi,gateway_a,temporary_gateway_error,407,0.2708,0.3552,0,1,0.6499,0.2756,4172,1
70721.9,debit_card,gateway_b,authentication_required,346,0.008,0.0843,1,1,0.4319,0.5462,3578,0
65592.43,wallet,gateway_b,insufficient_funds,50,0.3807,0.7935,0,3,0.6703,0.2647,6660,0
99146.83,wallet,gateway_b,insufficient_funds,866,0.3207,0.7688,0,0,0.788,0.8782,2768,0
22094.84,upi,gateway_a,authentication_required,415,0.063,0.8586,1,2,0.7785,0.3913,168,0
40067.06,debit_card,gateway_b,network_timeout,556,0.6409,0.9403,0,0,0.9312,0.4032,4211,0
84764.62,wallet,gateway_b,temporary_gateway_error,579,0.7221,0.4811,0,2,0.4758,0.7548,7017,1
64389.18,credit_card,gateway_a,temporary_gateway_error,797,0.5688,0.8374,0,1,0.7538,0.7622,6580,1
90970.78,upi,gateway_c,insufficient_funds,69,0.404,0.7803,0,3,0.8176,0.863,6132,0
84785.81,net_banking,gateway_b,authentication_required,708,0.1021,0.367,1,4,0.8283,0.5805,3979,0
26586.31,wallet,gateway_c,network_timeout,624,0.5571,0.2273,0,4,0.8721,0.5227,3950,1
83811.3,upi,gateway_b,temporary_gateway_error,580,0.3189,0.921,0,1,0.606,0.7166,2353,0
79224.38,credit_card,gateway_b,issuer_unavailable,726,0.8947,0.9004,0,2,0.5197,0.8554,1369,0
91579.37,upi,gateway_c,authentication_required,877,0.7275,0.8823,1,0,0.8303,0.8759,819,1
79417.44,debit_card,gateway_b,suspected_fraud,530,0.0866,0.268,0,1,0.9144,0.6634,2311,0
42808.45,credit_card,gateway_b,suspected_fraud,331,0.8519,0.9539,0,3,0.3101,0.428,7007,0
92104.14,debit_card,gateway_b,network_timeout,234,0.7957,0.2017,0,2,0.9615,0.6098,3209,0
5755.86,credit_card,gateway_a,suspected_fraud,85,0.8196,0.2369,0,1,0.7088,0.4874,4392,1
73914.37,upi,gateway_a,temporary_gateway_error,250,0.7084,0.0152,0,3,0.3017,0.5205,6841,1
54118.09,wallet,gateway_a,rate_limit,619,0.2025,0.0771,0,4,0.8826,0.7913,4469,0
91409.43,upi,gateway_c,network_timeout,806,0.8824,0.9958,0,4,0.7816,0.3219,5162,0
45118.5,upi,gateway_a,rate_limit,196,0.7447,0.6979,0,4,0.6898,0.2701,1128,1
88354.2,debit_card,gateway_b,network_timeout,427,0.5985,0.8748,0,0,0.3955,0.4554,6363,1
95732.48,upi,gateway_c,temporary_gateway_error,664,0.6261,0.2782,0,2,0.4869,0.8914,3395,1
3592.63,debit_card,gateway_c,suspected_fraud,194,0.8092,0.4827,0,2,0.7312,0.704,604,0
57872.0,upi,gateway_c,authentication_required,696,0.8633,0.3363,1,4,0.7451,0.42,3309,1
19553.42,wallet,gateway_b,card_expired,248,0.6187,0.0774,1,4,0.3863,0.5004,460,0
42810.39,debit_card,gateway_a,suspected_fraud,608,0.3021,0.4325,0,2,0.5719,0.2078,2461,0
86263.37,wallet,gateway_a,suspected_fraud,25,0.7509,0.5731,0,0,0.8434,0.3017,6717,0
45522.52,credit_card,gateway_b,temporary_gateway_error,175,0.1502,0.9678,0,2,0.8435,0.8127,1866,0
90567.62,wallet,gateway_c,suspected_fraud,646,0.3425,0.9256,0,1,0.6037,0.3986,1215,0
49154.03,wallet,gateway_c,network_timeout,563,0.4231,0.7076,0,4,0.7489,0.5744,349,1
5275.56,debit_card,gateway_b,suspected_fraud,687,0.4215,0.4453,0,3,0.4536,0.66,5311,0
71443.51,credit_card,gateway_a,card_expired,143,0.2802,0.8981,0,1,0.9173,0.4188,6693,0
69740.72,debit_card,gateway_a,rate_limit,361,0.0013,0.0939,0,4,0.7196,0.8004,604,0
20939.56,upi,gateway_a,rate_limit,925,0.5664,0.4054,0,4,0.6096,0.2761,1548,1
69996.07,debit_card,gateway_c,card_expired,352,0.6896,0.8052,0,2,0.8416,0.303,322,0
70808.55,debit_card,gateway_a,suspected_fraud,229,0.645,0.1255,0,1,0.5357,0.6926,4424,0
73081.0,net_banking,gateway_c,network_timeout,798,0.9114,0.0805,0,2,0.4519,0.3845,5391,1
36680.44,upi,gateway_c,suspected_fraud,673,0.6102,0.6571,0,0,0.7648,0.2915,5525,0
93610.55,debit_card,gateway_a,authentication_required,340,0.0199,0.1416,1,2,0.582,0.758,231,0
4848.18,wallet,gateway_c,insufficient_funds,480,0.7871,0.6747,0,3,0.6506,0.6738,1971,1
31215.86,wallet,gateway_c,insufficient_funds,111,0.7657,0.705,0,1,0.495,0.649,6423,0
47340.38,debit_card,gateway_a,network_timeout,912,0.1031,0.9282,0,4,0.735,0.67,6430,0
62814.06,credit_card,gateway_c,insufficient_funds,926,0.9561,0.9683,0,3,0.6867,0.6253,4560,0
8978.24,credit_card,gateway_a,insufficient_funds,627,0.3142,0.3014,0,2,0.975,0.6394,5768,0
21870.91,wallet,gateway_b,rate_limit,170,0.2116,0.0962,0,1,0.939,0.6294,2035,1
95324.13,wallet,gateway_c,authentication_required,783,0.7917,0.9773,1,4,0.916,0.2454,4323,0
3868.61,upi,gateway_a,rate_limit,105,0.0218,0.294,0,0,0.8689,0.6297,3047,0
83968.68,credit_card,gateway_b,rate_limit,163,0.3027,0.5168,0,3,0.8479,0.7105,7187,0
14527.98,net_banking,gateway_a,temporary_gateway_error,284,0.9846,0.9796,0,4,0.4607,0.5394,1735,1
7574.5,net_banking,gateway_b,issuer_unavailable,121,0.2769,0.7774,0,1,0.7596,0.752,3390,1
28678.13,net_banking,gateway_a,issuer_unavailable,652,0.4509,0.9266,0,3,0.9408,0.2956,5574,0
27769.15,credit_card,gateway_b,rate_limit,532,0.742,0.7215,0,1,0.9484,0.8215,4027,0
53191.65,debit_card,gateway_b,card_expired,742,0.9761,0.0116,0,3,0.502,0.7722,2465,0
71197.29,debit_card,gateway_b,issuer_unavailable,419,0.1441,0.6109,0,0,0.824,0.8903,7070,1
55208.66,net_banking,gateway_a,rate_limit,718,0.4676,0.2124,1,4,0.8704,0.3138,6036,0
55806.74,net_banking,gateway_a,suspected_fraud,331,0.8809,0.6424,0,2,0.8049,0.3015,4695,0
83671.47,debit_card,gateway_b,temporary_gateway_error,896,0.6512,0.5983,0,4,0.7282,0.2573,3141,1
33290.19,wallet,gateway_a,card_expired,363,0.2515,0.646,0,3,0.6587,0.2108,5691,0
82695.96,credit_card,gateway_c,issuer_unavailable,131,0.217,0.46,0,1,0.6225,0.8668,3882,1
72067.92,upi,gateway_c,card_expired,145,0.6365,0.8642,0,2,0.8044,0.4758,6734,0
58411.86,debit_card,gateway_a,card_expired,771,0.8723,0.9165,0,3,0.4429,0.7454,5228,0
83299.73,credit_card,gateway_c,network_timeout,473,0.5439,0.9714,0,2,0.3117,0.3395,4238,1
34516.38,debit_card,gateway_b,card_expired,540,0.6898,0.1793,0,1,0.4295,0.6614,6603,0
74179.77,upi,gateway_c,rate_limit,53,0.3337,0.878,0,1,0.7286,0.3146,5205,0
11291.38,upi,gateway_c,suspected_fraud,951,0.492,0.7451,0,4,0.8189,0.6717,987,0
50548.73,net_banking,gateway_c,temporary_gateway_error,361,0.7869,0.6168,0,4,0.6814,0.857,5567,0
46545.43,debit_card,gateway_b,card_expired,959,0.8952,0.1912,0,3,0.9159,0.8492,2624,0
88717.77,debit_card,gateway_b,temporary_gateway_error,52,0.4228,0.3776,0,0,0.4578,0.3432,4037,0
49379.28,credit_card,gateway_c,card_expired,208,0.3196,0.2773,0,2,0.5096,0.7819,3283,0
24906.44,net_banking,gateway_a,issuer_unavailable,920,0.0056,0.5567,0,3,0.8705,0.2785,4157,0
88884.66,wallet,gateway_a,insufficient_funds,508,0.558,0.7639,0,2,0.8907,0.4901,6395,0
11884.35,upi,gateway_a,card_expired,826,0.6018,0.058,0,3,0.3485,0.6246,2038,0
664.26,upi,gateway_c,card_expired,585,0.0066,0.9264,0,3,0.3085,0.2681,6272,0
94261.91,net_banking,gateway_a,authentication_required,531,0.3555,0.0446,1,2,0.566,0.8364,4203,0
84836.23,net_banking,gateway_a,issuer_unavailable,116,0.4408,0.8937,0,3,0.9112,0.3628,4069,0
59344.03,debit_card,gateway_a,authentication_required,341,0.5271,0.0493,1,1,0.5903,0.4345,469,0
16850.1,credit_card,gateway_c,rate_limit,225,0.4405,0.2468,0,4,0.8207,0.6797,4303,1
61221.04,wallet,gateway_c,insufficient_funds,622,0.2128,0.2422,0,3,0.7817,0.416,1712,0
12810.06,credit_card,gateway_b,authentication_required,451,0.003,0.5424,1,1,0.6867,0.8548,2148,0
41865.22,upi,gateway_a,suspected_fraud,705,0.9231,0.4895,0,3,0.3073,0.7352,5516,0
78192.52,credit_card,gateway_b,temporary_gateway_error,696,0.5619,0.8206,0,2,0.9974,0.4503,3294,1
41615.47,wallet,gateway_b,insufficient_funds,877,0.0612,0.1111,1,1,0.8823,0.4819,4335,1
34869.81,debit_card,gateway_c,suspected_fraud,651,0.6522,0.103,0,4,0.4812,0.485,4626,0
3183.01,upi,gateway_c,issuer_unavailable,238,0.7761,0.2485,0,3,0.631,0.7394,3362,1
10592.73,debit_card,gateway_a,temporary_gateway_error,679,0.4699,0.8094,0,3,0.5092,0.3396,2987,0
90222.56,credit_card,gateway_b,insufficient_funds,46,0.5223,0.0583,0,0,0.6961,0.8415,1522,0
79688.11,credit_card,gateway_a,card_expired,453,0.0132,0.4868,0,0,0.8309,0.6939,3096,0
72681.35,debit_card,gateway_a,temporary_gateway_error,381,0.1701,0.3209,0,3,0.4645,0.2934,2040,1
53724.01,wallet,gateway_a,authentication_required,735,0.773,0.3523,1,3,0.973,0.7192,5752,0
84147.88,upi,gateway_c,authentication_required,107,0.7497,0.362,1,3,0.9251,0.6235,4075,1
92909.55,net_banking,gateway_c,insufficient_funds,649,0.8614,0.8253,0,0,0.6319,0.7936,2477,0
18235.08,credit_card,gateway_b,temporary_gateway_error,360,0.7703,0.875,0,4,0.5126,0.7999,815,1
30276.64,credit_card,gateway_b,card_expired,811,0.4935,0.1716,0,1,0.6024,0.5091,6866,0
81487.14,debit_card,gateway_a,network_timeout,791,0.4355,0.8937,0,1,0.3221,0.4431,6224,0
75666.76,wallet,gateway_a,temporary_gateway_error,677,0.8155,0.7076,0,3,0.7625,0.6115,3357,0
17880.94,upi,gateway_c,card_expired,230,0.8461,0.0087,0,3,0.5742,0.7601,400,0
10119.85,wallet,gateway_a,issuer_unavailable,521,0.5825,0.8909,0,3,0.7615,0.886,2438,0
51766.53,wallet,gateway_b,network_timeout,573,0.8586,0.8696,0,1,0.9157,0.2796,5894,1
54523.14,wallet,gateway_c,authentication_required,193,0.5031,0.6458,1,4,0.8685,0.2345,5964,0
88826.8,credit_card,gateway_c,rate_limit,190,0.6249,0.5706,0,0,0.8009,0.6383,4057,1
54704.68,debit_card,gateway_c,card_expired,339,0.7603,0.3179,0,4,0.8386,0.3284,1056,0
63769.71,debit_card,gateway_c,insufficient_funds,228,0.7954,0.5736,0,4,0.7252,0.7804,5125,1
39101.34,net_banking,gateway_b,network_timeout,749,0.0245,0.4277,0,1,0.4666,0.525,3317,0
36780.5,debit_card,gateway_c,card_expired,991,0.9128,0.034,0,0,0.9467,0.5091,471,0
56925.02,debit_card,gateway_a,issuer_unavailable,162,0.799,0.4912,0,2,0.4296,0.3226,6054,1
5948.7,net_banking,gateway_b,insufficient_funds,800,0.5008,0.5618,0,3,0.4748,0.7287,404,0
94492.38,upi,gateway_b,authentication_required,65,0.4497,0.3613,1,0,0.9656,0.873,766,1
3613.84,wallet,gateway_a,insufficient_funds,982,0.8359,0.2143,0,3,0.5235,0.4476,5748,0
11909.24,credit_card,gateway_c,network_timeout,265,0.7413,0.3666,0,2,0.4359,0.6553,1407,1
40130.12,net_banking,gateway_c,issuer_unavailable,678,0.3817,0.8461,0,4,0.4881,0.2298,6432,0
45974.39,debit_card,gateway_a,network_timeout,807,0.7915,0.6004,0,2,0.3276,0.7736,3339,1
7093.99,credit_card,gateway_a,suspected_fraud,341,0.3262,0.3028,0,4,0.9564,0.2658,5411,0
9903.75,upi,gateway_c,insufficient_funds,383,0.6246,0.7805,0,4,0.7521,0.8017,4810,0
75224.79,net_banking,gateway_a,rate_limit,254,0.6212,0.6752,0,2,0.605,0.7415,3253,1
18515.65,upi,gateway_b,rate_limit,654,0.6804,0.5011,0,1,0.5193,0.7216,2268,1
65535.82,net_banking,gateway_c,issuer_unavailable,887,0.2601,0.5062,1,1,0.7728,0.636,6570,0
60425.64,debit_card,gateway_c,temporary_gateway_error,805,0.0903,0.9588,0,0,0.8658,0.406,6934,1
75441.26,credit_card,gateway_c,rate_limit,170,0.8668,0.2406,0,0,0.798,0.3303,510,1
30648.93,credit_card,gateway_a,card_expired,943,0.4866,0.2609,0,2,0.5555,0.277,136,0
31920.3,credit_card,gateway_b,network_timeout,756,0.067,0.6787,0,4,0.4288,0.756,6351,0
80874.08,wallet,gateway_c,authentication_required,141,0.9471,0.815,1,1,0.4156,0.8555,1528,1
40585.4,net_banking,gateway_c,suspected_fraud,730,0.0919,0.7251,0,0,0.4319,0.2765,6483,0
98017.04,credit_card,gateway_b,authentication_required,140,0.2009,0.8097,1,3,0.4556,0.6706,1776,1
63863.11,wallet,gateway_a,temporary_gateway_error,302,0.5979,0.8665,0,2,0.5911,0.5802,5303,0
45549.46,credit_card,gateway_a,issuer_unavailable,113,0.725,0.6078,0,1,0.9481,0.4205,549,1
57777.59,credit_card,gateway_c,card_expired,280,0.8429,0.6828,1,1,0.4623,0.2108,4073,0
89973.62,debit_card,gateway_b,authentication_required,582,0.2092,0.9791,1,3,0.4158,0.5621,3934,0
42592.02,upi,gateway_a,temporary_gateway_error,472,0.2801,0.1618,0,4,0.815,0.2673,6439,1
30863.24,credit_card,gateway_c,suspected_fraud,676,0.2902,0.8406,0,4,0.9187,0.678,4818,0
56749.72,wallet,gateway_c,rate_limit,311,0.2981,0.8753,0,4,0.5289,0.7172,6779,1
3743.76,wallet,gateway_a,suspected_fraud,366,0.8675,0.2741,0,1,0.8814,0.274,6471,0
21592.31,debit_card,gateway_b,temporary_gateway_error,623,0.1239,0.4698,0,0,0.6881,0.3506,6149,0
26602.69,wallet,gateway_c,temporary_gateway_error,962,0.2677,0.2926,0,0,0.7809,0.5901,1186,0
17106.07,debit_card,gateway_a,authentication_required,371,0.1461,0.9462,1,3,0.8573,0.7236,5166,1
43000.41,credit_card,gateway_c,issuer_unavailable,833,0.3305,0.0096,0,2,0.68,0.2104,1440,0
88053.16,debit_card,gateway_b,card_expired,728,0.036,0.7895,0,4,0.9505,0.7623,4777,0
35057.33,debit_card,gateway_a,temporary_gateway_error,515,0.9537,0.6156,0,4,0.7902,0.3863,6779,0
51669.51,debit_card,gateway_c,suspected_fraud,490,0.9236,0.2657,0,2,0.9206,0.2804,4753,0
77751.98,wallet,gateway_b,card_expired,359,0.3576,0.4695,0,0,0.8433,0.2379,4040,0
88109.3,credit_card,gateway_a,issuer_unavailable,62,0.1278,0.1802,0,2,0.7588,0.8248,2893,0
31998.58,upi,gateway_c,insufficient_funds,805,0.1105,0.3011,0,1,0.7106,0.2882,1542,1
11918.08,wallet,gateway_a,authentication_required,616,0.352,0.8964,1,1,0.3416,0.8268,5095,1
67310.92,debit_card,gateway_a,network_timeout,724,0.3033,0.3517,0,4,0.9698,0.4916,4273,0
79630.34,credit_card,gateway_b,card_expired,930,0.6881,0.1093,0,4,0.7212,0.8987,616,0
26937.16,credit_card,gateway_a,rate_limit,579,0.569,0.2298,0,3,0.7361,0.498,633,1
67337.64,net_banking,gateway_a,issuer_unavailable,451,0.798,0.5093,0,0,0.9608,0.2669,6866,0
10753.75,net_banking,gateway_b,suspected_fraud,529,0.035,0.5889,0,2,0.656,0.3593,2651,0
21604.3,wallet,gateway_b,card_expired,562,0.3546,0.7479,0,3,0.5645,0.6195,5031,0
57568.11,net_banking,gateway_b,suspected_fraud,870,0.2488,0.0558,0,3,0.9321,0.6286,437,0
82118.77,upi,gateway_b,authentication_required,727,0.5251,0.3633,1,1,0.4756,0.8662,20,1
50898.91,net_banking,gateway_b,rate_limit,322,0.9911,0.047,0,1,0.3536,0.3499,3323,0
80122.41,credit_card,gateway_a,network_timeout,633,0.1009,0.2868,0,3,0.6731,0.202,5743,0
64343.33,upi,gateway_c,issuer_unavailable,54,0.0354,0.3494,0,2,0.4948,0.3512,4799,0
55722.65,credit_card,gateway_c,suspected_fraud,436,0.2391,0.5203,0,1,0.4043,0.484,4063,0
61110.65,credit_card,gateway_a,rate_limit,756,0.9561,0.2031,0,4,0.9235,0.4848,2195,1
3895.22,net_banking,gateway_b,authentication_required,558,0.4502,0.6249,1,3,0.5275,0.6455,5264,0
88184.45,credit_card,gateway_c,issuer_unavailable,760,0.9217,0.7204,0,0,0.5708,0.2251,3100,1
491.99,debit_card,gateway_b,insufficient_funds,851,0.1439,0.501,0,1,0.4185,0.6327,4352,0
31933.51,wallet,gateway_c,authentication_required,53,0.6079,0.2258,1,0,0.7759,0.7412,5623,0
90440.92,upi,gateway_a,temporary_gateway_error,649,0.1817,0.7993,0,2,0.4704,0.4332,7042,0
63356.66,credit_card,gateway_a,card_expired,545,0.1688,0.1651,0,2,0.8228,0.7129,111,0
2929.24,upi,gateway_a,temporary_gateway_error,806,0.1257,0.2808,0,4,0.4786,0.8814,2173,1
43887.92,credit_card,gateway_a,suspected_fraud,792,0.8844,0.7556,0,2,0.7337,0.2814,121,0
30372.52,wallet,gateway_a,issuer_unavailable,831,0.6303,0.1005,0,0,0.5157,0.2008,7028,0
43150.18,upi,gateway_b,temporary_gateway_error,719,0.6044,0.302,0,0,0.6384,0.6707,5957,0
85952.59,credit_card,gateway_c,insufficient_funds,757,0.9468,0.2336,0,2,0.9481,0.8949,4763,0
17138.05,upi,gateway_b,issuer_unavailable,700,0.8374,0.7986,0,4,0.3842,0.5458,6936,0
75813.29,upi,gateway_c,suspected_fraud,618,0.0771,0.1799,0,0,0.6599,0.4489,5001,0
49769.7,net_banking,gateway_a,network_timeout,548,0.469,0.2653,0,2,0.7953,0.3903,457,1
38642.67,wallet,gateway_b,issuer_unavailable,520,0.3865,0.2902,1,2,0.6312,0.7039,6156,0
67536.46,credit_card,gateway_c,authentication_required,136,0.458,0.8468,1,0,0.9927,0.6066,514,1
58723.63,credit_card,gateway_a,authentication_required,505,0.2153,0.4904,1,3,0.9996,0.4325,92,0
71306.56,net_banking,gateway_b,insufficient_funds,891,0.9413,0.1892,0,4,0.3315,0.7019,4945,1
71845.13,wallet,gateway_b,network_timeout,574,0.4289,0.988,0,4,0.8778,0.2153,5813,1
65556.24,credit_card,gateway_a,issuer_unavailable,632,0.3252,0.973,0,2,0.6366,0.4932,5593,1
77180.39,net_banking,gateway_b,card_expired,332,0.517,0.6064,0,2,0.6039,0.8146,4432,0
79980.36,credit_card,gateway_a,card_expired,351,0.9356,0.6034,1,4,0.3915,0.8141,5288,0
53333.99,net_banking,gateway_c,temporary_gateway_error,610,0.4289,0.0836,0,0,0.519,0.3339,2370,0
35008.29,wallet,gateway_c,insufficient_funds,275,0.8054,0.4226,0,1,0.8316,0.2629,6489,0
37391.92,wallet,gateway_a,insufficient_funds,884,0.4081,0.9713,0,0,0.6353,0.2348,694,0
23297.0,wallet,gateway_b,temporary_gateway_error,952,0.0999,0.6648,0,3,0.9293,0.8937,4710,0
3295.32,net_banking,gateway_c,suspected_fraud,439,0.2883,0.8242,0,1,0.9521,0.2622,4424,0
34767.05,credit_card,gateway_c,suspected_fraud,638,0.3415,0.6825,0,0,0.4255,0.3275,5966,0
13839.61,upi,gateway_b,issuer_unavailable,332,0.8404,0.9487,0,2,0.6976,0.3167,4,1
94299.78,upi,gateway_c,insufficient_funds,641,0.2677,0.6428,0,1,0.8712,0.3518,426,1
284.76,wallet,gateway_b,network_timeout,747,0.0872,0.618,0,1,0.8758,0.6796,6212,1
63604.72,credit_card,gateway_b,insufficient_funds,507,0.0779,0.9556,0,3,0.9312,0.6039,15,0
40520.11,credit_card,gateway_c,issuer_unavailable,652,0.251,0.7015,0,1,0.3081,0.3973,1505,1
57014.02,net_banking,gateway_a,insufficient_funds,194,0.5681,0.2254,0,0,0.8035,0.6558,6395,1
75319.6,credit_card,gateway_b,insufficient_funds,577,0.6228,0.9751,0,1,0.6913,0.3647,5766,1
29831.85,net_banking,gateway_a,temporary_gateway_error,702,0.7007,0.4555,0,0,0.628,0.8142,4511,1
3441.75,wallet,gateway_c,card_expired,224,0.7083,0.085,0,4,0.8065,0.6053,1108,0
20929.44,upi,gateway_c,card_expired,969,0.1079,0.5981,0,4,0.9695,0.4389,4162,0
66110.09,upi,gateway_c,authentication_required,378,0.2271,0.0836,1,3,0.9716,0.7519,732,1
71451.85,upi,gateway_c,suspected_fraud,365,0.44,0.7184,0,0,0.4471,0.2022,3790,0
99572.7,net_banking,gateway_c,rate_limit,197,0.7396,0.948,0,3,0.9961,0.7611,6935,0
49755.86,net_banking,gateway_a,card_expired,920,0.831,0.1101,0,0,0.8987,0.3633,1876,0
7704.34,upi,gateway_a,rate_limit,962,0.4911,0.1904,0,1,0.7438,0.5252,5747,1
77279.2,wallet,gateway_a,network_timeout,724,0.446,0.9812,0,2,0.9724,0.827,3050,0
42420.39,net_banking,gateway_c,authentication_required,517,0.1915,0.5954,1,2,0.5432,0.8638,2663,1
28218.71,wallet,gateway_b,network_timeout,48,0.0405,0.4292,0,0,0.7681,0.5397,2306,1
10286.08,debit_card,gateway_b,card_expired,81,0.2083,0.7006,0,0,0.8295,0.5748,6202,0
64749.03,credit_card,gateway_a,rate_limit,304,0.2501,0.9748,0,4,0.9646,0.4142,233,1
40466.11,credit_card,gateway_a,authentication_required,973,0.694,0.4738,1,0,0.5562,0.6279,2214,1
69653.24,credit_card,gateway_b,rate_limit,872,0.9015,0.8414,0,4,0.9484,0.2164,5680,1
99677.2,debit_card,gateway_c,temporary_gateway_error,931,0.8022,0.2959,0,2,0.4316,0.6318,210,0
30120.81,wallet,gateway_c,card_expired,403,0.4548,0.027,0,4,0.4395,0.4864,2433,0
21616.11,wallet,gateway_a,temporary_gateway_error,189,0.9438,0.5509,0,4,0.9967,0.7034,1435,1
20008.31,credit_card,gateway_b,suspected_fraud,263,0.1111,0.2297,0,4,0.6403,0.5187,2720,0
88720.67,debit_card,gateway_a,rate_limit,910,0.9598,0.181,0,2,0.3986,0.2599,4492,1
80487.35,net_banking,gateway_b,issuer_unavailable,273,0.9335,0.7919,0,2,0.3476,0.8406,2932,0
68301.91,net_banking,gateway_a,temporary_gateway_error,299,0.9335,0.9228,0,2,0.333,0.2198,3376,1
79830.13,upi,gateway_c,authentication_required,950,0.1754,0.2755,1,3,0.9923,0.7466,389,0
56261.22,upi,gateway_a,rate_limit,269,0.1854,0.297,0,2,0.5157,0.7103,4014,0
95134.25,upi,gateway_b,issuer_unavailable,336,0.6353,0.0001,0,4,0.4459,0.2011,3618,0
66574.17,net_banking,gateway_c,card_expired,449,0.6393,0.5713,0,1,0.6602,0.7765,3735,0
98442.01,upi,gateway_b,suspected_fraud,897,0.2423,0.9103,0,4,0.4283,0.4979,6145,0
83994.8,credit_card,gateway_b,authentication_required,505,0.111,0.9525,1,0,0.9164,0.8084,3955,1
33758.47,debit_card,gateway_b,insufficient_funds,544,0.0719,0.389,0,4,0.7909,0.5222,1247,1
14188.97,credit_card,gateway_c,temporary_gateway_error,627,0.0873,0.823,0,1,0.9217,0.8714,576,1
28018.27,wallet,gateway_b,authentication_required,672,0.1748,0.8175,1,0,0.9848,0.8948,6062,1
27377.31,net_banking,gateway_b,insufficient_funds,143,0.1488,0.9364,0,0,0.989,0.7655,363,1
72684.94,upi,gateway_c,card_expired,683,0.4631,0.5124,1,1,0.5382,0.3995,3605,0
42982.84,net_banking,gateway_c,suspected_fraud,437,0.1592,0.9619,0,4,0.4331,0.6922,2924,0
87521.98,upi,gateway_c,temporary_gateway_error,765,0.5199,0.4686,0,1,0.7933,0.7321,6887,0
8319.25,wallet,gateway_b,rate_limit,998,0.703,0.5927,0,0,0.8629,0.6581,2422,1
14202.49,net_banking,gateway_a,suspected_fraud,507,0.5835,0.6357,0,0,0.4811,0.6249,688,0
74596.48,net_banking,gateway_c,card_expired,343,0.1117,0.8919,0,1,0.6745,0.6728,723,0
62198.54,credit_card,gateway_b,temporary_gateway_error,59,0.4328,0.8248,0,0,0.3141,0.545,2666,1
71179.16,wallet,gateway_b,temporary_gateway_error,416,0.762,0.3412,0,4,0.4401,0.4191,6644,0
31857.09,upi,gateway_b,issuer_unavailable,56,0.419,0.5006,0,0,0.5584,0.6497,1997,0
64651.63,net_banking,gateway_a,suspected_fraud,821,0.1651,0.3011,0,0,0.9992,0.4305,2517,0
46025.27,credit_card,gateway_b,temporary_gateway_error,364,0.2016,0.3725,0,3,0.891,0.8335,3530,1
7294.87,wallet,gateway_a,suspected_fraud,291,0.4167,0.5827,0,1,0.9274,0.3943,4090,0
49100.0,upi,gateway_a,network_timeout,313,0.3041,0.3885,0,0,0.4077,0.7319,3432,0
52988.47,wallet,gateway_b,insufficient_funds,661,0.4793,0.6808,0,3,0.9907,0.7043,992,0
71171.76,upi,gateway_b,rate_limit,144,0.3261,0.1247,0,0,0.8291,0.3591,153,0
16939.75,wallet,gateway_a,rate_limit,715,0.4603,0.919,0,2,0.5062,0.8325,2728,1
19499.33,wallet,gateway_b,insufficient_funds,651,0.4511,0.1046,0,2,0.8367,0.7103,2027,1
9789.0,upi,gateway_c,suspected_fraud,722,0.7933,0.8935,0,3,0.4782,0.8276,2433,0
31492.87,credit_card,gateway_c,network_timeout,765,0.6942,0.9871,0,4,0.5647,0.7476,1986,1
51303.68,wallet,gateway_c,network_timeout,788,0.8273,0.4788,0,1,0.8676,0.7767,2626,1
97025.3,debit_card,gateway_b,card_expired,948,0.6198,0.9839,0,2,0.6224,0.2321,2703,0
11041.05,net_banking,gateway_b,card_expired,270,0.7212,0.7936,0,2,0.889,0.3205,1823,0
44642.65,net_banking,gateway_c,issuer_unavailable,798,0.2826,0.2132,0,2,0.4951,0.3164,830,0
12162.16,net_banking,gateway_a,card_expired,620,0.5848,0.5381,0,0,0.8963,0.3134,4780,0
48264.23,credit_card,gateway_a,suspected_fraud,521,0.1976,0.0897,0,0,0.7015,0.3088,268,0
29311.58,wallet,gateway_a,insufficient_funds,181,0.4096,0.8816,0,1,0.9893,0.5498,780,1
92747.61,wallet,gateway_a,insufficient_funds,507,0.3067,0.4826,0,1,0.4606,0.6355,3443,0
84272.79,wallet,gateway_b,insufficient_funds,104,0.2115,0.5317,0,3,0.8284,0.4504,103,1
97723.15,upi,gateway_b,suspected_fraud,685,0.1588,0.5143,0,2,0.7465,0.7049,390,0
90737.13,credit_card,gateway_b,insufficient_funds,336,0.0517,0.0832,0,1,0.8457,0.8061,287,1
98122.53,wallet,gateway_c,temporary_gateway_error,49,0.725,0.9991,0,4,0.9194,0.6956,3639,1
51303.18,debit_card,gateway_b,card_expired,385,0.3295,0.1779,0,2,0.5319,0.3664,5076,0
62585.27,credit_card,gateway_a,rate_limit,126,0.9602,0.2791,1,1,0.5573,0.4401,6159,1
35943.46,net_banking,gateway_a,authentication_required,827,0.6306,0.8799,1,1,0.8455,0.6876,4483,1
66395.34,net_banking,gateway_b,temporary_gateway_error,26,0.6986,0.2622,0,1,0.3161,0.2106,801,1
13326.5,credit_card,gateway_c,issuer_unavailable,568,0.4003,0.9807,0,1,0.5918,0.5017,1056,1
67020.47,upi,gateway_a,network_timeout,648,0.3571,0.705,0,4,0.9751,0.4063,6016,0
49127.26,wallet,gateway_c,issuer_unavailable,106,0.7862,0.4075,0,4,0.6059,0.2613,4512,0
51145.41,debit_card,gateway_a,issuer_unavailable,674,0.1151,0.7394,0,1,0.6698,0.8684,3555,0
36938.33,credit_card,gateway_c,rate_limit,526,0.92,0.8166,0,0,0.5647,0.3898,6381,1
62278.52,debit_card,gateway_a,authentication_required,421,0.7958,0.9543,1,0,0.657,0.7071,1946,1
58338.9,net_banking,gateway_a,rate_limit,166,0.8682,0.4267,0,2,0.8499,0.855,1407,1
10172.23,credit_card,gateway_c,insufficient_funds,662,0.3708,0.4261,0,4,0.7505,0.5788,3352,0
46115.24,upi,gateway_b,suspected_fraud,555,0.1107,0.1535,0,4,0.7403,0.4609,1983,0
39451.38,net_banking,gateway_a,network_timeout,174,0.8088,0.4318,0,4,0.9134,0.7711,1392,1
65402.92,upi,gateway_a,authentication_required,506,0.3903,0.9438,1,4,0.9761,0.7924,5046,0
64643.32,net_banking,gateway_b,card_expired,890,0.6134,0.0753,0,4,0.9645,0.6527,740,0
51625.13,credit_card,gateway_a,authentication_required,356,0.6754,0.6044,1,1,0.4769,0.568,3595,1
89444.3,wallet,gateway_b,suspected_fraud,764,0.3196,0.0381,0,0,0.3889,0.6799,7143,0
99810.32,credit_card,gateway_b,authentication_required,935,0.9826,0.1439,1,1,0.927,0.6726,3542,1
3956.3,upi,gateway_b,authentication_required,619,0.8597,0.0028,1,0,0.6626,0.5927,1151,1
74385.65,credit_card,gateway_a,temporary_gateway_error,258,0.6446,0.5591,0,3,0.7865,0.6006,4250,1
43060.45,upi,gateway_a,issuer_unavailable,501,0.4521,0.439,0,4,0.3931,0.8361,5219,0
65933.97,credit_card,gateway_a,authentication_required,374,0.9298,0.9361,1,4,0.6975,0.8434,6091,0
16089.31,wallet,gateway_c,temporary_gateway_error,907,0.6616,0.3033,0,4,0.9359,0.2039,4946,0
1472.32,net_banking,gateway_a,authentication_required,768,0.6514,0.2748,1,1,0.3916,0.7768,4961,0
50793.47,upi,gateway_a,authentication_required,414,0.3453,0.8729,1,2,0.582,0.4099,2195,0
16517.15,wallet,gateway_c,suspected_fraud,269,0.1041,0.1602,0,0,0.6791,0.2373,5587,0
39407.43,net_banking,gateway_a,rate_limit,260,0.7639,0.0239,0,1,0.9216,0.2626,5791,1
47578.75,wallet,gateway_a,issuer_unavailable,404,0.5733,0.0586,0,3,0.773,0.5252,6805,0
5790.35,net_banking,gateway_c,insufficient_funds,677,0.0597,0.3072,0,0,0.3267,0.6326,1552,0
26188.44,upi,gateway_b,insufficient_funds,693,0.8957,0.0866,0,4,0.5306,0.4502,1124,0
76871.8,credit_card,gateway_b,authentication_required,798,0.9968,0.9346,1,4,0.3934,0.2075,3129,0
26863.58,wallet,gateway_a,authentication_required,215,0.439,0.8935,1,4,0.8059,0.5238,3252,1
76863.21,upi,gateway_c,insufficient_funds,760,0.4318,0.2676,0,2,0.3793,0.3153,9,0
73720.87,wallet,gateway_b,issuer_unavailable,729,0.9943,0.9626,0,4,0.4073,0.8269,1044,1
53081.62,debit_card,gateway_a,issuer_unavailable,621,0.5957,0.7864,0,4,0.3592,0.8013,6128,0
97776.54,debit_card,gateway_b,authentication_required,941,0.8457,0.9116,1,1,0.4595,0.328,2751,0
98095.74,wallet,gateway_b,insufficient_funds,852,0.6324,0.1423,0,3,0.8375,0.3213,3411,0
31299.68,net_banking,gateway_b,rate_limit,888,0.5986,0.7332,0,3,0.3088,0.5765,2833,0
89233.46,wallet,gateway_b,insufficient_funds,105,0.9805,0.1495,1,1,0.9341,0.8648,5393,0
15484.89,debit_card,gateway_b,network_timeout,77,0.582,0.4872,0,4,0.6971,0.7061,3347,1
66601.35,debit_card,gateway_a,card_expired,691,0.2704,0.0198,0,4,0.4408,0.596,5438,0
19246.54,credit_card,gateway_a,temporary_gateway_error,958,0.508,0.1914,0,3,0.7469,0.4083,3388,1
97306.39,credit_card,gateway_a,card_expired,631,0.8311,0.0215,0,4,0.7657,0.4507,3492,0
4654.31,credit_card,gateway_b,rate_limit,803,0.1245,0.014,0,0,0.7077,0.7872,1912,0
56138.78,credit_card,gateway_a,insufficient_funds,551,0.3501,0.7536,0,0,0.4017,0.7143,1059,0
14193.65,net_banking,gateway_b,suspected_fraud,59,0.6979,0.9947,0,4,0.5697,0.2118,6224,0
69370.97,debit_card,gateway_a,suspected_fraud,302,0.4817,0.2006,0,2,0.5823,0.5142,6664,0
80881.09,credit_card,gateway_c,card_expired,576,0.8807,0.2924,0,1,0.3116,0.3189,2346,0
2089.72,debit_card,gateway_b,card_expired,293,0.4084,0.5478,0,4,0.8779,0.3492,5691,0
42368.71,debit_card,gateway_b,issuer_unavailable,938,0.8919,0.3751,0,0,0.6608,0.6773,2063,1
71915.51,wallet,gateway_c,insufficient_funds,114,0.869,0.7437,0,1,0.9021,0.8777,3754,1
86038.67,net_banking,gateway_c,network_timeout,989,0.0707,0.5036,0,2,0.6061,0.6089,22,0
6645.66,net_banking,gateway_b,network_timeout,790,0.2832,0.8242,0,0,0.9747,0.7464,309,1
58937.48,debit_card,gateway_b,authentication_required,988,0.2902,0.9483,1,3,0.7929,0.4672,2379,1
16476.41,wallet,gateway_c,network_timeout,946,0.1033,0.2669,0,1,0.4326,0.6145,4742,1
5077.88,wallet,gateway_a,suspected_fraud,539,0.0635,0.695,0,0,0.5602,0.3658,5984,0
8202.8,wallet,gateway_b,card_expired,636,0.3673,0.9958,0,1,0.9425,0.8787,3951,0
63513.2,net_banking,gateway_a,rate_limit,439,0.0573,0.7177,0,2,0.461,0.7125,840,1
71825.92,net_banking,gateway_b,authentication_required,366,0.2582,0.373,1,3,0.7249,0.7207,2586,0
72682.5,credit_card,gateway_b,suspected_fraud,328,0.8386,0.0757,0,0,0.5286,0.8792,3950,0
64461.53,credit_card,gateway_a,issuer_unavailable,524,0.2645,0.3043,0,1,0.6987,0.3714,6248,1
88695.43,wallet,gateway_a,temporary_gateway_error,87,0.6541,0.153,0,3,0.9266,0.2579,6223,0
77593.47,net_banking,gateway_c,card_expired,796,0.5072,0.9469,0,2,0.523,0.7757,3636,0
77370.42,upi,gateway_b,issuer_unavailable,326,0.2405,0.2625,0,3,0.5819,0.582,2065,0
18609.64,net_banking,gateway_b,issuer_unavailable,886,0.8448,0.7452,0,3,0.7981,0.5628,502,1
23181.79,credit_card,gateway_a,temporary_gateway_error,614,0.1123,0.6554,0,3,0.3574,0.2978,2291,1
63464.44,wallet,gateway_a,temporary_gateway_error,871,0.9944,0.2026,0,4,0.6454,0.4279,3359,1
62118.21,net_banking,gateway_b,network_timeout,332,0.1186,0.5782,0,4,0.3026,0.3976,4022,0
1139.98,net_banking,gateway_a,issuer_unavailable,481,0.4373,0.6523,0,2,0.9628,0.4602,4474,1
5833.77,credit_card,gateway_b,authentication_required,933,0.9755,0.0056,1,0,0.4218,0.593,6485,0
52945.91,debit_card,gateway_c,network_timeout,635,0.1939,0.9943,0,3,0.961,0.5004,74,1
2680.61,debit_card,gateway_a,issuer_unavailable,279,0.3933,0.5203,0,0,0.9379,0.422,6329,0
92770.72,wallet,gateway_a,insufficient_funds,712,0.1983,0.1952,0,0,0.9233,0.7044,3651,1
96785.74,debit_card,gateway_c,suspected_fraud,39,0.7146,0.9788,0,3,0.6829,0.7906,1958,0
12805.71,credit_card,gateway_a,card_expired,388,0.3225,0.2197,0,2,0.8805,0.8452,193,0
14986.87,net_banking,gateway_b,insufficient_funds,577,0.3752,0.229,0,0,0.4935,0.6592,8,0
231.68,credit_card,gateway_b,insufficient_funds,285,0.5491,0.5345,0,4,0.9992,0.6094,4419,0
87979.12,net_banking,gateway_b,network_timeout,948,0.041,0.205,0,2,0.3319,0.8318,5561,1
27630.06,net_banking,gateway_a,suspected_fraud,481,0.4419,0.7489,0,3,0.8112,0.8481,3033,0
48823.44,net_banking,gateway_c,rate_limit,903,0.4863,0.9303,0,4,0.3329,0.7186,1082,0
97626.3,net_banking,gateway_a,temporary_gateway_error,555,0.3479,0.565,1,1,0.9317,0.203,4171,0
10699.7,wallet,gateway_a,card_expired,850,0.7635,0.491,0,0,0.7286,0.3724,2074,0
72959.93,wallet,gateway_c,rate_limit,742,0.9559,0.0058,0,2,0.6068,0.279,4738,0
54430.73,credit_card,gateway_a,insufficient_funds,571,0.636,0.3156,1,2,0.9504,0.5374,6401,1
31661.39,upi,gateway_b,issuer_unavailable,199,0.169,0.1793,0,4,0.8855,0.5467,2020,0
87601.49,credit_card,gateway_c,insufficient_funds,73,0.2395,0.6215,0,4,0.5872,0.4427,5769,0
34928.7,upi,gateway_c,issuer_unavailable,341,0.0169,0.9483,0,2,0.945,0.7147,1950,0
9796.3,net_banking,gateway_c,suspected_fraud,813,0.2501,0.9562,0,3,0.6817,0.3002,4503,0
21337.55,net_banking,gateway_c,network_timeout,964,0.2955,0.6267,0,3,0.7588,0.7205,3390,0
60702.08,upi,gateway_b,suspected_fraud,414,0.0709,0.1597,0,3,0.318,0.5808,6676,0
74990.77,upi,gateway_b,suspected_fraud,741,0.7249,0.7789,0,2,0.4832,0.8449,3669,0
24400.29,credit_card,gateway_c,issuer_unavailable,466,0.9629,0.1097,0,3,0.7524,0.6541,2457,1
9217.12,net_banking,gateway_c,network_timeout,822,0.212,0.5896,0,0,0.4872,0.5983,4391,1
82656.3,debit_card,gateway_c,issuer_unavailable,474,0.4993,0.6216,0,3,0.5823,0.8598,6243,0
36643.51,upi,gateway_c,issuer_unavailable,683,0.7553,0.1859,0,4,0.8325,0.7001,1053,1
76447.51,upi,gateway_c,authentication_required,949,0.1785,0.3043,1,3,0.7375,0.2955,2508,1
54251.16,net_banking,gateway_a,network_timeout,177,0.3884,0.1345,0,4,0.3785,0.2419,2881,0
357.63,wallet,gateway_a,issuer_unavailable,649,0.0937,0.8101,0,2,0.7292,0.46,4440,1
13458.35,upi,gateway_c,temporary_gateway_error,679,0.4701,0.1776,0,3,0.7122,0.5708,5727,0
61713.09,credit_card,gateway_a,card_expired,421,0.1936,0.9796,0,0,0.4183,0.8984,2414,0
56618.81,credit_card,gateway_a,card_expired,164,0.7158,0.4841,0,2,0.9375,0.4388,4011,0
14265.74,wallet,gateway_c,card_expired,486,0.5447,0.2371,0,0,0.349,0.5557,814,0
70091.84,credit_card,gateway_b,authentication_required,424,0.0352,0.536,1,1,0.7237,0.4445,1814,0
24530.0,wallet,gateway_c,temporary_gateway_error,941,0.2043,0.0707,0,1,0.7743,0.8796,5868,0
89253.85,upi,gateway_a,rate_limit,959,0.7917,0.5566,0,2,0.9302,0.8997,1289,0
14529.22,credit_card,gateway_b,rate_limit,961,0.8714,0.7487,0,1,0.9214,0.314,3625,1
33317.72,upi,gateway_a,insufficient_funds,444,0.7982,0.0534,0,2,0.8933,0.3413,635,0
38623.65,upi,gateway_a,card_expired,282,0.0575,0.3534,0,2,0.8169,0.3488,978,0
46319.05,debit_card,gateway_a,network_timeout,523,0.6645,0.5885,0,2,0.4861,0.697,2836,1
58657.63,wallet,gateway_c,insufficient_funds,641,0.5088,0.9286,0,4,0.9251,0.6234,3074,0
24579.94,debit_card,gateway_b,insufficient_funds,806,0.2795,0.0057,1,0,0.6919,0.5423,7045,0
79520.26,debit_card,gateway_c,temporary_gateway_error,728,0.4771,0.7746,0,1,0.3123,0.775,1444,1
22323.99,upi,gateway_a,authentication_required,845,0.7212,0.9534,1,4,0.9836,0.5576,3422,0
49028.17,net_banking,gateway_a,issuer_unavailable,572,0.2233,0.3624,0,0,0.7903,0.4126,280,1
21573.02,net_banking,gateway_a,authentication_required,963,0.9907,0.4581,1,2,0.3553,0.7448,2890,1
99060.21,wallet,gateway_a,issuer_unavailable,140,0.683,0.466,0,1,0.8065,0.3166,1293,0
63523.32,upi,gateway_b,card_expired,924,0.7379,0.5408,0,1,0.5392,0.8623,3327,0
77844.57,upi,gateway_b,insufficient_funds,377,0.8866,0.2431,1,2,0.6558,0.8531,4527,0
33041.58,credit_card,gateway_a,authentication_required,405,0.5831,0.2745,1,3,0.9356,0.4966,3962,0
80152.57,debit_card,gateway_a,card_expired,284,0.5798,0.3002,0,2,0.4484,0.8249,2301,0
49285.35,wallet,gateway_c,network_timeout,236,0.3913,0.1834,0,0,0.9115,0.2321,863,1
68558.03,credit_card,gateway_b,authentication_required,522,0.9393,0.3662,1,4,0.8332,0.6057,293,0
73844.3,upi,gateway_b,authentication_required,187,0.9995,0.1736,1,4,0.4487,0.7478,5975,0
47624.27,wallet,gateway_b,authentication_required,440,0.8338,0.5795,1,0,0.4652,0.5123,4473,1
19728.68,net_banking,gateway_b,authentication_required,418,0.8487,0.5464,1,1,0.4628,0.5079,6452,1
68480.91,upi,gateway_a,network_timeout,165,0.5194,0.1388,0,4,0.314,0.5199,5978,0
7564.52,net_banking,gateway_a,authentication_required,418,0.7855,0.5321,1,4,0.5548,0.8441,5399,1
52895.74,credit_card,gateway_c,insufficient_funds,481,0.6385,0.2291,0,3,0.5042,0.7091,5394,0
71141.85,credit_card,gateway_a,insufficient_funds,882,0.8166,0.0089,0,3,0.7191,0.4032,6576,0
77148.27,net_banking,gateway_a,temporary_gateway_error,915,0.9057,0.3393,0,0,0.3661,0.25,731,0
48284.39,credit_card,gateway_b,insufficient_funds,444,0.3248,0.5377,1,3,0.6355,0.7623,2737,0
37692.19,wallet,gateway_c,rate_limit,158,0.4011,0.9631,0,3,0.961,0.8649,1258,1
43031.28,net_banking,gateway_c,network_timeout,502,0.4987,0.9684,0,3,0.304,0.64,5566,0
92603.64,net_banking,gateway_b,insufficient_funds,759,0.7321,0.2538,0,0,0.5922,0.5513,3373,0
35027.5,upi,gateway_a,temporary_gateway_error,255,0.928,0.9278,0,0,0.591,0.4712,6928,0
76275.49,net_banking,gateway_a,temporary_gateway_error,424,0.407,0.0833,0,2,0.646,0.2802,1641,0
76789.42,debit_card,gateway_c,authentication_required,538,0.1295,0.0107,1,2,0.807,0.78,1529,1
24077.33,upi,gateway_c,temporary_gateway_error,883,0.9652,0.7529,0,1,0.9934,0.3606,3147,1
77343.02,wallet,gateway_b,suspected_fraud,617,0.5067,0.9288,0,2,0.6017,0.7296,6490,0
31057.0,upi,gateway_b,issuer_unavailable,70,0.8093,0.622,0,2,0.9442,0.821,6318,0
87493.08,wallet,gateway_b,rate_limit,122,0.9811,0.5488,0,2,0.7533,0.4287,5475,1
68613.45,debit_card,gateway_c,card_expired,866,0.0023,0.208,0,0,0.3992,0.2574,2042,0
85875.5,upi,gateway_b,card_expired,328,0.1367,0.7992,0,3,0.9057,0.7338,2595,0
10220.02,upi,gateway_b,network_timeout,136,0.7632,0.8633,0,0,0.3467,0.619,428,0
65096.92,debit_card,gateway_c,insufficient_funds,551,0.8898,0.8324,0,4,0.8933,0.8512,4878,0
55867.39,credit_card,gateway_a,temporary_gateway_error,673,0.2725,0.973,0,4,0.5976,0.2004,6562,0
86949.4,net_banking,gateway_b,rate_limit,550,0.0941,0.9268,0,1,0.9292,0.2846,1955,1
62525.93,upi,gateway_b,suspected_fraud,521,0.929,0.2628,0,3,0.383,0.33,139,0
86550.68,upi,gateway_c,card_expired,825,0.7448,0.0074,0,4,0.8121,0.7088,2855,0
92625.48,upi,gateway_b,suspected_fraud,278,0.715,0.9581,0,0,0.6168,0.7663,2791,0
22309.52,upi,gateway_c,card_expired,989,0.8924,0.6003,0,3,0.9714,0.3131,4947,0
42045.45,wallet,gateway_c,issuer_unavailable,384,0.7543,0.6303,0,4,0.5859,0.2884,2864,1
78204.53,upi,gateway_a,temporary_gateway_error,431,0.3834,0.6505,0,1,0.4457,0.6562,2741,1
59658.59,upi,gateway_b,authentication_required,837,0.7246,0.9429,1,2,0.5444,0.3622,4895,1
13771.18,debit_card,gateway_a,authentication_required,382,0.7026,0.692,1,4,0.656,0.3517,2291,0
30199.55,upi,gateway_a,rate_limit,274,0.9796,0.5371,0,1,0.4273,0.4496,56,0
30398.64,credit_card,gateway_a,rate_limit,991,0.4811,0.3184,0,4,0.9702,0.2582,3573,0
80686.27,debit_card,gateway_c,issuer_unavailable,851,0.8492,0.8667,0,4,0.3363,0.4385,1025,0
74246.47,debit_card,gateway_a,card_expired,728,0.9719,0.4006,0,0,0.9921,0.7415,5337,0
96819.8,credit_card,gateway_c,card_expired,722,0.8126,0.7932,0,1,0.9506,0.8399,5411,0
3964.29,credit_card,gateway_c,insufficient_funds,458,0.835,0.8476,0,4,0.6546,0.7828,2171,0
36287.17,credit_card,gateway_a,insufficient_funds,564,0.5383,0.8306,0,4,0.4571,0.4745,723,0
4168.05,upi,gateway_b,temporary_gateway_error,84,0.8384,0.1026,0,2,0.5165,0.2705,2207,1
83552.15,debit_card,gateway_c,suspected_fraud,922,0.0616,0.0309,0,2,0.4434,0.3616,5518,0
67061.89,wallet,gateway_a,network_timeout,180,0.3811,0.2362,0,4,0.3995,0.8286,5616,0
5258.6,net_banking,gateway_c,network_timeout,373,0.0148,0.7185,0,0,0.8472,0.7243,2435,1
65158.01,net_banking,gateway_b,authentication_required,649,0.3497,0.0282,1,2,0.3318,0.5282,3181,0
78447.74,credit_card,gateway_a,rate_limit,710,0.5595,0.9259,0,3,0.4284,0.5811,1886,1
30500.55,wallet,gateway_b,card_expired,501,0.5295,0.3076,0,2,0.8326,0.6241,4983,0
71681.8,upi,gateway_c,issuer_unavailable,389,0.4373,0.1637,0,1,0.9934,0.3006,553,1
29136.75,debit_card,gateway_a,suspected_fraud,336,0.7183,0.1767,0,4,0.532,0.8589,728,0
46224.22,net_banking,gateway_b,card_expired,461,0.824,0.0268,0,1,0.5458,0.8348,3493,0
93642.01,wallet,gateway_a,insufficient_funds,282,0.3406,0.8122,0,4,0.3904,0.3439,5270,0
73968.92,net_banking,gateway_a,issuer_unavailable,617,0.2721,0.4154,0,4,0.5263,0.6192,1994,1
69276.22,credit_card,gateway_b,rate_limit,41,0.9708,0.3503,1,0,0.7199,0.7722,6369,1
65553.43,debit_card,gateway_c,insufficient_funds,418,0.5562,0.2778,0,0,0.847,0.4442,591,0
47557.76,debit_card,gateway_a,insufficient_funds,319,0.6939,0.8084,0,0,0.8213,0.334,2642,0
27000.03,net_banking,gateway_c,insufficient_funds,663,0.7352,0.1174,0,0,0.8432,0.5973,2925,0
505.73,debit_card,gateway_b,suspected_fraud,39,0.2404,0.1167,0,1,0.7238,0.2313,4340,0
37784.85,credit_card,gateway_b,authentication_required,990,0.522,0.0342,1,1,0.7696,0.3572,2503,0
2206.62,upi,gateway_b,rate_limit,550,0.6762,0.456,0,2,0.3973,0.256,6494,1
60199.37,net_banking,gateway_b,temporary_gateway_error,286,0.9511,0.3073,0,2,0.3689,0.3628,5991,1
35175.38,wallet,gateway_c,issuer_unavailable,840,0.478,0.4572,0,3,0.8214,0.4971,3174,1
20903.19,credit_card,gateway_b,suspected_fraud,728,0.3736,0.4541,0,1,0.8624,0.6373,4486,0
1665.42,credit_card,gateway_a,temporary_gateway_error,510,0.2664,0.6865,0,0,0.9421,0.2209,737,1
66777.18,debit_card,gateway_a,issuer_unavailable,115,0.9371,0.9374,0,1,0.7444,0.606,3669,1
85877.15,upi,gateway_c,authentication_required,619,0.1958,0.9139,1,0,0.4156,0.8979,1555,1
56244.52,credit_card,gateway_b,suspected_fraud,831,0.0608,0.4901,0,2,0.5408,0.296,3087,0
84321.32,net_banking,gateway_c,insufficient_funds,908,0.9302,0.7481,0,2,0.6641,0.3902,5969,0
46673.78,debit_card,gateway_b,insufficient_funds,786,0.4849,0.2679,0,2,0.5922,0.5093,6162,0
51163.38,wallet,gateway_a,issuer_unavailable,640,0.2392,0.9351,0,3,0.3799,0.6458,5181,0
68247.99,upi,gateway_c,authentication_required,801,0.3494,0.8732,1,3,0.694,0.3059,1576,1
1254.52,wallet,gateway_a,authentication_required,918,0.3284,0.6958,1,0,0.7489,0.8366,660,1
79378.4,debit_card,gateway_c,issuer_unavailable,719,0.1177,0.6657,0,4,0.5214,0.4809,5414,0
50899.65,upi,gateway_a,insufficient_funds,988,0.2296,0.3979,0,1,0.9767,0.658,5135,0
9062.32,debit_card,gateway_a,rate_limit,926,0.1287,0.5457,0,1,0.5051,0.6435,966,1
90918.65,wallet,gateway_a,temporary_gateway_error,102,0.8684,0.3286,0,0,0.8662,0.6661,2204,1
70811.33,net_banking,gateway_c,suspected_fraud,748,0.5407,0.8189,0,3,0.8672,0.4266,902,0
33657.66,net_banking,gateway_b,network_timeout,178,0.695,0.849,0,3,0.4592,0.4213,4511,0
73276.49,upi,gateway_c,authentication_required,323,0.0063,0.6035,1,4,0.7393,0.3877,4327,0
76262.55,upi,gateway_a,rate_limit,619,0.4161,0.6796,0,3,0.754,0.2602,3677,0
22546.83,debit_card,gateway_b,insufficient_funds,777,0.2312,0.9958,0,2,0.3434,0.2293,2135,1
32776.29,credit_card,gateway_a,network_timeout,324,0.4301,0.2329,0,1,0.4275,0.4216,512,1
92229.79,debit_card,gateway_b,authentication_required,276,0.1684,0.6648,1,1,0.3331,0.7515,3534,0
93836.83,wallet,gateway_c,temporary_gateway_error,593,0.686,0.4095,0,0,0.5279,0.2066,3980,1
81206.53,upi,gateway_a,suspected_fraud,203,0.8154,0.0153,0,3,0.5321,0.5033,2857,0
80530.18,credit_card,gateway_c,issuer_unavailable,243,0.737,0.7114,1,0,0.8525,0.7572,6344,0
99338.75,upi,gateway_b,temporary_gateway_error,195,0.0723,0.7042,0,0,0.5742,0.4335,4379,0
18979.67,credit_card,gateway_a,issuer_unavailable,675,0.7826,0.8322,0,4,0.7267,0.7763,6352,1
52533.91,debit_card,gateway_a,network_timeout,585,0.0991,0.5387,0,3,0.6505,0.4048,2603,0
55172.26,upi,gateway_c,issuer_unavailable,946,0.6649,0.2798,0,1,0.3165,0.6386,6924,1
64104.38,wallet,gateway_c,authentication_required,939,0.6696,0.0172,1,0,0.9326,0.3626,3675,1
50300.61,net_banking,gateway_a,temporary_gateway_error,66,0.2799,0.3267,0,3,0.641,0.7646,3395,1
36818.97,net_banking,gateway_c,network_timeout,430,0.5559,0.6956,0,2,0.3726,0.5002,1937,1
89060.53,debit_card,gateway_c,rate_limit,803,0.4937,0.4501,1,4,0.717,0.8241,3866,0
18087.68,credit_card,gateway_a,authentication_required,176,0.9385,0.7934,1,1,0.8883,0.2669,5939,0
22559.69,net_banking,gateway_b,rate_limit,501,0.6624,0.8973,0,0,0.9457,0.8465,6424,1
69155.4,debit_card,gateway_a,insufficient_funds,335,0.0611,0.7629,1,3,0.9633,0.5082,3211,0
34733.94,upi,gateway_a,network_timeout,125,0.3581,0.337,0,1,0.3154,0.2688,6624,0
29758.18,upi,gateway_b,issuer_unavailable,274,0.2247,0.5255,1,2,0.5103,0.4988,5320,0
88381.89,debit_card,gateway_c,insufficient_funds,689,0.8703,0.4755,0,1,0.6814,0.6152,1707,0
27383.14,credit_card,gateway_a,suspected_fraud,33,0.3191,0.5808,0,2,0.3388,0.4074,1281,0
674.34,net_banking,gateway_a,insufficient_funds,982,0.8557,0.4907,0,3,0.9956,0.3948,4522,0
35406.49,credit_card,gateway_a,card_expired,937,0.3705,0.2098,0,1,0.5487,0.4949,1072,0
1440.14,wallet,gateway_c,suspected_fraud,845,0.5772,0.7565,0,1,0.3654,0.6001,6503,0
9748.83,net_banking,gateway_a,card_expired,622,0.7999,0.2749,0,0,0.6667,0.3359,6051,0
40344.99,upi,gateway_a,card_expired,686,0.4333,0.8774,0,2,0.6683,0.3374,5795,0
51805.74,credit_card,gateway_b,temporary_gateway_error,71,0.5284,0.6859,0,4,0.386,0.4113,3002,1
89808.19,wallet,gateway_a,insufficient_funds,955,0.1003,0.2962,0,0,0.792,0.7502,4621,0
96061.01,upi,gateway_c,rate_limit,255,0.8038,0.7118,0,1,0.8987,0.7457,6671,1
68351.53,credit_card,gateway_a,issuer_unavailable,125,0.1133,0.4003,1,3,0.6781,0.2547,5195,0
7162.54,credit_card,gateway_a,temporary_gateway_error,496,0.4998,0.339,0,1,0.7109,0.4448,2789,0
16088.35,upi,gateway_a,authentication_required,693,0.7839,0.0659,1,3,0.8533,0.2803,4392,0
73810.2,upi,gateway_b,insufficient_funds,901,0.9896,0.5839,0,3,0.503,0.7955,1812,0
5154.62,wallet,gateway_c,insufficient_funds,234,0.1701,0.5271,0,3,0.9904,0.756,2476,0
36519.45,credit_card,gateway_c,issuer_unavailable,687,0.0216,0.434,0,3,0.9344,0.3362,592,1
93132.48,credit_card,gateway_a,issuer_unavailable,612,0.7508,0.3664,0,0,0.7199,0.7266,4190,0
11979.1,net_banking,gateway_b,issuer_unavailable,870,0.2609,0.9962,0,3,0.5213,0.6015,864,0
68252.41,wallet,gateway_b,suspected_fraud,229,0.5389,0.7875,0,0,0.9471,0.2252,2843,0
42571.62,net_banking,gateway_a,temporary_gateway_error,30,0.687,0.3426,0,0,0.8384,0.3312,1131,1
75905.99,wallet,gateway_c,temporary_gateway_error,556,0.5283,0.1673,0,3,0.3585,0.2764,1043,0
15019.62,credit_card,gateway_b,temporary_gateway_error,870,0.122,0.7056,0,2,0.3163,0.2,4169,0
7223.56,upi,gateway_c,suspected_fraud,356,0.5064,0.1355,0,2,0.722,0.7672,3807,0
47519.91,wallet,gateway_c,card_expired,468,0.6557,0.6175,1,3,0.9599,0.3969,7074,0
92054.74,net_banking,gateway_c,authentication_required,594,0.0189,0.6807,1,4,0.7698,0.6112,670,0
49411.63,credit_card,gateway_b,rate_limit,626,0.3003,0.1816,0,1,0.6252,0.6628,6178,1
50898.64,wallet,gateway_c,authentication_required,111,0.198,0.0133,1,2,0.7643,0.7314,5987,0
98698.25,wallet,gateway_c,issuer_unavailable,661,0.2523,0.1014,0,1,0.6931,0.4125,5550,0
28730.25,upi,gateway_a,network_timeout,845,0.5765,0.2834,0,4,0.596,0.3124,4116,0
110.87,net_banking,gateway_c,temporary_gateway_error,546,0.5772,0.3321,0,4,0.6117,0.7684,2287,1
37678.25,wallet,gateway_b,suspected_fraud,705,0.549,0.7623,0,4,0.6461,0.8599,3684,0
15731.94,wallet,gateway_a,card_expired,23,0.4373,0.7333,0,4,0.707,0.3488,2690,0
84083.13,debit_card,gateway_b,issuer_unavailable,361,0.5986,0.5442,0,4,0.8922,0.5838,3161,1
18327.0,net_banking,gateway_a,insufficient_funds,496,0.4685,0.4865,1,3,0.3355,0.4905,1961,0
6548.35,net_banking,gateway_c,temporary_gateway_error,136,0.6615,0.5312,0,1,0.3842,0.4534,1477,1
9949.47,upi,gateway_b,authentication_required,89,0.6777,0.297,1,1,0.5064,0.4204,4820,1
1705.42,wallet,gateway_c,issuer_unavailable,144,0.8363,0.1382,0,3,0.7879,0.4878,1892,0
53157.02,net_banking,gateway_c,card_expired,264,0.7924,0.866,0,3,0.7886,0.6928,372,0
78656.05,debit_card,gateway_c,issuer_unavailable,696,0.8787,0.6933,0,4,0.4103,0.4543,2589,0
63830.72,credit_card,gateway_c,rate_limit,988,0.895,0.6712,0,4,0.6492,0.5723,838,0
10737.88,debit_card,gateway_c,suspected_fraud,704,0.4926,0.8423,0,0,0.6555,0.7479,6093,0
31008.89,debit_card,gateway_c,suspected_fraud,902,0.231,0.6975,0,4,0.4563,0.6158,5437,0
49191.19,debit_card,gateway_b,temporary_gateway_error,882,0.6805,0.9927,0,3,0.6942,0.8562,4633,1
83465.91,upi,gateway_b,card_expired,942,0.4789,0.1372,0,0,0.5615,0.7235,5335,0
62989.17,debit_card,gateway_c,authentication_required,401,0.7868,0.0031,1,1,0.5146,0.8717,5891,0
97882.04,debit_card,gateway_b,temporary_gateway_error,510,0.5229,0.9095,0,3,0.9849,0.4302,5018,1
34699.86,credit_card,gateway_a,card_expired,611,0.3054,0.5796,1,2,0.8236,0.273,2549,0
56919.27,net_banking,gateway_c,temporary_gateway_error,889,0.9546,0.0347,0,2,0.5857,0.6362,1707,0
70568.15,wallet,gateway_b,rate_limit,782,0.5991,0.1171,1,0,0.8009,0.2762,3814,1
56752.6,debit_card,gateway_b,temporary_gateway_error,403,0.2015,0.0044,0,2,0.9504,0.3592,3716,1
64957.84,upi,gateway_b,card_expired,342,0.0995,0.9214,0,4,0.7064,0.2203,3155,0
73900.76,credit_card,gateway_c,rate_limit,242,0.1844,0.0083,1,3,0.6792,0.6053,2919,0
75338.9,upi,gateway_a,issuer_unavailable,304,0.2377,0.8543,0,1,0.4928,0.2956,3433,1
59379.21,wallet,gateway_a,card_expired,64,0.1586,0.2796,0,0,0.5796,0.8176,3948,0
86295.58,wallet,gateway_c,authentication_required,923,0.98,0.3117,1,0,0.4156,0.6397,1509,0
82125.05,credit_card,gateway_a,suspected_fraud,788,0.6285,0.4356,0,3,0.4114,0.6235,3640,0
44161.03,debit_card,gateway_b,rate_limit,589,0.3675,0.9636,1,0,0.3005,0.3517,6573,0
64485.39,net_banking,gateway_a,temporary_gateway_error,732,0.4083,0.7842,0,2,0.9577,0.8004,5716,0
52157.11,net_banking,gateway_a,insufficient_funds,407,0.8657,0.6475,0,2,0.3379,0.7692,5651,0
3863.39,debit_card,gateway_c,insufficient_funds,720,0.1999,0.996,1,1,0.3294,0.7479,1654,0
96265.08,wallet,gateway_a,rate_limit,618,0.2318,0.0926,0,0,0.9255,0.8148,1765,0
95087.56,net_banking,gateway_b,issuer_unavailable,761,0.6833,0.4357,0,0,0.9624,0.6467,2800,0
85257.39,credit_card,gateway_a,authentication_required,429,0.7372,0.04,1,4,0.7619,0.5203,6436,1
30409.47,debit_card,gateway_b,temporary_gateway_error,148,0.4638,0.4535,0,0,0.5939,0.2623,5062,0
65563.04,upi,gateway_a,issuer_unavailable,932,0.7674,0.5388,0,1,0.8765,0.3251,6117,0
80350.41,wallet,gateway_b,authentication_required,142,0.4357,0.5182,1,2,0.7756,0.5334,1856,1
85681.17,debit_card,gateway_b,card_expired,869,0.8124,0.9139,0,0,0.3677,0.76,3541,0
97555.76,debit_card,gateway_a,authentication_required,352,0.9076,0.5926,1,1,0.9022,0.7335,263,0
21961.67,net_banking,gateway_b,network_timeout,230,0.0292,0.1541,0,4,0.3916,0.5903,3893,1
94799.63,debit_card,gateway_a,temporary_gateway_error,993,0.8114,0.0544,0,4,0.6985,0.8256,1284,1
70866.38,wallet,gateway_a,authentication_required,315,0.0949,0.8154,1,0,0.3509,0.2722,3298,0
96662.46,debit_card,gateway_a,insufficient_funds,688,0.3005,0.3837,0,3,0.3523,0.3609,3135,0
50151.51,net_banking,gateway_a,rate_limit,260,0.4746,0.7888,0,2,0.9018,0.4226,7163,0
66668.81,net_banking,gateway_b,network_timeout,157,0.9059,0.4503,0,4,0.5156,0.8753,2156,1
83587.09,credit_card,gateway_b,issuer_unavailable,242,0.8788,0.9164,0,3,0.9871,0.8516,4194,0
60465.78,net_banking,gateway_c,card_expired,219,0.653,0.3331,0,4,0.8965,0.3668,3024,0
15585.19,credit_card,gateway_c,suspected_fraud,980,0.4339,0.1952,0,1,0.6389,0.7632,195,0
70808.19,credit_card,gateway_c,network_timeout,630,0.6753,0.2661,0,0,0.8076,0.8577,4027,0
29035.91,net_banking,gateway_a,issuer_unavailable,73,0.5746,0.0345,0,1,0.694,0.3177,5305,0
51537.71,upi,gateway_c,insufficient_funds,576,0.0829,0.7404,0,1,0.4185,0.3454,4164,1
89194.7,credit_card,gateway_b,insufficient_funds,808,0.0313,0.057,0,3,0.6283,0.2751,48,0
17284.95,wallet,gateway_a,temporary_gateway_error,958,0.8655,0.9859,0,4,0.7162,0.8071,6171,1
62909.49,net_banking,gateway_a,network_timeout,78,0.2916,0.2161,0,4,0.4924,0.4072,1428,0
24186.01,credit_card,gateway_c,authentication_required,331,0.4491,0.0381,1,2,0.5103,0.4011,7195,0
45735.26,wallet,gateway_b,suspected_fraud,264,0.5659,0.4829,0,3,0.9972,0.5934,7084,0
95251.97,upi,gateway_b,rate_limit,928,0.2155,0.1901,0,2,0.643,0.4366,5903,1
88273.72,debit_card,gateway_a,issuer_unavailable,421,0.244,0.7104,0,3,0.8754,0.2709,5151,1
70708.65,credit_card,gateway_b,temporary_gateway_error,936,0.3311,0.7812,0,2,0.6296,0.3163,7043,0
70759.28,wallet,gateway_a,issuer_unavailable,866,0.3712,0.6903,0,2,0.4697,0.3082,3214,1
87539.78,net_banking,gateway_b,rate_limit,328,0.4292,0.0035,0,4,0.7019,0.836,2025,0
70577.74,net_banking,gateway_b,rate_limit,169,0.3466,0.1131,0,3,0.6367,0.5193,6389,1
93666.3,debit_card,gateway_b,rate_limit,317,0.7314,0.0421,0,4,0.931,0.3535,2242,0
61322.92,credit_card,gateway_b,authentication_required,595,0.6219,0.2863,1,2,0.9205,0.5986,1167,1
6802.44,upi,gateway_a,suspected_fraud,486,0.4239,0.1327,0,1,0.9499,0.6922,4605,0
28065.53,net_banking,gateway_b,insufficient_funds,676,0.0051,0.0726,0,4,0.7821,0.6457,1386,0
61338.92,debit_card,gateway_c,card_expired,719,0.8161,0.3304,0,0,0.3049,0.627,2550,0
25909.95,credit_card,gateway_b,issuer_unavailable,832,0.914,0.9617,0,4,0.8618,0.4225,3283,1
57279.5,debit_card,gateway_c,insufficient_funds,666,0.3184,0.0242,0,2,0.4533,0.4203,4440,0
59588.23,net_banking,gateway_c,rate_limit,647,0.9544,0.3399,0,3,0.8607,0.2847,2712,1
63674.1,debit_card,gateway_b,authentication_required,649,0.3719,0.2762,1,4,0.3222,0.7171,5434,1
41427.96,wallet,gateway_a,network_timeout,650,0.121,0.2539,0,1,0.8393,0.5944,3963,0
42526.52,wallet,gateway_b,temporary_gateway_error,898,0.3722,0.3286,0,1,0.4205,0.2502,83,1
1136.56,net_banking,gateway_b,issuer_unavailable,178,0.3025,0.2942,0,4,0.8929,0.6904,1244,0
8111.9,debit_card,gateway_b,card_expired,362,0.3981,0.9042,0,2,0.3944,0.6593,3450,0
84875.92,credit_card,gateway_a,suspected_fraud,196,0.7013,0.1839,0,4,0.6792,0.6201,1711,0
6996.05,net_banking,gateway_c,suspected_fraud,710,0.1546,0.677,0,0,0.5707,0.8771,3452,0
70118.56,credit_card,gateway_c,rate_limit,210,0.2862,0.3784,0,4,0.947,0.3195,6798,1
28893.0,wallet,gateway_a,insufficient_funds,591,0.9786,0.1864,0,3,0.755,0.8563,6247,0
80530.35,debit_card,gateway_b,card_expired,764,0.9336,0.4762,0,3,0.4881,0.8976,2331,0
95513.05,upi,gateway_c,temporary_gateway_error,369,0.85,0.6349,0,2,0.7451,0.7966,5171,1
18423.17,wallet,gateway_a,authentication_required,216,0.7173,0.7501,1,3,0.4923,0.2392,6497,0
97149.44,wallet,gateway_b,rate_limit,861,0.49,0.8634,0,0,0.6968,0.4726,6633,1
24088.14,net_banking,gateway_a,network_timeout,119,0.7331,0.9525,0,1,0.7504,0.2816,1026,1
48801.41,credit_card,gateway_a,issuer_unavailable,335,0.0975,0.309,0,3,0.4002,0.5814,2081,0
47262.5,wallet,gateway_c,suspected_fraud,717,0.8333,0.6729,0,3,0.503,0.4239,431,0
20966.65,wallet,gateway_c,rate_limit,551,0.9912,0.6188,0,4,0.5354,0.2335,6914,1
81904.49,debit_card,gateway_b,rate_limit,235,0.8199,0.0362,0,3,0.957,0.2516,303,0
59482.94,wallet,gateway_a,card_expired,55,0.6211,0.6178,0,4,0.9777,0.8969,4547,0
13483.51,credit_card,gateway_b,temporary_gateway_error,726,0.982,0.4361,0,0,0.5695,0.8976,2542,1
33773.96,credit_card,gateway_a,suspected_fraud,67,0.6531,0.6727,0,0,0.932,0.7788,2416,0
99285.91,upi,gateway_b,temporary_gateway_error,728,0.9526,0.0716,0,0,0.9075,0.686,224,1
95584.14,wallet,gateway_c,temporary_gateway_error,240,0.647,0.6681,1,4,0.4549,0.8309,4959,0
75779.64,wallet,gateway_b,insufficient_funds,181,0.3606,0.7089,0,4,0.5353,0.3244,5112,0
51767.85,net_banking,gateway_b,rate_limit,649,0.4381,0.7783,0,2,0.6048,0.575,4137,1
20520.73,net_banking,gateway_b,suspected_fraud,863,0.8123,0.528,0,1,0.3989,0.7185,4830,0
24567.45,credit_card,gateway_c,suspected_fraud,606,0.4152,0.6376,0,1,0.3496,0.5084,5674,0
50428.5,debit_card,gateway_a,rate_limit,41,0.2242,0.4637,0,1,0.7283,0.8162,5146,0
1862.11,debit_card,gateway_a,network_timeout,858,0.3291,0.3471,0,4,0.4961,0.3237,4990,0
27032.9,net_banking,gateway_c,issuer_unavailable,728,0.462,0.4038,0,4,0.5328,0.8155,1048,1
10838.9,wallet,gateway_c,authentication_required,375,0.6063,0.8378,1,4,0.3988,0.6399,1033,1
82076.26,net_banking,gateway_c,suspected_fraud,95,0.8445,0.0376,0,2,0.7672,0.889,7025,0
480.71,credit_card,gateway_c,network_timeout,40,0.4519,0.6234,0,2,0.6147,0.2298,4876,1
34651.8,wallet,gateway_b,insufficient_funds,338,0.1528,0.9871,0,2,0.3294,0.2465,4657,0
68048.22,net_banking,gateway_a,suspected_fraud,246,0.9849,0.5584,0,4,0.5836,0.435,1182,0
48705.72,net_banking,gateway_a,insufficient_funds,35,0.1752,0.0503,0,4,0.3825,0.4479,2086,0
31569.29,wallet,gateway_c,card_expired,935,0.6827,0.5661,0,3,0.7804,0.2074,4949,0
35391.98,debit_card,gateway_c,suspected_fraud,418,0.6853,0.376,0,2,0.5916,0.3046,457,0
96090.65,debit_card,gateway_a,insufficient_funds,691,0.7562,0.9478,0,0,0.3285,0.2705,4085,1
83186.19,net_banking,gateway_a,suspected_fraud,271,0.7491,0.2243,1,3,0.7099,0.548,391,0
56844.23,credit_card,gateway_a,authentication_required,822,0.0685,0.7365,1,1,0.6355,0.2338,4569,0
40020.74,upi,gateway_a,network_timeout,865,0.8456,0.7273,0,3,0.8326,0.4296,895,0
5524.96,debit_card,gateway_a,issuer_unavailable,426,0.7568,0.5009,0,2,0.424,0.5945,254,1
96259.17,net_banking,gateway_a,authentication_required,667,0.4174,0.5424,1,4,0.7711,0.7622,6573,1
14029.19,net_banking,gateway_c,issuer_unavailable,755,0.8816,0.9002,0,1,0.377,0.5349,5975,0
34056.97,upi,gateway_c,temporary_gateway_error,690,0.6609,0.5829,0,1,0.5821,0.2481,5082,1
29986.07,net_banking,gateway_a,suspected_fraud,158,0.9118,0.8637,0,4,0.9782,0.5985,5664,0
91467.91,net_banking,gateway_b,rate_limit,697,0.0262,0.9171,0,0,0.9912,0.7052,2893,0
4053.89,wallet,gateway_b,rate_limit,779,0.3863,0.8691,0,3,0.8454,0.756,5966,1
11593.98,upi,gateway_c,network_timeout,834,0.646,0.6127,0,4,0.6182,0.8967,4428,0
80864.71,upi,gateway_c,temporary_gateway_error,181,0.1014,0.6307,0,3,0.4407,0.5761,382,1
48259.77,upi,gateway_c,authentication_required,924,0.3157,0.1687,1,3,0.3851,0.7256,54,0
93309.47,credit_card,gateway_a,insufficient_funds,792,0.1144,0.269,0,4,0.9619,0.2534,4986,0
33732.53,credit_card,gateway_b,temporary_gateway_error,756,0.711,0.0021,0,1,0.3883,0.4285,5606,1
83678.91,credit_card,gateway_a,authentication_required,80,0.536,0.6927,1,3,0.7434,0.4338,414,0
79411.11,net_banking,gateway_b,card_expired,411,0.8225,0.63,0,2,0.3468,0.376,580,0
99993.81,wallet,gateway_a,suspected_fraud,160,0.9428,0.7065,0,4,0.7996,0.6156,6874,0
91159.02,debit_card,gateway_b,suspected_fraud,230,0.0323,0.2662,0,2,0.9551,0.493,2750,0
52460.05,upi,gateway_a,rate_limit,177,0.271,0.8672,0,3,0.9363,0.7734,3221,1
79904.44,net_banking,gateway_b,authentication_required,812,0.0913,0.2246,1,3,0.4761,0.2763,2974,0
15583.48,upi,gateway_c,suspected_fraud,595,0.062,0.383,0,4,0.4717,0.8017,6409,0
98219.57,net_banking,gateway_a,card_expired,261,0.069,0.8434,0,1,0.3387,0.2452,2494,0
97043.05,credit_card,gateway_a,suspected_fraud,296,0.817,0.0194,0,2,0.4295,0.3988,6525,0
5413.0,credit_card,gateway_b,issuer_unavailable,967,0.4048,0.6579,0,0,0.622,0.6726,1585,1
78136.29,wallet,gateway_a,rate_limit,561,0.4592,0.6195,0,4,0.8968,0.5426,971,0
3168.61,wallet,gateway_c,issuer_unavailable,397,0.5262,0.5396,0,1,0.7357,0.8598,1016,0
97259.47,credit_card,gateway_b,rate_limit,139,0.537,0.2464,0,2,0.4668,0.4104,266,0
70850.15,upi,gateway_c,rate_limit,683,0.3923,0.014,0,3,0.9589,0.3741,3303,0
90687.85,wallet,gateway_b,network_timeout,307,0.9313,0.608,0,1,0.4671,0.7688,5605,1
85586.65,net_banking,gateway_a,suspected_fraud,625,0.0367,0.2977,0,2,0.923,0.4692,4514,0
76226.93,wallet,gateway_a,suspected_fraud,390,0.0226,0.8803,0,2,0.6824,0.343,3234,0
21135.9,credit_card,gateway_a,card_expired,850,0.3625,0.8147,0,3,0.5531,0.3108,509,0
76331.25,wallet,gateway_a,card_expired,783,0.8619,0.7767,0,2,0.5912,0.2496,5143,0
22449.89,net_banking,gateway_c,authentication_required,955,0.0525,0.736,1,0,0.5164,0.8387,6974,0
95383.78,net_banking,gateway_a,suspected_fraud,661,0.4949,0.6757,0,3,0.3576,0.4646,2339,0
97517.66,wallet,gateway_b,temporary_gateway_error,222,0.5714,0.5757,0,1,0.5539,0.8597,4188,1
89695.88,wallet,gateway_b,network_timeout,741,0.2147,0.2604,0,0,0.382,0.885,546,0
16104.76,net_banking,gateway_a,authentication_required,499,0.8408,0.3289,1,2,0.3077,0.6358,1388,1
28423.46,wallet,gateway_a,suspected_fraud,168,0.9604,0.9648,0,3,0.4133,0.5222,6685,0
79138.68,upi,gateway_b,card_expired,848,0.0042,0.3895,0,0,0.5073,0.4723,4243,0
44504.21,upi,gateway_b,rate_limit,517,0.4645,0.5161,1,1,0.5598,0.8195,391,0
49533.61,credit_card,gateway_b,authentication_required,613,0.4812,0.6976,1,2,0.3675,0.5609,7181,0
16780.05,upi,gateway_b,network_timeout,646,0.0443,0.7411,0,3,0.9923,0.7801,2379,0
83026.06,wallet,gateway_c,temporary_gateway_error,155,0.5911,0.5809,0,1,0.6444,0.2542,6774,1
35925.02,net_banking,gateway_b,card_expired,46,0.3032,0.6821,0,3,0.3932,0.5332,2707,0
69810.1,credit_card,gateway_c,rate_limit,174,0.1548,0.5925,1,3,0.602,0.4556,237,0
43527.18,wallet,gateway_c,issuer_unavailable,585,0.9192,0.4832,0,3,0.746,0.8528,3950,1
49819.43,wallet,gateway_a,suspected_fraud,615,0.4501,0.2609,0,4,0.7367,0.8114,6805,0
33644.87,debit_card,gateway_b,network_timeout,246,0.498,0.9362,0,0,0.5441,0.6282,3565,1
53606.44,net_banking,gateway_b,insufficient_funds,46,0.076,0.9738,0,0,0.5377,0.5745,6828,1
28844.56,wallet,gateway_c,temporary_gateway_error,700,0.1751,0.1053,0,4,0.8912,0.8995,3812,0
78709.57,upi,gateway_a,issuer_unavailable,82,0.8094,0.7584,0,0,0.4415,0.4588,165,0
51058.25,net_banking,gateway_a,card_expired,499,0.78,0.3236,0,4,0.5303,0.4279,4875,0
92178.08,debit_card,gateway_c,suspected_fraud,850,0.9911,0.9645,0,2,0.7888,0.2111,2740,0
53195.44,credit_card,gateway_b,card_expired,675,0.9141,0.6441,0,4,0.7136,0.7248,2162,0
7054.34,net_banking,gateway_c,suspected_fraud,349,0.9598,0.3234,0,4,0.9556,0.3139,3743,0
66653.63,wallet,gateway_a,rate_limit,552,0.3949,0.4113,0,3,0.9504,0.8805,4832,0
65670.86,net_banking,gateway_a,suspected_fraud,843,0.6591,0.1146,0,1,0.9089,0.4973,4759,0
77662.76,net_banking,gateway_b,authentication_required,96,0.4073,0.7699,1,4,0.3081,0.3854,7145,0
2789.53,debit_card,gateway_a,temporary_gateway_error,549,0.6494,0.4161,0,2,0.6343,0.7586,7097,1
82387.6,wallet,gateway_c,insufficient_funds,282,0.6559,0.682,0,1,0.5148,0.539,5571,0
14863.49,credit_card,gateway_c,issuer_unavailable,159,0.9981,0.1599,0,0,0.8316,0.5689,5003,0
62120.0,credit_card,gateway_c,authentication_required,614,0.3212,0.8994,1,1,0.4724,0.2619,3981,1
25105.85,wallet,gateway_c,insufficient_funds,909,0.1201,0.9839,0,0,0.3602,0.7624,836,1
80144.86,debit_card,gateway_b,temporary_gateway_error,910,0.7677,0.8899,0,2,0.5409,0.7496,5613,0
99230.9,upi,gateway_c,network_timeout,480,0.6192,0.5099,0,2,0.9852,0.4745,2378,0
88991.55,upi,gateway_c,temporary_gateway_error,763,0.0807,0.3554,0,1,0.6524,0.4224,1161,1
92943.52,wallet,gateway_b,authentication_required,753,0.201,0.9885,1,4,0.9763,0.2298,4542,1
90727.25,net_banking,gateway_a,issuer_unavailable,192,0.3171,0.5882,0,2,0.9465,0.6725,5758,0
12503.45,upi,gateway_a,insufficient_funds,716,0.6015,0.4854,0,3,0.8743,0.4549,5647,0
10845.49,debit_card,gateway_a,issuer_unavailable,183,0.4945,0.0799,0,3,0.6846,0.8253,5725,0
9003.8,upi,gateway_b,temporary_gateway_error,246,0.6576,0.4058,0,3,0.7238,0.3105,4801,1
82459.36,debit_card,gateway_b,insufficient_funds,689,0.6449,0.6721,0,4,0.4408,0.2982,285,1
78794.25,debit_card,gateway_b,suspected_fraud,132,0.1114,0.1243,0,4,0.3098,0.3936,1456,0
21204.78,debit_card,gateway_b,authentication_required,506,0.2294,0.5596,1,1,0.9278,0.8495,2885,0
47442.46,debit_card,gateway_c,suspected_fraud,319,0.7983,0.0292,0,2,0.6367,0.4261,2327,0
59589.88,net_banking,gateway_b,issuer_unavailable,259,0.0436,0.856,0,0,0.6419,0.6333,4455,0
53372.59,credit_card,gateway_b,insufficient_funds,512,0.0958,0.7459,0,2,0.8622,0.8056,392,1
594.57,net_banking,gateway_c,card_expired,727,0.4648,0.7925,0,0,0.8885,0.2271,2528,0
59674.18,upi,gateway_b,authentication_required,25,0.5751,0.3785,1,0,0.9349,0.5086,4536,1
11940.35,upi,gateway_b,card_expired,798,0.8852,0.8115,0,2,0.7566,0.3178,3370,0
26240.14,upi,gateway_b,card_expired,810,0.5865,0.9497,0,3,0.6827,0.5621,6317,0
5497.76,credit_card,gateway_c,insufficient_funds,985,0.9163,0.9557,0,4,0.9311,0.2626,1939,0
87997.06,debit_card,gateway_a,temporary_gateway_error,528,0.2904,0.5243,0,0,0.7328,0.6205,5265,1
6631.53,debit_card,gateway_b,authentication_required,949,0.4166,0.4959,1,3,0.9915,0.7573,2705,1
48514.99,net_banking,gateway_b,network_timeout,798,0.9973,0.7443,0,2,0.5615,0.6503,3619,0
50388.41,debit_card,gateway_c,card_expired,131,0.2164,0.8819,0,0,0.5608,0.6645,5842,0
82611.52,net_banking,gateway_b,insufficient_funds,276,0.3617,0.7328,0,2,0.8181,0.3621,5689,0
55430.65,wallet,gateway_c,suspected_fraud,760,0.5992,0.9245,0,4,0.9193,0.41,1882,0
32469.51,wallet,gateway_a,issuer_unavailable,305,0.6687,0.9997,0,1,0.6689,0.4874,5048,0
79801.33,upi,gateway_c,insufficient_funds,749,0.9851,0.8109,0,0,0.7548,0.2629,5613,0
19799.73,net_banking,gateway_c,network_timeout,446,0.5425,0.4132,0,2,0.8401,0.7447,1216,1
15440.89,upi,gateway_c,network_timeout,211,0.5317,0.2247,0,1,0.3396,0.4505,4437,0
71999.82,debit_card,gateway_a,card_expired,112,0.9305,0.4493,0,4,0.5544,0.7077,4103,0
18963.21,credit_card,gateway_c,card_expired,643,0.8906,0.0636,0,1,0.3536,0.3003,5901,0
75852.78,credit_card,gateway_b,authentication_required,514,0.4108,0.7249,1,2,0.9101,0.6578,2109,1
26018.9,upi,gateway_c,suspected_fraud,986,0.4356,0.8968,0,0,0.811,0.6006,3858,0
45717.98,wallet,gateway_a,temporary_gateway_error,897,0.6556,0.1052,0,2,0.4189,0.7006,1410,1
45047.35,wallet,gateway_a,rate_limit,500,0.2994,0.0856,0,1,0.7369,0.589,2482,1
30875.49,upi,gateway_c,card_expired,255,0.7697,0.0119,0,3,0.6333,0.8581,3824,0
51456.41,net_banking,gateway_b,issuer_unavailable,440,0.0366,0.8217,0,2,0.7246,0.7279,2311,0
92172.48,credit_card,gateway_b,rate_limit,130,0.9696,0.4425,0,1,0.5844,0.76,6586,1
35660.06,credit_card,gateway_c,card_expired,618,0.0093,0.5152,0,1,0.4627,0.5696,6181,0
92307.78,debit_card,gateway_b,issuer_unavailable,998,0.2426,0.2121,0,3,0.3625,0.3034,3210,0
84508.98,debit_card,gateway_c,rate_limit,757,0.5363,0.4326,0,4,0.9212,0.2344,1195,0
81228.69,credit_card,gateway_b,issuer_unavailable,37,0.8151,0.5841,1,2,0.3711,0.5779,5575,1
85336.84,net_banking,gateway_a,insufficient_funds,475,0.7579,0.9166,0,1,0.6243,0.361,2318,0
80744.25,debit_card,gateway_b,suspected_fraud,618,0.6332,0.1103,1,1,0.6796,0.8521,5682,0
69877.81,debit_card,gateway_b,temporary_gateway_error,707,0.0655,0.6937,0,4,0.322,0.6392,1832,0
79274.64,debit_card,gateway_b,network_timeout,767,0.4098,0.0682,0,2,0.9712,0.7724,1191,1
26761.94,upi,gateway_c,insufficient_funds,51,0.3223,0.1276,0,4,0.5862,0.5279,2351,0
49885.12,debit_card,gateway_b,card_expired,429,0.9644,0.0676,0,0,0.5628,0.5825,1394,0
49412.8,wallet,gateway_c,insufficient_funds,272,0.7916,0.2216,0,2,0.5827,0.5899,6097,1
98629.62,credit_card,gateway_c,rate_limit,195,0.3355,0.5047,0,2,0.4378,0.5454,700,1
31247.62,net_banking,gateway_a,suspected_fraud,942,0.2828,0.3313,0,4,0.5219,0.4767,6052,0
29538.16,credit_card,gateway_a,insufficient_funds,541,0.8289,0.5646,0,1,0.3815,0.746,6928,1
54354.65,net_banking,gateway_a,network_timeout,279,0.5433,0.8794,0,1,0.3396,0.6428,47,0
24353.76,upi,gateway_b,issuer_unavailable,722,0.3042,0.074,0,1,0.9759,0.6146,3882,1
29219.05,wallet,gateway_a,insufficient_funds,961,0.3253,0.9095,0,3,0.3276,0.7949,6221,0
49060.83,debit_card,gateway_c,network_timeout,647,0.9435,0.7801,0,1,0.4301,0.4968,4647,0
78346.59,net_banking,gateway_c,card_expired,520,0.3801,0.7425,0,3,0.9639,0.8163,7046,0
49844.78,upi,gateway_b,suspected_fraud,824,0.2833,0.8499,0,4,0.6788,0.7902,6330,0
92685.93,net_banking,gateway_b,suspected_fraud,430,0.2203,0.091,0,4,0.7345,0.226,4400,0
69580.65,wallet,gateway_b,insufficient_funds,131,0.0746,0.1619,0,1,0.7471,0.6486,5206,0
32290.78,debit_card,gateway_a,card_expired,437,0.9897,0.5549,0,3,0.4246,0.4838,5829,0
15531.51,wallet,gateway_c,issuer_unavailable,463,0.9056,0.7255,0,3,0.431,0.4619,1851,1
72098.27,wallet,gateway_c,network_timeout,839,0.1711,0.31,0,2,0.4019,0.4681,1177,1
31346.18,credit_card,gateway_b,card_expired,878,0.0565,0.5661,0,4,0.6539,0.2121,3822,0
96834.1,upi,gateway_c,card_expired,420,0.4723,0.9821,0,3,0.6533,0.8285,5545,0
78776.8,net_banking,gateway_a,network_timeout,418,0.9533,0.988,0,0,0.8424,0.4255,1599,1
80758.33,credit_card,gateway_b,card_expired,960,0.0942,0.7316,0,0,0.4728,0.4743,788,0
13782.63,upi,gateway_a,network_timeout,271,0.4674,0.0393,0,4,0.8466,0.7137,182,0
60298.26,credit_card,gateway_c,authentication_required,786,0.5157,0.1308,1,1,0.7241,0.5483,712,0
72402.54,wallet,gateway_a,authentication_required,983,0.6946,0.0924,1,3,0.8711,0.4525,558,0
19958.82,credit_card,gateway_c,insufficient_funds,778,0.8475,0.8672,0,3,0.7525,0.8432,2749,1
14437.58,net_banking,gateway_b,suspected_fraud,753,0.1275,1.0,0,4,0.8439,0.3806,4935,0
63084.41,upi,gateway_b,network_timeout,726,0.5803,0.1745,0,4,0.6957,0.844,1199,0
23936.41,credit_card,gateway_b,temporary_gateway_error,610,0.3372,0.7309,0,0,0.5877,0.6838,1916,0
10588.04,debit_card,gateway_b,authentication_required,366,0.6305,0.7598,1,2,0.9734,0.5706,6334,0
56009.21,debit_card,gateway_b,rate_limit,549,0.7687,0.7731,0,0,0.924,0.8638,6379,1
78512.64,wallet,gateway_c,card_expired,660,0.4323,0.8424,0,0,0.998,0.3746,4216,0
45838.54,debit_card,gateway_b,suspected_fraud,352,0.3346,0.3768,0,1,0.8074,0.4176,287,0
19665.34,credit_card,gateway_c,rate_limit,67,0.9461,0.5684,0,2,0.379,0.6913,3836,0
15344.75,credit_card,gateway_a,issuer_unavailable,636,0.1519,0.1261,0,4,0.4524,0.7762,4454,1
73912.88,debit_card,gateway_c,card_expired,622,0.6001,0.6863,0,1,0.6981,0.4809,6295,0
75983.24,debit_card,gateway_c,rate_limit,294,0.4804,0.7392,0,0,0.6126,0.7683,617,0
8683.98,upi,gateway_b,insufficient_funds,379,0.4899,0.0734,0,4,0.5913,0.478,3879,1
47610.05,upi,gateway_a,authentication_required,359,0.6587,0.411,1,2,0.9195,0.4547,4117,1
35873.58,wallet,gateway_b,temporary_gateway_error,451,0.8008,0.5919,0,2,0.6353,0.23,3389,1
18792.35,upi,gateway_b,issuer_unavailable,464,0.2833,0.0208,0,0,0.5368,0.7436,4653,1
93490.67,credit_card,gateway_b,temporary_gateway_error,924,0.4065,0.4199,0,4,0.382,0.2804,3820,1
60229.44,net_banking,gateway_a,insufficient_funds,314,0.1621,0.1235,0,1,0.6718,0.7409,6379,0
43860.08,upi,gateway_b,issuer_unavailable,106,0.4874,0.8468,0,4,0.9113,0.7531,3435,0
84867.77,credit_card,gateway_a,suspected_fraud,170,0.2768,0.1243,0,1,0.879,0.5229,4530,0
60480.56,upi,gateway_b,network_timeout,191,0.1901,0.5766,0,3,0.6388,0.4493,1474,1
14158.21,debit_card,gateway_a,network_timeout,334,0.8689,0.8052,0,2,0.6451,0.3942,632,0
85285.5,upi,gateway_b,network_timeout,126,0.9701,0.7671,0,3,0.6292,0.3042,6770,1
85968.34,wallet,gateway_a,network_timeout,499,0.7323,0.247,0,2,0.5952,0.3127,4221,0
52087.19,upi,gateway_c,rate_limit,205,0.2411,0.6927,0,0,0.8686,0.7517,1276,0
35249.02,upi,gateway_c,issuer_unavailable,776,0.4799,0.2219,0,0,0.6537,0.8283,3296,1
96238.56,debit_card,gateway_b,rate_limit,257,0.0111,0.8498,0,4,0.5854,0.5806,4912,0
10342.34,wallet,gateway_b,suspected_fraud,871,0.6173,0.0323,0,3,0.964,0.4986,327,0
79337.88,credit_card,gateway_a,suspected_fraud,492,0.9236,0.5209,0,1,0.6644,0.8638,4532,0
3704.16,wallet,gateway_a,suspected_fraud,664,0.9117,0.8993,0,1,0.8674,0.4345,3399,0
7532.34,debit_card,gateway_b,insufficient_funds,777,0.4047,0.3558,0,2,0.7002,0.8943,7060,0
21255.09,upi,gateway_a,authentication_required,442,0.062,0.0006,1,2,0.8222,0.5059,3262,0
52727.75,upi,gateway_c,temporary_gateway_error,780,0.8038,0.8381,0,3,0.8817,0.8593,3296,1
76483.02,upi,gateway_b,insufficient_funds,992,0.4259,0.1651,0,3,0.4016,0.4265,5115,0
78086.59,net_banking,gateway_b,card_expired,172,0.2168,0.7441,0,1,0.6822,0.4375,3587,0
77766.71,credit_card,gateway_a,card_expired,653,0.5072,0.8724,0,1,0.4314,0.8933,5766,0
16884.88,upi,gateway_a,insufficient_funds,420,0.1479,0.1938,0,1,0.8035,0.5174,57,1
66594.45,wallet,gateway_a,temporary_gateway_error,279,0.4387,0.4893,0,2,0.7129,0.8851,6174,0
55119.84,wallet,gateway_b,temporary_gateway_error,685,0.7379,0.7547,1,3,0.4594,0.39,917,0
14413.83,net_banking,gateway_b,card_expired,438,0.2431,0.8299,0,3,0.5916,0.867,1183,0
35833.6,wallet,gateway_c,issuer_unavailable,225,0.6913,0.1374,0,2,0.5134,0.5491,5435,0
35280.83,wallet,gateway_a,temporary_gateway_error,794,0.1945,0.9035,0,2,0.8179,0.7068,1099,0
74006.04,debit_card,gateway_c,suspected_fraud,830,0.3471,0.208,0,4,0.6223,0.8158,4469,0
49133.05,wallet,gateway_b,card_expired,61,0.9726,0.7781,0,2,0.9547,0.7603,6651,0
75427.89,credit_card,gateway_a,card_expired,916,0.215,0.4608,0,0,0.7498,0.213,3442,0
45555.35,net_banking,gateway_b,temporary_gateway_error,898,0.1348,0.0513,0,1,0.4867,0.8731,3838,1
81117.55,debit_card,gateway_b,temporary_gateway_error,925,0.5361,0.0191,0,0,0.6577,0.6778,1612,1
76010.05,upi,gateway_b,insufficient_funds,261,0.196,0.8056,1,4,0.3086,0.5888,1084,0
41485.48,upi,gateway_c,insufficient_funds,538,0.1939,0.8262,0,2,0.562,0.7542,3893,1
94004.06,debit_card,gateway_c,card_expired,202,0.1121,0.5464,0,2,0.4151,0.7048,4300,0
22872.92,wallet,gateway_b,authentication_required,36,0.5678,0.2028,1,4,0.4604,0.4997,4526,1
13738.38,upi,gateway_c,card_expired,351,0.1989,0.8161,0,2,0.358,0.218,1201,0
40048.33,upi,gateway_b,network_timeout,973,0.7922,0.0782,0,4,0.3968,0.5706,191,1
11904.33,credit_card,gateway_a,card_expired,676,0.0194,0.9696,0,4,0.6324,0.5625,2423,0
34039.42,upi,gateway_a,issuer_unavailable,335,0.0273,0.6718,0,3,0.9587,0.5312,4816,0
47813.64,upi,gateway_b,authentication_required,640,0.2159,0.2174,1,1,0.348,0.3657,3671,0
2759.53,upi,gateway_b,insufficient_funds,79,0.9195,0.9567,0,3,0.5577,0.4138,1331,0
77987.69,upi,gateway_c,rate_limit,373,0.8695,0.4292,0,4,0.7143,0.8259,3521,1
39427.47,wallet,gateway_a,rate_limit,338,0.295,0.0212,0,2,0.534,0.3753,570,0
81689.31,wallet,gateway_a,network_timeout,333,0.4558,0.247,0,2,0.9664,0.7696,855,0
34000.75,net_banking,gateway_b,authentication_required,310,0.3814,0.1816,1,4,0.6325,0.8201,5374,0
21959.95,credit_card,gateway_b,insufficient_funds,422,0.1188,0.6894,0,4,0.6291,0.7903,5194,0
81562.28,wallet,gateway_a,rate_limit,728,0.1233,0.8326,0,0,0.6239,0.4319,3016,1
80366.3,credit_card,gateway_a,rate_limit,659,0.9428,0.8211,0,4,0.7035,0.4004,5661,0
11308.63,wallet,gateway_a,temporary_gateway_error,843,0.0777,0.9288,0,4,0.8721,0.561,1199,1
78854.99,net_banking,gateway_b,suspected_fraud,492,0.7311,0.0401,0,0,0.4614,0.5153,4847,0
55843.86,wallet,gateway_a,suspected_fraud,585,0.887,0.8631,0,4,0.4336,0.2583,3352,0
79457.6,net_banking,gateway_b,insufficient_funds,915,0.423,0.4223,0,4,0.3717,0.8831,1403,0
31844.65,net_banking,gateway_c,temporary_gateway_error,546,0.8727,0.9362,0,1,0.4764,0.7634,6562,1
72608.69,upi,gateway_c,issuer_unavailable,842,0.8411,0.2989,0,3,0.4636,0.201,2330,1
67526.17,credit_card,gateway_a,card_expired,162,0.5854,0.1265,0,0,0.5161,0.6483,2056,0
35790.63,wallet,gateway_a,network_timeout,948,0.6123,0.9065,1,4,0.3522,0.7631,238,1
58581.45,credit_card,gateway_a,suspected_fraud,959,0.5671,0.7326,0,0,0.3391,0.398,6582,0
66409.71,debit_card,gateway_b,suspected_fraud,685,0.2119,0.0086,0,0,0.9338,0.6352,3,0
81777.73,credit_card,gateway_b,issuer_unavailable,815,0.9274,0.1593,0,3,0.8569,0.4887,874,0
77815.31,credit_card,gateway_c,card_expired,245,0.8428,0.1859,0,3,0.7644,0.7455,965,0
34518.31,debit_card,gateway_b,temporary_gateway_error,310,0.6331,0.0446,1,0,0.4939,0.3239,2072,0
92431.05,credit_card,gateway_c,insufficient_funds,763,0.403,0.8589,0,1,0.5191,0.6642,4106,1
11699.4,upi,gateway_b,temporary_gateway_error,456,0.6163,0.1555,0,2,0.479,0.2669,5856,1
69408.88,wallet,gateway_b,card_expired,584,0.8404,0.6602,0,3,0.905,0.6368,4732,0
10621.49,credit_card,gateway_a,card_expired,522,0.9718,0.7595,0,1,0.9324,0.7148,4779,0
40493.87,upi,gateway_c,rate_limit,182,0.2224,0.2852,0,4,0.9415,0.4403,1564,0
98182.76,credit_card,gateway_a,temporary_gateway_error,770,0.9067,0.5259,0,3,0.6024,0.7255,2598,1
87504.61,credit_card,gateway_a,network_timeout,127,0.721,0.1995,0,1,0.6432,0.7787,2113,0
33831.09,debit_card,gateway_c,suspected_fraud,841,0.0896,0.1169,0,3,0.5352,0.2486,5689,0
65224.95,wallet,gateway_a,suspected_fraud,688,0.9337,0.6439,0,0,0.4596,0.7828,3337,0
62365.23,debit_card,gateway_a,card_expired,820,0.2703,0.7682,0,1,0.9993,0.8065,4500,0
46172.59,net_banking,gateway_a,temporary_gateway_error,684,0.3212,0.5528,0,0,0.5884,0.447,3915,1
43910.87,debit_card,gateway_b,rate_limit,135,0.9016,0.0697,0,0,0.8973,0.7042,1737,0
70138.64,wallet,gateway_c,card_expired,168,0.549,0.3398,0,3,0.5198,0.6702,6280,0
61425.72,net_banking,gateway_c,network_timeout,521,0.8784,0.2461,0,2,0.4969,0.4952,4965,1
88800.31,upi,gateway_b,rate_limit,135,0.132,0.4746,0,4,0.7471,0.4872,1994,0
61566.02,upi,gateway_b,rate_limit,410,0.256,0.4713,0,2,0.3295,0.5723,6861,0
82934.19,credit_card,gateway_b,suspected_fraud,290,0.8749,0.5526,0,0,0.4101,0.7043,5323,0
27182.14,upi,gateway_a,network_timeout,449,0.528,0.6658,0,0,0.8307,0.74,2883,1
46992.69,debit_card,gateway_a,temporary_gateway_error,444,0.8168,0.8082,0,3,0.8239,0.8093,1664,1
10640.3,credit_card,gateway_c,issuer_unavailable,614,0.4216,0.1951,0,0,0.8991,0.7262,5656,0
83723.66,net_banking,gateway_a,network_timeout,429,0.8525,0.8958,0,2,0.4972,0.4276,3103,1
41500.36,credit_card,gateway_a,network_timeout,61,0.8806,0.65,0,3,0.4568,0.4032,3200,0
69856.76,credit_card,gateway_c,authentication_required,241,0.3532,0.003,1,0,0.3898,0.8018,3449,1
1578.36,debit_card,gateway_b,suspected_fraud,994,0.6414,0.6436,0,1,0.4009,0.755,6250,0
13354.43,credit_card,gateway_a,suspected_fraud,556,0.0902,0.2824,0,1,0.7929,0.5465,1132,0
41307.19,upi,gateway_b,authentication_required,503,0.8995,0.396,1,3,0.8838,0.6348,4624,1
59128.63,credit_card,gateway_b,card_expired,733,0.7687,0.6938,1,3,0.7232,0.8917,5572,0
67647.38,upi,gateway_c,temporary_gateway_error,624,0.3374,0.5335,0,1,0.8131,0.4689,632,0
80997.96,upi,gateway_c,issuer_unavailable,745,0.7641,0.4293,0,0,0.8552,0.5427,2918,1
46964.03,net_banking,gateway_b,network_timeout,279,0.3825,0.1599,0,0,0.4215,0.7352,4631,1
58490.19,net_banking,gateway_c,rate_limit,79,0.2032,0.7687,0,1,0.3107,0.7636,5428,1
27280.76,net_banking,gateway_b,temporary_gateway_error,774,0.9823,0.2535,0,2,0.4912,0.406,4356,0
4874.58,debit_card,gateway_c,card_expired,877,0.5889,0.7585,0,0,0.839,0.2225,3719,0
94403.07,net_banking,gateway_c,insufficient_funds,406,0.9753,0.7553,0,0,0.3906,0.6306,3090,1
23847.11,upi,gateway_c,network_timeout,958,0.3633,0.4893,0,3,0.5468,0.7453,988,0
82075.01,upi,gateway_a,issuer_unavailable,24,0.8266,0.0595,0,4,0.8734,0.2137,6823,0
54547.13,wallet,gateway_a,insufficient_funds,373,0.4707,0.0807,0,0,0.7509,0.4733,200,1
92219.69,credit_card,gateway_b,rate_limit,565,0.647,0.7794,0,3,0.7393,0.3768,2974,0
91750.54,debit_card,gateway_c,authentication_required,519,0.2338,0.6396,1,0,0.6038,0.8062,650,0
47113.27,net_banking,gateway_b,issuer_unavailable,458,0.0113,0.6,0,1,0.3959,0.2087,38,1
41795.19,credit_card,gateway_a,suspected_fraud,487,0.4371,0.1994,0,4,0.5039,0.4188,5862,0
33844.85,debit_card,gateway_b,suspected_fraud,463,0.3863,0.8182,0,0,0.6135,0.8698,2901,0
76304.0,wallet,gateway_a,authentication_required,279,0.2291,0.1591,1,4,0.5148,0.6731,5805,0
75106.66,wallet,gateway_a,authentication_required,82,0.3384,0.5201,1,4,0.7998,0.5846,5787,0
5660.39,upi,gateway_b,suspected_fraud,873,0.5266,0.8084,0,4,0.5318,0.4867,4238,0
28100.4,net_banking,gateway_b,insufficient_funds,315,0.3542,0.4321,0,3,0.773,0.4966,4916,0
52198.46,credit_card,gateway_b,authentication_required,880,0.4604,0.938,1,1,0.8158,0.6956,1121,0
2328.6,net_banking,gateway_a,network_timeout,748,0.4997,0.5242,0,1,0.9377,0.4209,1356,1
63255.86,credit_card,gateway_c,network_timeout,746,0.9213,0.5621,0,2,0.4863,0.6329,511,0
38897.81,credit_card,gateway_b,network_timeout,674,0.5746,0.6517,0,3,0.6379,0.4671,1922,0
49665.18,credit_card,gateway_c,issuer_unavailable,960,0.5318,0.2372,0,3,0.8258,0.2767,1758,0
39478.53,credit_card,gateway_b,issuer_unavailable,967,0.5794,0.264,1,1,0.4922,0.5688,48,0
76433.0,wallet,gateway_c,network_timeout,927,0.5118,0.4467,0,0,0.4476,0.7857,2679,0
44683.5,debit_card,gateway_a,card_expired,241,0.5628,0.3584,0,3,0.5882,0.7247,3804,0
49542.22,wallet,gateway_b,insufficient_funds,369,0.6621,0.8169,0,2,0.7678,0.4052,3292,1
1547.56,debit_card,gateway_c,suspected_fraud,519,0.3732,0.6783,0,0,0.7717,0.3312,1208,1
2795.81,wallet,gateway_c,network_timeout,355,0.6375,0.3704,0,0,0.7215,0.5629,5204,0
47029.78,credit_card,gateway_c,suspected_fraud,254,0.0368,0.979,0,0,0.5817,0.3582,1556,0
91994.27,debit_card,gateway_b,card_expired,223,0.3498,0.9318,0,0,0.6381,0.8186,2111,0
66089.8,net_banking,gateway_c,rate_limit,923,0.5172,0.1818,0,3,0.6445,0.4193,5248,0
96285.74,upi,gateway_c,network_timeout,365,0.7175,0.5551,0,3,0.3204,0.7529,3382,0
50019.5,credit_card,gateway_b,temporary_gateway_error,963,0.2846,0.9043,0,0,0.6714,0.3675,47,0
68720.35,net_banking,gateway_a,network_timeout,680,0.679,0.7471,0,2,0.6907,0.4455,6007,1
33317.38,upi,gateway_c,network_timeout,427,0.385,0.1111,0,0,0.5363,0.8616,5447,0
3034.35,wallet,gateway_b,rate_limit,384,0.4573,0.7187,0,3,0.837,0.8639,4885,0
81500.41,wallet,gateway_a,network_timeout,351,0.8137,0.1173,0,2,0.6001,0.5224,7146,0
23772.96,debit_card,gateway_a,suspected_fraud,96,0.5226,0.1997,0,3,0.53,0.6056,5854,0
63220.83,upi,gateway_b,insufficient_funds,461,0.3375,0.311,0,1,0.647,0.2972,833,1
80268.19,credit_card,gateway_a,card_expired,461,0.5526,0.583,0,3,0.5677,0.5744,2149,0
91377.33,credit_card,gateway_a,issuer_unavailable,738,0.0663,0.9057,0,4,0.4213,0.8531,703,1
64339.52,net_banking,gateway_b,temporary_gateway_error,528,0.3656,0.0929,0,2,0.6745,0.2362,2842,0
52977.11,net_banking,gateway_b,card_expired,506,0.337,0.3424,0,4,0.3315,0.201,4945,0
57062.55,debit_card,gateway_b,rate_limit,688,0.4207,0.4086,0,3,0.8915,0.7734,4297,0
87995.07,wallet,gateway_a,insufficient_funds,564,0.5952,0.7272,0,3,0.9389,0.5659,2595,1
16162.84,upi,gateway_c,issuer_unavailable,369,0.545,0.5051,0,2,0.6116,0.2203,132,1
12677.86,net_banking,gateway_a,card_expired,919,0.6305,0.2176,0,3,0.3154,0.8411,697,0
62255.07,net_banking,gateway_a,issuer_unavailable,909,0.8959,0.0582,0,3,0.5388,0.5679,2850,1
848.64,net_banking,gateway_b,authentication_required,796,0.3934,0.0051,1,3,0.6127,0.7073,6099,0
26289.99,credit_card,gateway_a,authentication_required,136,0.098,0.9456,1,3,0.5553,0.6811,5800,0
1513.66,debit_card,gateway_c,rate_limit,828,0.7227,0.1603,0,2,0.7218,0.6533,1155,1
47412.28,net_banking,gateway_a,authentication_required,712,0.6398,0.4508,1,2,0.443,0.7222,2107,0
96713.21,debit_card,gateway_a,issuer_unavailable,814,0.1268,0.1626,0,0,0.975,0.6466,737,1
22274.65,upi,gateway_b,network_timeout,501,0.247,0.8318,0,0,0.4386,0.4698,6528,0
37970.93,debit_card,gateway_c,authentication_required,987,0.7709,0.8608,1,2,0.7101,0.5154,2930,1
84229.07,credit_card,gateway_a,authentication_required,403,0.5818,0.8571,1,4,0.4388,0.633,5569,0
4181.7,debit_card,gateway_a,temporary_gateway_error,637,0.7799,0.9417,0,4,0.4141,0.8892,2874,0
49585.18,wallet,gateway_b,insufficient_funds,225,0.5732,0.3721,0,1,0.3512,0.4652,593,0
76079.8,net_banking,gateway_a,rate_limit,249,0.7345,0.4063,0,2,0.3919,0.7976,2843,0
61231.04,debit_card,gateway_c,rate_limit,376,0.1542,0.6494,0,1,0.4045,0.5588,5578,1
8197.01,credit_card,gateway_c,insufficient_funds,76,0.3338,0.3577,0,4,0.3983,0.8628,2375,0
36341.59,credit_card,gateway_c,card_expired,184,0.9591,0.356,0,0,0.7982,0.3687,5234,0
26843.23,upi,gateway_c,suspected_fraud,303,0.8016,0.7519,0,2,0.6653,0.4456,4945,0
14192.94,credit_card,gateway_c,temporary_gateway_error,143,0.7327,0.5915,0,3,0.8793,0.2852,3429,1
65818.15,net_banking,gateway_c,network_timeout,446,0.2243,0.9464,0,0,0.8445,0.8031,6321,1
26017.44,upi,gateway_a,authentication_required,288,0.2698,0.3893,1,3,0.7438,0.4103,2957,1
68682.8,debit_card,gateway_c,temporary_gateway_error,20,0.7469,0.339,0,1,0.6576,0.653,5483,0
35017.93,credit_card,gateway_b,network_timeout,929,0.8374,0.6168,0,0,0.9006,0.6888,2380,1
78098.96,credit_card,gateway_b,issuer_unavailable,585,0.9634,0.4065,0,0,0.6373,0.4259,2093,1
21966.7,debit_card,gateway_b,card_expired,819,0.2356,0.4589,0,0,0.6719,0.793,1074,0
83904.0,upi,gateway_a,insufficient_funds,949,0.821,0.4084,0,4,0.5123,0.5047,3792,0
88966.75,debit_card,gateway_a,network_timeout,992,0.3068,0.1227,0,1,0.84,0.2274,1231,1
29793.78,debit_card,gateway_c,card_expired,921,0.1753,0.1736,0,4,0.5725,0.7412,6857,0
72367.35,wallet,gateway_c,temporary_gateway_error,899,0.6375,0.9413,0,1,0.8079,0.388,5274,0
86648.54,net_banking,gateway_a,temporary_gateway_error,375,0.8413,0.315,0,2,0.7334,0.2786,172,0
87077.0,debit_card,gateway_b,network_timeout,876,0.3681,0.81,0,0,0.5403,0.3472,3071,1
54050.05,upi,gateway_c,insufficient_funds,455,0.9506,0.0137,0,4,0.8311,0.5674,5766,0
74485.01,wallet,gateway_a,issuer_unavailable,836,0.2358,0.5544,0,2,0.8268,0.3216,4606,1
15802.79,credit_card,gateway_b,temporary_gateway_error,255,0.0725,0.3557,0,4,0.5421,0.2587,5710,0
25217.62,debit_card,gateway_a,issuer_unavailable,481,0.9699,0.3726,0,0,0.3739,0.31,1823,0
58234.03,upi,gateway_b,temporary_gateway_error,969,0.5048,0.117,0,0,0.7071,0.7981,1496,1
57597.1,debit_card,gateway_a,suspected_fraud,144,0.3076,0.5041,0,0,0.7096,0.4809,282,0
11267.22,wallet,gateway_a,authentication_required,171,0.8763,0.1303,1,4,0.7704,0.5697,6607,1
82612.86,debit_card,gateway_a,issuer_unavailable,76,0.7685,0.8278,0,2,0.8199,0.7062,392,1
13306.36,wallet,gateway_b,rate_limit,962,0.0708,0.238,0,1,0.4295,0.2078,988,0
63294.04,credit_card,gateway_c,insufficient_funds,591,0.5112,0.3752,0,4,0.8498,0.8459,6890,0
96421.12,wallet,gateway_b,authentication_required,465,0.9069,0.0431,1,0,0.6433,0.5178,776,1
53883.44,upi,gateway_a,temporary_gateway_error,874,0.3459,0.3162,0,2,0.8809,0.4165,4669,1
4518.12,wallet,gateway_b,insufficient_funds,687,0.3218,0.4235,0,4,0.4011,0.7281,3021,1
53853.55,debit_card,gateway_b,insufficient_funds,449,0.6202,0.3813,0,3,0.9211,0.2121,2510,0
36551.79,debit_card,gateway_c,rate_limit,732,0.3883,0.6166,0,0,0.6608,0.7017,6093,1
17101.33,net_banking,gateway_c,card_expired,64,0.5407,0.2153,0,0,0.3059,0.673,729,0
24823.81,wallet,gateway_c,authentication_required,140,0.0231,0.4442,1,3,0.843,0.2504,725,0
69667.56,upi,gateway_c,network_timeout,148,0.0895,0.3537,0,3,0.5309,0.3909,4144,0
13878.7,debit_card,gateway_c,temporary_gateway_error,372,0.3039,0.4217,0,4,0.7888,0.3097,4343,1
21793.55,net_banking,gateway_a,network_timeout,329,0.4557,0.7163,0,4,0.5251,0.8879,6498,1
37729.24,net_banking,gateway_c,suspected_fraud,840,0.4624,0.8705,0,2,0.475,0.3819,4219,0
13928.0,wallet,gateway_c,temporary_gateway_error,220,0.1068,0.2013,0,1,0.3666,0.8175,6031,0
45677.76,debit_card,gateway_b,card_expired,539,0.2057,0.7316,0,0,0.9272,0.4115,807,0
10380.61,wallet,gateway_a,insufficient_funds,78,0.2376,0.3193,0,3,0.556,0.5915,4933,1
94502.37,debit_card,gateway_a,card_expired,780,0.7408,0.3045,0,0,0.9161,0.6974,6081,0
12023.4,credit_card,gateway_b,authentication_required,20,0.3592,0.0234,1,1,0.7183,0.6171,3132,0
51966.97,debit_card,gateway_b,authentication_required,981,0.4446,0.8745,1,1,0.7361,0.5373,2746,0
44145.98,wallet,gateway_a,issuer_unavailable,763,0.8825,0.7895,1,3,0.9181,0.7105,1,0
78818.03,debit_card,gateway_a,temporary_gateway_error,806,0.8573,0.692,0,3,0.7231,0.4336,4903,1
14280.45,wallet,gateway_c,authentication_required,434,0.6228,0.9718,1,4,0.5134,0.2425,4831,1
81926.04,debit_card,gateway_c,suspected_fraud,389,0.0984,0.87,1,1,0.6323,0.2485,21,0
84452.06,wallet,gateway_a,insufficient_funds,769,0.6708,0.0478,0,1,0.3688,0.4105,3393,0
25316.71,credit_card,gateway_b,temporary_gateway_error,349,0.4638,0.002,0,3,0.7181,0.3674,1423,1
65691.6,net_banking,gateway_b,authentication_required,50,0.5351,0.8166,1,3,0.6724,0.5133,1486,0
94389.67,upi,gateway_a,issuer_unavailable,660,0.5614,0.2919,0,1,0.5914,0.3991,945,0
92870.02,net_banking,gateway_c,suspected_fraud,237,0.8848,0.846,0,3,0.4874,0.8145,5332,0
20605.21,net_banking,gateway_a,temporary_gateway_error,174,0.2769,0.5114,0,2,0.3091,0.256,6391,1
40734.39,credit_card,gateway_b,card_expired,723,0.9934,0.2021,0,4,0.4904,0.6926,5535,0
3430.34,wallet,gateway_b,temporary_gateway_error,981,0.9643,0.0224,0,3,0.4779,0.8845,2890,1
921.48,debit_card,gateway_c,network_timeout,589,0.8608,0.6219,0,1,0.8004,0.4863,477,1
97538.9,upi,gateway_c,issuer_unavailable,753,0.6839,0.4319,1,3,0.7626,0.6929,3879,0
22181.04,debit_card,gateway_c,authentication_required,108,0.7028,0.9708,1,0,0.7712,0.6848,3780,1
20896.91,credit_card,gateway_b,issuer_unavailable,935,0.0156,0.5412,0,2,0.4543,0.8728,4747,0
58961.12,wallet,gateway_b,authentication_required,426,0.7339,0.5531,1,4,0.7931,0.6056,997,0
65382.67,net_banking,gateway_b,issuer_unavailable,379,0.3185,0.2508,0,4,0.3843,0.7479,2159,1
84915.2,credit_card,gateway_c,card_expired,708,0.7662,0.3504,0,1,0.4979,0.2483,6712,0
28224.96,wallet,gateway_c,suspected_fraud,501,0.5346,0.96,0,1,0.9707,0.3409,3754,0
26371.22,credit_card,gateway_c,suspected_fraud,87,0.3302,0.2064,0,0,0.5835,0.6846,3336,0
6768.43,debit_card,gateway_a,temporary_gateway_error,127,0.8572,0.8459,0,4,0.6685,0.6679,1063,1
32261.97,credit_card,gateway_a,temporary_gateway_error,697,0.9784,0.1901,0,2,0.7643,0.8046,3288,1
26651.29,credit_card,gateway_a,issuer_unavailable,807,0.5529,0.3291,0,2,0.4687,0.7799,1933,0
40976.73,debit_card,gateway_b,rate_limit,923,0.1808,0.1852,0,4,0.3524,0.2077,435,1
19722.97,net_banking,gateway_a,rate_limit,390,0.7056,0.0318,0,2,0.7179,0.662,7171,1
14515.27,wallet,gateway_a,issuer_unavailable,86,0.8162,0.0041,0,2,0.5438,0.6556,10,0
15818.88,upi,gateway_b,insufficient_funds,309,0.71,0.0233,0,4,0.5408,0.4343,3723,0
8077.98,debit_card,gateway_c,rate_limit,963,0.1304,0.7975,1,1,0.6606,0.2208,2624,0
54162.73,debit_card,gateway_c,rate_limit,797,0.5911,0.4556,0,0,0.9391,0.6144,324,1
37333.94,upi,gateway_c,network_timeout,65,0.169,0.4255,0,1,0.6822,0.5249,320,1
59992.83,net_banking,gateway_c,issuer_unavailable,21,0.7619,0.4826,0,3,0.3765,0.6196,6405,1
43794.42,credit_card,gateway_c,suspected_fraud,298,0.0015,0.4929,0,1,0.3082,0.4812,3126,0
71720.93,upi,gateway_c,authentication_required,992,0.0279,0.396,1,0,0.738,0.8885,6169,0
7700.84,net_banking,gateway_b,card_expired,290,0.5838,0.5224,0,1,0.4448,0.4999,7155,0
81737.62,wallet,gateway_c,issuer_unavailable,628,0.9932,0.3579,0,1,0.605,0.7635,954,1
35866.36,net_banking,gateway_a,temporary_gateway_error,721,0.1531,0.5201,0,1,0.6013,0.6232,3374,1
90041.13,wallet,gateway_b,network_timeout,308,0.1212,0.0648,0,0,0.9221,0.8474,1599,1
83592.82,net_banking,gateway_c,card_expired,390,0.8716,0.9887,0,1,0.5602,0.3589,5342,0
43894.43,debit_card,gateway_c,authentication_required,279,0.4961,0.1104,1,3,0.6536,0.4937,5826,1
78010.82,upi,gateway_a,network_timeout,905,0.8415,0.4455,0,0,0.7467,0.6722,3806,1
69289.64,upi,gateway_b,temporary_gateway_error,322,0.7469,0.3541,0,3,0.3162,0.3682,6031,0
20639.61,credit_card,gateway_b,insufficient_funds,754,0.0258,0.61,1,1,0.5732,0.8753,834,0
41191.5,debit_card,gateway_b,card_expired,577,0.6194,0.2679,0,1,0.7514,0.7716,3566,0
48449.53,net_banking,gateway_a,rate_limit,575,0.6354,0.2363,0,2,0.7233,0.5927,2486,0
88434.68,credit_card,gateway_c,authentication_required,154,0.1445,0.8623,1,3,0.7283,0.5245,1851,0
33565.88,net_banking,gateway_c,authentication_required,817,0.2258,0.6156,1,3,0.7922,0.6597,5412,0
92841.96,upi,gateway_b,suspected_fraud,162,0.3557,0.783,0,2,0.841,0.577,3189,0
30193.11,credit_card,gateway_c,insufficient_funds,317,0.1367,0.8347,0,4,0.9814,0.4324,5776,0
64780.59,credit_card,gateway_a,card_expired,992,0.8084,0.2297,0,0,0.9601,0.3718,1889,0
36190.81,debit_card,gateway_c,authentication_required,420,0.345,0.5999,1,3,0.6087,0.5542,3063,1
50397.89,net_banking,gateway_b,rate_limit,519,0.2098,0.0308,0,0,0.4689,0.452,6160,1
18804.87,net_banking,gateway_b,issuer_unavailable,980,0.0619,0.9738,0,1,0.4755,0.3817,2286,0
12039.11,upi,gateway_a,temporary_gateway_error,983,0.2427,0.0725,1,2,0.9428,0.2119,3335,0
21984.14,debit_card,gateway_b,authentication_required,710,0.7479,0.559,1,3,0.3044,0.7161,1456,0
21436.84,upi,gateway_c,rate_limit,767,0.0709,0.6427,0,3,0.6383,0.5641,1607,0
54686.87,wallet,gateway_a,card_expired,86,0.345,0.6283,0,0,0.4329,0.3001,5529,0
68125.38,wallet,gateway_b,issuer_unavailable,530,0.3003,0.9186,0,4,0.8269,0.8395,2876,1
54626.05,debit_card,gateway_c,insufficient_funds,420,0.7615,0.5369,0,1,0.7699,0.2374,2566,1
82104.61,credit_card,gateway_a,suspected_fraud,134,0.0772,0.7866,0,4,0.5659,0.7752,4927,0
22917.9,credit_card,gateway_c,network_timeout,934,0.8291,0.2858,0,0,0.4548,0.3435,1129,0
88024.24,credit_card,gateway_b,card_expired,60,0.8268,0.4257,0,1,0.4795,0.8146,5753,0
83204.1,wallet,gateway_b,authentication_required,256,0.4092,0.6966,1,3,0.6826,0.3664,2275,0
5612.29,debit_card,gateway_c,insufficient_funds,969,0.8439,0.3037,0,1,0.4545,0.6238,5294,0
28535.2,debit_card,gateway_c,suspected_fraud,80,0.3198,0.5975,0,4,0.8057,0.3427,6863,0
38297.08,debit_card,gateway_c,insufficient_funds,569,0.1082,0.2153,0,4,0.7587,0.8973,1252,0
57743.03,wallet,gateway_c,card_expired,297,0.8723,0.0672,0,0,0.7551,0.8503,6823,0
23557.56,net_banking,gateway_b,issuer_unavailable,356,0.899,0.4113,0,2,0.9096,0.2062,6389,1
56285.35,wallet,gateway_c,insufficient_funds,491,0.0653,0.0251,0,2,0.8505,0.354,3412,0
87614.98,upi,gateway_c,authentication_required,303,0.3288,0.5506,1,2,0.5651,0.5894,288,1
5191.0,net_banking,gateway_c,suspected_fraud,726,0.8017,0.8388,0,0,0.5153,0.4972,4043,0
2565.97,net_banking,gateway_a,suspected_fraud,425,0.5062,0.6501,0,1,0.7112,0.8462,3188,0
84741.64,debit_card,gateway_b,temporary_gateway_error,74,0.2723,0.1082,0,1,0.6717,0.7679,4586,1
53688.54,debit_card,gateway_b,temporary_gateway_error,741,0.503,0.442,0,2,0.5174,0.798,3946,1
74175.07,credit_card,gateway_b,suspected_fraud,846,0.6427,0.4689,0,3,0.5841,0.6138,2669,0
96659.71,upi,gateway_a,insufficient_funds,252,0.1486,0.4236,0,2,0.9686,0.6821,5135,0
20968.12,debit_card,gateway_a,rate_limit,320,0.7871,0.1865,0,2,0.5223,0.6525,2964,0
54720.82,credit_card,gateway_b,issuer_unavailable,106,0.2215,0.3091,0,4,0.7501,0.7732,3995,1
66735.39,net_banking,gateway_a,temporary_gateway_error,98,0.3447,0.0277,0,1,0.4702,0.8301,2043,0
73530.05,upi,gateway_c,insufficient_funds,1000,0.4102,0.5224,0,2,0.8579,0.2451,6628,0
25564.68,debit_card,gateway_b,network_timeout,556,0.6963,0.1592,0,1,0.4064,0.7948,5156,1
8131.8,upi,gateway_a,insufficient_funds,956,0.9075,0.1901,0,1,0.3854,0.6042,5711,0
92386.16,upi,gateway_c,suspected_fraud,66,0.9192,0.9772,0,3,0.7345,0.8253,3103,0
79813.19,debit_card,gateway_a,card_expired,422,0.6049,0.56,0,0,0.9639,0.5949,1019,0
64186.15,credit_card,gateway_a,authentication_required,844,0.7869,0.0099,1,2,0.3807,0.307,3256,0
63446.33,wallet,gateway_a,issuer_unavailable,120,0.244,0.3789,0,3,0.4362,0.2907,6106,0
41090.91,credit_card,gateway_c,card_expired,525,0.0802,0.5558,0,1,0.4534,0.4496,4813,0
11667.91,credit_card,gateway_a,issuer_unavailable,298,0.1064,0.0395,0,1,0.6736,0.3784,3281,1
72402.92,net_banking,gateway_c,rate_limit,974,0.0211,0.137,0,3,0.3446,0.4107,2376,1
87705.62,wallet,gateway_a,issuer_unavailable,644,0.3856,0.7688,0,3,0.6576,0.8708,5703,1
80824.45,net_banking,gateway_c,network_timeout,896,0.9467,0.395,0,1,0.7546,0.329,2089,1
81109.54,wallet,gateway_b,authentication_required,507,0.1468,0.3986,1,3,0.348,0.8346,998,0
71695.19,credit_card,gateway_a,issuer_unavailable,92,0.3962,0.2303,0,0,0.8038,0.541,3842,0
80737.39,wallet,gateway_c,suspected_fraud,958,0.929,0.8325,0,3,0.8089,0.7919,1255,0
83003.83,net_banking,gateway_c,card_expired,713,0.6654,0.0466,0,4,0.3647,0.5787,243,0
45089.06,wallet,gateway_c,card_expired,706,0.1478,0.8476,0,2,0.7539,0.5779,4023,0
80666.49,net_banking,gateway_b,suspected_fraud,320,0.922,0.3539,0,0,0.551,0.4219,2242,0
96767.77,upi,gateway_b,suspected_fraud,102,0.614,0.096,0,4,0.7765,0.7218,2756,0
42009.09,credit_card,gateway_c,insufficient_funds,257,0.6766,0.5177,0,0,0.5647,0.8384,7066,0
83609.24,credit_card,gateway_a,insufficient_funds,492,0.7092,0.7026,0,0,0.8772,0.4246,5481,0
77391.8,net_banking,gateway_b,network_timeout,862,0.1238,0.3364,0,2,0.8293,0.5376,6639,1
39790.29,upi,gateway_b,rate_limit,888,0.5673,0.3921,0,4,0.7293,0.3603,6722,0
31109.39,upi,gateway_a,temporary_gateway_error,742,0.2683,0.4925,0,2,0.6967,0.6783,3361,1
77306.39,debit_card,gateway_b,insufficient_funds,910,0.0447,0.0734,0,4,0.9855,0.7798,1065,0
97731.96,credit_card,gateway_c,authentication_required,269,0.5387,0.2362,1,2,0.888,0.6598,4325,1
66135.56,upi,gateway_b,card_expired,217,0.7621,0.6269,1,3,0.6119,0.3627,6844,0
30846.13,debit_card,gateway_b,issuer_unavailable,312,0.7932,0.6459,0,2,0.8064,0.56,5098,0
5939.72,debit_card,gateway_b,network_timeout,48,0.3205,0.4979,0,2,0.9306,0.7578,4074,0
73057.03,net_banking,gateway_c,card_expired,504,0.4018,0.3067,0,4,0.6308,0.2832,4048,0
25634.84,net_banking,gateway_b,authentication_required,437,0.1613,0.1698,1,0,0.3467,0.3995,5446,0
60660.71,upi,gateway_c,authentication_required,648,0.1961,0.3693,1,2,0.4615,0.3638,2885,0
13001.63,credit_card,gateway_b,card_expired,582,0.4493,0.6119,1,0,0.8949,0.5669,5076,0
7984.53,debit_card,gateway_a,suspected_fraud,390,0.4464,0.8655,0,3,0.9216,0.3757,2269,0
95150.44,debit_card,gateway_a,card_expired,206,0.7239,0.5501,0,3,0.8556,0.2724,7158,0
63884.48,wallet,gateway_a,authentication_required,882,0.7994,0.313,1,4,0.5258,0.6872,1404,0
74273.45,credit_card,gateway_b,rate_limit,63,0.4093,0.4623,0,0,0.8235,0.7946,1001,0
25824.31,wallet,gateway_c,rate_limit,177,0.0673,0.7215,0,4,0.7188,0.7629,6755,0
44420.75,net_banking,gateway_c,suspected_fraud,548,0.7736,0.2382,0,2,0.8226,0.3667,5158,0
64736.95,credit_card,gateway_c,insufficient_funds,167,0.9992,0.961,1,0,0.4825,0.4386,5221,1
89385.86,wallet,gateway_c,temporary_gateway_error,59,0.27,0.4487,0,1,0.881,0.8538,631,1
67667.85,wallet,gateway_a,authentication_required,600,0.8191,0.473,1,4,0.4923,0.6985,3944,1
48044.1,debit_card,gateway_b,network_timeout,397,0.2396,0.1919,0,4,0.5642,0.792,4254,0
56771.83,credit_card,gateway_b,suspected_fraud,319,0.5408,0.718,1,1,0.5042,0.5738,3698,0
54412.48,wallet,gateway_a,rate_limit,227,0.7697,0.0378,0,3,0.3278,0.3748,3613,1
70606.52,net_banking,gateway_b,temporary_gateway_error,107,0.1092,0.8803,0,4,0.779,0.2425,2186,0
84929.34,credit_card,gateway_c,suspected_fraud,374,0.15,0.3775,0,0,0.3415,0.8591,3809,0
4638.05,credit_card,gateway_a,network_timeout,830,0.153,0.179,0,1,0.4998,0.6105,4404,1
33528.78,upi,gateway_b,rate_limit,630,0.7588,0.3485,0,0,0.8307,0.751,2561,0
82495.8,wallet,gateway_a,insufficient_funds,970,0.6268,0.2293,0,0,0.3597,0.4109,1424,0
36371.36,net_banking,gateway_a,insufficient_funds,23,0.9169,0.5894,0,4,0.3869,0.8346,1816,1
26504.7,wallet,gateway_a,network_timeout,804,0.0105,0.4833,0,1,0.9945,0.7046,2409,1
13043.92,net_banking,gateway_c,network_timeout,928,0.4264,0.1907,0,1,0.9514,0.4141,1117,1
21404.59,wallet,gateway_a,suspected_fraud,112,0.6684,0.0074,0,4,0.4728,0.5315,4052,0
57207.25,upi,gateway_c,network_timeout,777,0.4661,0.7866,0,2,0.4299,0.7856,6634,1
36044.26,credit_card,gateway_a,suspected_fraud,920,0.8347,0.7223,0,0,0.4625,0.6535,4239,0
70479.37,wallet,gateway_b,temporary_gateway_error,398,0.6595,0.3251,0,2,0.4902,0.3586,1693,0
45768.21,net_banking,gateway_a,card_expired,989,0.891,0.0871,0,1,0.4542,0.4649,6541,0
83249.27,net_banking,gateway_a,suspected_fraud,882,0.1712,0.6993,0,3,0.3304,0.3248,1630,0
89183.44,net_banking,gateway_c,network_timeout,330,0.6217,0.0268,0,2,0.8239,0.3987,3992,1
81484.57,credit_card,gateway_a,card_expired,169,0.824,0.2653,0,2,0.3351,0.5796,1886,0
60195.73,upi,gateway_a,issuer_unavailable,327,0.5638,0.6578,0,2,0.363,0.2049,2521,1
8522.1,upi,gateway_a,card_expired,872,0.7594,0.0088,0,0,0.3764,0.8918,73,0
85046.42,credit_card,gateway_b,insufficient_funds,919,0.5484,0.7059,0,0,0.6462,0.7829,5290,0
506.3,debit_card,gateway_a,card_expired,371,0.0826,0.0633,0,2,0.3739,0.3916,6795,0
75904.49,upi,gateway_a,rate_limit,552,0.6039,0.1611,0,4,0.3187,0.3318,4477,0
51007.92,net_banking,gateway_c,card_expired,725,0.7269,0.0311,0,1,0.4897,0.5392,5935,0
38343.62,wallet,gateway_c,rate_limit,408,0.9119,0.6007,0,1,0.8561,0.4365,4507,1
51090.63,net_banking,gateway_c,card_expired,1000,0.5068,0.6434,0,2,0.3307,0.8811,983,0
1865.11,debit_card,gateway_c,suspected_fraud,183,0.0097,0.3965,0,4,0.7479,0.868,1156,0
44444.0,wallet,gateway_b,insufficient_funds,557,0.5033,0.1557,0,0,0.7466,0.3542,4866,1
18023.45,wallet,gateway_b,insufficient_funds,92,0.6256,0.7043,0,3,0.8521,0.8507,1489,0
32008.07,net_banking,gateway_c,rate_limit,709,0.5572,0.8432,0,4,0.4046,0.7654,2046,1
47643.83,net_banking,gateway_a,temporary_gateway_error,93,0.6886,0.4829,0,2,0.3016,0.2913,1502,1
36328.06,net_banking,gateway_b,issuer_unavailable,136,0.9816,0.1082,0,0,0.7568,0.4239,6312,0
910.18,upi,gateway_a,card_expired,26,0.941,0.2812,0,2,0.4028,0.7997,313,0
16846.93,credit_card,gateway_c,rate_limit,729,0.5295,0.406,0,3,0.4206,0.3857,6808,1
53669.68,credit_card,gateway_b,insufficient_funds,354,0.6078,0.3679,0,1,0.6568,0.4253,6283,1
78272.18,upi,gateway_a,insufficient_funds,657,0.7877,0.155,0,3,0.4867,0.5586,1521,1
19652.95,upi,gateway_c,rate_limit,754,0.7578,0.6157,0,4,0.8792,0.555,2233,0
21916.47,credit_card,gateway_b,temporary_gateway_error,373,0.6989,0.8453,0,4,0.6172,0.7362,3077,1
67734.03,upi,gateway_a,suspected_fraud,251,0.2796,0.3562,0,0,0.4457,0.3047,1947,0
90481.72,wallet,gateway_b,suspected_fraud,826,0.1373,0.0978,0,3,0.813,0.356,3754,0
57823.11,debit_card,gateway_b,suspected_fraud,867,0.5234,0.7536,0,4,0.8677,0.4747,5688,0
58013.07,wallet,gateway_b,authentication_required,616,0.4119,0.2016,1,2,0.9788,0.4036,3290,1
48169.93,credit_card,gateway_a,insufficient_funds,303,0.6871,0.1351,0,3,0.329,0.7699,445,0
86529.83,net_banking,gateway_b,rate_limit,104,0.8981,0.466,0,0,0.5449,0.3854,4434,1
49460.86,upi,gateway_c,authentication_required,984,0.0373,0.5901,1,3,0.316,0.4308,3780,0
23422.26,upi,gateway_a,temporary_gateway_error,53,0.2938,0.8364,0,1,0.7524,0.8466,1301,1
2312.41,credit_card,gateway_a,suspected_fraud,189,0.814,0.814,0,2,0.8647,0.3365,2401,0
85147.46,credit_card,gateway_c,insufficient_funds,721,0.6246,0.7275,0,3,0.8699,0.8417,2770,0
97853.88,credit_card,gateway_a,temporary_gateway_error,407,0.319,0.12,1,0,0.7287,0.364,4347,1
43597.14,upi,gateway_b,network_timeout,317,0.2182,0.8593,0,3,0.7887,0.8059,2560,1
49964.98,wallet,gateway_b,insufficient_funds,566,0.5399,0.2429,0,3,0.3671,0.594,5273,0
62627.85,wallet,gateway_b,network_timeout,214,0.3472,0.1504,0,3,0.9373,0.2444,5607,0
67473.54,wallet,gateway_b,authentication_required,884,0.4384,0.3134,1,0,0.3221,0.2294,1111,0
5500.76,debit_card,gateway_a,temporary_gateway_error,130,0.6653,0.9387,0,4,0.9815,0.6958,5599,0
97769.88,net_banking,gateway_c,authentication_required,314,0.783,0.4151,1,4,0.8176,0.7806,1119,0
74516.67,wallet,gateway_a,rate_limit,537,0.9387,0.2096,0,0,0.7076,0.676,3108,0
80224.43,credit_card,gateway_c,temporary_gateway_error,608,0.9529,0.3479,0,3,0.6615,0.3091,5519,1
49540.97,credit_card,gateway_b,network_timeout,647,0.5705,0.7129,1,0,0.8328,0.7468,981,1
96347.66,net_banking,gateway_a,issuer_unavailable,946,0.6445,0.3193,1,0,0.6019,0.3029,4548,1
6715.63,wallet,gateway_c,authentication_required,792,0.902,0.6883,1,1,0.8921,0.6573,441,1
13740.62,net_banking,gateway_a,temporary_gateway_error,714,0.903,0.5217,0,1,0.9003,0.7416,3154,1
91051.72,wallet,gateway_a,card_expired,364,0.7934,0.2246,1,3,0.6388,0.2404,1497,0
49434.71,wallet,gateway_c,insufficient_funds,827,0.2066,0.0885,0,2,0.6219,0.8945,2511,0
63517.65,upi,gateway_a,temporary_gateway_error,107,0.7164,0.4517,0,4,0.6225,0.6485,3100,0
38306.76,net_banking,gateway_a,insufficient_funds,971,0.7908,0.028,0,0,0.3585,0.5398,1569,0
47326.34,wallet,gateway_a,network_timeout,228,0.9707,0.5139,0,1,0.7727,0.5464,582,1
68170.22,wallet,gateway_a,suspected_fraud,865,0.7427,0.6744,0,4,0.6032,0.5785,3476,0
39306.34,net_banking,gateway_a,insufficient_funds,567,0.3949,0.9018,0,1,0.7296,0.4699,5263,0
76072.38,wallet,gateway_b,insufficient_funds,950,0.4363,0.9137,0,1,0.8846,0.7111,5489,0
41826.91,upi,gateway_a,card_expired,671,0.3248,0.7397,0,2,0.4031,0.3789,2543,0
3413.6,debit_card,gateway_c,card_expired,343,0.3664,0.2343,0,1,0.8224,0.8712,5076,0
7796.75,debit_card,gateway_b,temporary_gateway_error,621,0.0164,0.2054,0,1,0.6811,0.6482,2583,0
27961.8,debit_card,gateway_b,suspected_fraud,548,0.0697,0.0419,0,1,0.3051,0.6756,1570,0
56433.84,credit_card,gateway_a,suspected_fraud,985,0.2688,0.7308,0,3,0.3003,0.4063,6712,0
21263.38,net_banking,gateway_a,suspected_fraud,796,0.8981,0.4873,0,2,0.9602,0.3128,1862,0
10650.03,credit_card,gateway_b,card_expired,532,0.3967,0.0462,0,3,0.3172,0.3249,271,0
30517.29,credit_card,gateway_a,insufficient_funds,574,0.7437,0.6779,0,4,0.3001,0.2268,1984,1
57047.82,wallet,gateway_b,issuer_unavailable,804,0.9851,0.8443,0,3,0.6036,0.2798,6307,0
78475.38,wallet,gateway_b,temporary_gateway_error,414,0.8549,0.4642,0,4,0.4363,0.4194,2398,0
26465.29,wallet,gateway_a,network_timeout,182,0.0711,0.7538,0,1,0.3316,0.2567,4004,0
21998.75,upi,gateway_c,rate_limit,223,0.2409,0.0638,1,1,0.4846,0.4691,5184,0
47930.76,debit_card,gateway_b,network_timeout,868,0.2441,0.7913,0,3,0.3509,0.6789,1346,1
13353.85,net_banking,gateway_a,network_timeout,611,0.013,0.2338,0,1,0.5641,0.5932,403,0
14903.24,net_banking,gateway_b,issuer_unavailable,93,0.3764,0.2408,0,1,0.578,0.563,2466,1
26510.28,debit_card,gateway_b,insufficient_funds,251,0.7886,0.2513,0,1,0.5681,0.3288,6133,0
94535.45,net_banking,gateway_c,authentication_required,881,0.6943,0.161,1,0,0.3832,0.5846,3479,0
87613.88,credit_card,gateway_a,authentication_required,549,0.1512,0.8559,1,1,0.6137,0.5498,3866,1
66189.49,credit_card,gateway_b,suspected_fraud,883,0.6945,0.8408,0,2,0.8397,0.7405,230,0
74574.45,upi,gateway_c,issuer_unavailable,987,0.9878,0.4738,0,3,0.9062,0.6548,3356,0
33085.75,wallet,gateway_b,issuer_unavailable,980,0.6925,0.2381,1,2,0.4557,0.362,4924,0
41695.29,credit_card,gateway_a,issuer_unavailable,804,0.0273,0.6239,0,3,0.5735,0.7685,6213,0
51734.3,wallet,gateway_b,issuer_unavailable,496,0.0374,0.5338,0,2,0.3917,0.578,4366,0
66088.95,upi,gateway_c,authentication_required,374,0.5041,0.3951,1,2,0.8575,0.4051,5512,1
77424.22,net_banking,gateway_c,suspected_fraud,30,0.4274,0.3077,0,4,0.8448,0.663,1033,0
47707.86,wallet,gateway_a,network_timeout,706,0.71,0.8446,0,1,0.9856,0.2398,775,0
49299.14,debit_card,gateway_a,temporary_gateway_error,952,0.6767,0.5856,0,4,0.3229,0.6104,2105,1
38482.99,debit_card,gateway_a,issuer_unavailable,943,0.8484,0.4304,0,3,0.5444,0.4715,3327,0
22288.07,debit_card,gateway_b,network_timeout,962,0.7343,0.7638,0,3,0.3639,0.7276,4917,1
98302.0,credit_card,gateway_b,authentication_required,47,0.0316,0.3099,1,3,0.9846,0.283,6079,0
64588.27,net_banking,gateway_b,suspected_fraud,248,0.3292,0.5944,1,3,0.4928,0.7798,5460,0
76759.38,net_banking,gateway_a,insufficient_funds,93,0.26,0.5217,0,0,0.5675,0.7556,6114,1
24733.68,credit_card,gateway_a,insufficient_funds,905,0.544,0.4813,0,3,0.3828,0.2697,72,1
28140.22,upi,gateway_a,rate_limit,790,0.839,0.9249,0,0,0.3341,0.3679,3621,1
69100.85,upi,gateway_b,issuer_unavailable,843,0.0595,0.9386,1,4,0.7463,0.2303,7068,0
79877.38,debit_card,gateway_c,issuer_unavailable,241,0.8262,0.3123,0,2,0.7795,0.7601,1947,1
55169.62,credit_card,gateway_b,network_timeout,684,0.8173,0.2728,0,4,0.8454,0.2053,6594,1
73421.47,wallet,gateway_c,rate_limit,634,0.9014,0.0396,0,1,0.8938,0.7445,4714,1
90949.21,credit_card,gateway_b,network_timeout,768,0.3564,0.9839,0,4,0.9823,0.6677,2668,0
53691.19,wallet,gateway_a,temporary_gateway_error,281,0.8474,0.5019,0,4,0.3067,0.2321,3898,0
45758.15,net_banking,gateway_b,issuer_unavailable,206,0.4066,0.7683,0,0,0.7915,0.4911,4033,0
21360.04,wallet,gateway_b,temporary_gateway_error,152,0.0608,0.7262,0,1,0.9835,0.6957,4971,1
66700.27,debit_card,gateway_c,insufficient_funds,682,0.5238,0.5269,0,0,0.7438,0.7233,2519,0
85787.65,debit_card,gateway_a,rate_limit,316,0.3049,0.806,0,1,0.3778,0.4019,6712,0
50476.23,wallet,gateway_a,card_expired,35,0.5018,0.0311,0,1,0.3942,0.6987,4730,0
37278.29,upi,gateway_b,network_timeout,917,0.5532,0.8889,0,2,0.9682,0.2869,4282,1
42258.24,wallet,gateway_b,issuer_unavailable,286,0.9973,0.1022,0,1,0.8507,0.5093,5674,1
80293.47,wallet,gateway_a,suspected_fraud,252,0.3405,0.5126,0,0,0.9455,0.4157,5908,0
72809.76,wallet,gateway_b,network_timeout,970,0.3247,0.9156,0,3,0.6864,0.286,3442,0
45608.49,upi,gateway_b,insufficient_funds,590,0.1347,0.2,0,0,0.8412,0.5704,6854,0
26308.27,net_banking,gateway_a,suspected_fraud,104,0.5549,0.263,0,4,0.701,0.4941,1699,0
41215.95,wallet,gateway_a,suspected_fraud,63,0.6614,0.1292,0,4,0.372,0.2901,4763,0
91380.06,upi,gateway_a,authentication_required,290,0.4009,0.7075,1,0,0.5444,0.6418,5955,0
11950.26,debit_card,gateway_a,insufficient_funds,689,0.2681,0.3183,0,0,0.469,0.5123,1157,0
31827.93,net_banking,gateway_b,authentication_required,316,0.9873,0.6534,1,2,0.3386,0.2735,4936,1
91075.87,wallet,gateway_b,issuer_unavailable,207,0.7142,0.8741,0,1,0.4811,0.8694,3303,1
20647.72,debit_card,gateway_a,issuer_unavailable,542,0.1072,0.5707,0,4,0.9757,0.834,3636,0
88079.72,net_banking,gateway_a,insufficient_funds,564,0.2072,0.9252,0,3,0.5752,0.435,6536,0
44028.52,net_banking,gateway_a,insufficient_funds,881,0.5166,0.0128,0,0,0.6368,0.3345,454,1
11436.58,wallet,gateway_c,rate_limit,763,0.6374,0.195,0,2,0.6609,0.7534,1450,0
83943.31,debit_card,gateway_b,rate_limit,963,0.474,0.6523,0,1,0.6288,0.338,2549,0
617.58,credit_card,gateway_a,network_timeout,451,0.0764,0.5624,0,3,0.4722,0.2171,988,0
71327.17,debit_card,gateway_a,temporary_gateway_error,637,0.3736,0.0217,0,4,0.5329,0.8674,2339,1
83256.66,debit_card,gateway_c,authentication_required,927,0.4683,0.54,1,3,0.8656,0.6162,380,0
44432.72,debit_card,gateway_a,authentication_required,741,0.0808,0.5068,1,1,0.8406,0.3477,249,0
45780.65,upi,gateway_c,issuer_unavailable,373,0.5164,0.338,0,1,0.5417,0.7682,1408,1
86145.14,wallet,gateway_b,issuer_unavailable,673,0.0307,0.561,0,1,0.498,0.425,2634,0
23844.74,credit_card,gateway_a,rate_limit,654,0.4725,0.2473,0,1,0.3905,0.3395,2128,1
6725.44,upi,gateway_a,authentication_required,858,0.8775,0.3184,1,1,0.7198,0.7918,5583,1
7362.21,net_banking,gateway_b,authentication_required,29,0.8747,0.2945,1,3,0.4622,0.8138,3207,1
60838.49,credit_card,gateway_a,issuer_unavailable,221,0.2607,0.6728,0,0,0.3869,0.4188,5435,0
74032.95,debit_card,gateway_a,authentication_required,482,0.8844,0.3591,1,0,0.5852,0.7084,6729,1
31082.49,upi,gateway_c,temporary_gateway_error,32,0.4373,0.1725,0,3,0.8177,0.5173,5822,1
20515.98,debit_card,gateway_b,temporary_gateway_error,561,0.8113,0.1874,1,1,0.6227,0.213,904,1
10865.87,credit_card,gateway_a,network_timeout,719,0.9995,0.1945,0,1,0.8496,0.5541,2134,1
93743.4,upi,gateway_a,temporary_gateway_error,54,0.1579,0.3821,0,3,0.9252,0.6745,820,0
51302.05,wallet,gateway_a,rate_limit,856,0.7368,0.3605,0,3,0.8348,0.6966,6860,1
39027.51,wallet,gateway_b,network_timeout,632,0.6777,0.5152,0,0,0.4731,0.3858,5022,1
11828.83,net_banking,gateway_b,temporary_gateway_error,358,0.8895,0.4531,0,3,0.4252,0.7312,3548,1
26286.71,wallet,gateway_b,suspected_fraud,826,0.4939,0.8421,0,2,0.3792,0.7639,4563,0
65631.95,upi,gateway_c,network_timeout,489,0.7789,0.6882,0,4,0.5964,0.6184,5569,1
81734.4,upi,gateway_b,insufficient_funds,928,0.9387,0.7001,0,1,0.4351,0.6883,3187,1
19534.11,wallet,gateway_b,card_expired,71,0.8435,0.2023,1,4,0.9785,0.3872,3946,0
55842.7,debit_card,gateway_a,rate_limit,336,0.5914,0.478,0,3,0.7778,0.5405,4824,1
50448.75,debit_card,gateway_c,rate_limit,208,0.1324,0.3724,0,1,0.6745,0.7531,1661,1
1652.61,net_banking,gateway_c,insufficient_funds,998,0.5169,0.4759,0,2,0.5856,0.4597,3421,0
50290.82,wallet,gateway_c,card_expired,840,0.1491,0.5294,0,4,0.9429,0.7827,2339,0
37684.5,net_banking,gateway_b,issuer_unavailable,762,0.1086,0.8531,1,0,0.7928,0.2619,5891,1
30057.5,upi,gateway_a,card_expired,870,0.1928,0.4171,0,3,0.4818,0.802,915,0
40587.4,wallet,gateway_c,temporary_gateway_error,255,0.0263,0.4952,1,1,0.7233,0.3154,30,1
72411.53,upi,gateway_b,suspected_fraud,395,0.7052,0.366,0,2,0.3053,0.5237,2232,0
23286.46,net_banking,gateway_b,authentication_required,123,0.1854,0.9837,1,2,0.6005,0.2529,2247,0
8831.05,upi,gateway_c,temporary_gateway_error,483,0.7133,0.473,0,0,0.6604,0.8584,6276,0
77163.84,debit_card,gateway_a,rate_limit,516,0.5391,0.5206,0,4,0.5237,0.6493,6614,0
44776.45,wallet,gateway_b,insufficient_funds,206,0.2031,0.0513,0,0,0.3718,0.8098,2169,0
75774.89,debit_card,gateway_a,temporary_gateway_error,315,0.7152,0.8224,0,2,0.5256,0.4962,3440,1
46466.89,debit_card,gateway_a,suspected_fraud,506,0.0245,0.1636,0,1,0.7929,0.8338,19,0
45039.11,debit_card,gateway_a,insufficient_funds,658,0.6804,0.9775,0,2,0.5535,0.8457,1796,0
72436.15,wallet,gateway_c,rate_limit,967,0.5012,0.9499,0,1,0.9574,0.5679,6071,0
77648.47,upi,gateway_a,network_timeout,769,0.7584,0.4284,0,3,0.7454,0.5183,6311,0
47013.05,net_banking,gateway_c,temporary_gateway_error,588,0.6858,0.6883,0,1,0.9211,0.8559,2107,1
47122.16,wallet,gateway_a,card_expired,184,0.7329,0.0459,0,2,0.6623,0.3865,6776,0
63927.66,upi,gateway_a,card_expired,361,0.3874,0.5498,0,2,0.5746,0.8123,6634,0
2825.72,debit_card,gateway_b,insufficient_funds,612,0.9036,0.0534,0,3,0.8668,0.2606,4868,0
96491.16,debit_card,gateway_c,insufficient_funds,689,0.4756,0.8624,0,4,0.4672,0.2191,6562,0
83589.53,debit_card,gateway_b,temporary_gateway_error,542,0.2887,0.7736,0,1,0.4266,0.8967,3620,0
75997.26,wallet,gateway_b,insufficient_funds,513,0.0097,0.6667,0,3,0.4745,0.4571,6923,0
65549.28,upi,gateway_b,insufficient_funds,788,0.7576,0.9081,0,1,0.9119,0.3976,3846,1
73874.2,credit_card,gateway_a,network_timeout,694,0.2767,0.1299,1,2,0.4354,0.7554,3513,0
85174.38,net_banking,gateway_b,insufficient_funds,991,0.7408,0.5673,0,1,0.6028,0.2228,4060,0
69345.83,wallet,gateway_c,network_timeout,416,0.6169,0.813,0,0,0.5532,0.4778,3536,0
86311.66,credit_card,gateway_b,insufficient_funds,211,0.9809,0.4483,0,1,0.8408,0.7526,5252,1
23047.98,debit_card,gateway_c,issuer_unavailable,705,0.6833,0.297,0,3,0.5401,0.4792,2243,0
90655.88,credit_card,gateway_c,issuer_unavailable,698,0.5866,0.2373,0,4,0.6511,0.4047,6284,0
30660.95,upi,gateway_b,temporary_gateway_error,718,0.3422,0.8212,0,4,0.9636,0.5122,4529,1
49717.89,upi,gateway_c,issuer_unavailable,787,0.8602,0.7126,0,0,0.4674,0.4039,1938,0
8932.9,debit_card,gateway_a,card_expired,979,0.3146,0.2224,0,1,0.325,0.4138,1140,0
43620.11,wallet,gateway_b,insufficient_funds,742,0.7357,0.789,0,0,0.3728,0.2271,3590,1
57477.51,wallet,gateway_c,rate_limit,157,0.1326,0.8915,0,0,0.9277,0.7045,1237,1
67297.91,upi,gateway_a,network_timeout,351,0.9999,0.7846,0,2,0.9973,0.2075,4950,1
21018.26,net_banking,gateway_a,insufficient_funds,692,0.5033,0.3187,0,4,0.4197,0.3111,5593,0
64187.03,credit_card,gateway_c,card_expired,993,0.7479,0.6032,0,4,0.916,0.7744,7114,0
17876.31,credit_card,gateway_b,rate_limit,273,0.0817,0.8884,0,1,0.9217,0.8707,1631,1
80030.28,debit_card,gateway_b,insufficient_funds,971,0.6497,0.4426,0,2,0.3789,0.5047,5618,0
15462.05,net_banking,gateway_a,temporary_gateway_error,760,0.6674,0.2646,0,1,0.9953,0.3286,2264,0
88064.12,upi,gateway_a,authentication_required,983,0.9611,0.8543,1,0,0.4899,0.4236,2978,0
43545.38,debit_card,gateway_b,suspected_fraud,98,0.771,0.1115,0,0,0.6718,0.8252,4251,0
30414.25,net_banking,gateway_a,temporary_gateway_error,149,0.7433,0.1536,0,0,0.498,0.7327,6790,1
43171.22,debit_card,gateway_c,authentication_required,654,0.9881,0.3,1,3,0.5344,0.376,5083,0
71766.86,net_banking,gateway_a,temporary_gateway_error,944,0.1074,0.5407,0,4,0.3434,0.3231,5882,0
68211.83,debit_card,gateway_b,network_timeout,999,0.4598,0.533,0,2,0.4377,0.763,5374,0
59895.4,net_banking,gateway_b,temporary_gateway_error,243,0.8144,0.002,0,3,0.9791,0.2249,5894,1
37461.55,credit_card,gateway_b,issuer_unavailable,372,0.5976,0.4374,0,2,0.5931,0.6905,2000,1
70900.38,net_banking,gateway_a,rate_limit,718,0.6751,0.8175,0,3,0.648,0.7692,398,1
66013.84,upi,gateway_a,insufficient_funds,208,0.4008,0.7895,0,0,0.8726,0.7664,971,0
10654.61,upi,gateway_c,issuer_unavailable,816,0.2417,0.9132,0,3,0.7448,0.8444,582,0
17278.71,net_banking,gateway_b,network_timeout,687,0.6661,0.5887,0,3,0.6518,0.408,6483,1
46163.31,debit_card,gateway_b,issuer_unavailable,246,0.5174,0.192,0,1,0.5502,0.4842,861,1
48387.78,net_banking,gateway_b,suspected_fraud,699,0.0331,0.4366,0,0,0.7306,0.7577,3327,0
26519.8,debit_card,gateway_b,suspected_fraud,959,0.1983,0.0424,0,0,0.9343,0.4242,7183,1
30123.57,net_banking,gateway_a,rate_limit,41,0.4566,0.4242,0,3,0.8082,0.5914,4704,1
88186.2,credit_card,gateway_a,temporary_gateway_error,202,0.3981,0.1035,0,1,0.4649,0.6614,3495,1
60234.85,net_banking,gateway_c,network_timeout,269,0.8084,0.9321,0,3,0.7416,0.6688,4822,1
29551.67,credit_card,gateway_c,card_expired,98,0.3661,0.8724,0,2,0.4873,0.4951,2828,0
42163.79,wallet,gateway_c,suspected_fraud,409,0.1951,0.9756,0,3,0.6009,0.2563,2467,0
7535.73,wallet,gateway_b,insufficient_funds,255,0.2178,0.2351,0,3,0.9439,0.8003,5102,0
50959.08,upi,gateway_a,card_expired,696,0.7018,0.5995,0,1,0.4097,0.5861,4863,0
51130.79,upi,gateway_a,temporary_gateway_error,756,0.7575,0.3296,0,2,0.3793,0.3836,118,0
24876.71,net_banking,gateway_b,rate_limit,873,0.3757,0.7981,0,1,0.5494,0.2494,5131,1
91803.9,net_banking,gateway_a,insufficient_funds,636,0.769,0.0141,0,1,0.5889,0.5457,6016,1
5742.07,credit_card,gateway_a,authentication_required,737,0.7999,0.1087,1,4,0.8877,0.6034,6636,0
22341.91,wallet,gateway_b,rate_limit,955,0.443,0.1549,0,3,0.9913,0.5117,4926,0
84561.21,debit_card,gateway_b,network_timeout,132,0.5822,0.5862,1,1,0.982,0.5272,6772,0
11758.83,wallet,gateway_b,network_timeout,103,0.6893,0.5595,0,0,0.8085,0.3084,4118,1
41710.36,debit_card,gateway_b,insufficient_funds,765,0.8314,0.4013,0,2,0.633,0.8586,2125,1
4315.2,net_banking,gateway_c,temporary_gateway_error,358,0.6588,0.776,0,2,0.8746,0.6323,6259,1
61548.18,debit_card,gateway_b,network_timeout,664,0.3946,0.3975,0,4,0.623,0.7816,2,0
66973.64,wallet,gateway_a,issuer_unavailable,249,0.6773,0.8285,0,1,0.733,0.2181,3468,1
41400.2,credit_card,gateway_a,authentication_required,896,0.1879,0.071,1,3,0.9075,0.572,5594,0
65933.27,upi,gateway_a,suspected_fraud,835,0.1894,0.9023,0,3,0.3608,0.8428,5316,0
39953.84,debit_card,gateway_a,insufficient_funds,307,0.163,0.0347,0,3,0.7667,0.7133,3576,0
43211.7,credit_card,gateway_b,network_timeout,674,0.7432,0.3245,0,2,0.8962,0.6666,5727,1
90154.38,wallet,gateway_b,rate_limit,832,0.8911,0.9166,0,2,0.677,0.6312,1442,0
51335.83,upi,gateway_b,temporary_gateway_error,996,0.4522,0.13,0,1,0.474,0.6399,2610,0
37289.9,debit_card,gateway_c,authentication_required,476,0.688,0.3959,1,4,0.7906,0.8896,3061,1
79460.98,upi,gateway_a,temporary_gateway_error,228,0.8183,0.3549,0,2,0.3232,0.7583,179,0
75319.49,net_banking,gateway_c,issuer_unavailable,393,0.933,0.8779,0,0,0.8738,0.5419,5565,1
98882.25,debit_card,gateway_c,temporary_gateway_error,722,0.7747,0.9119,0,1,0.6627,0.7213,6973,1
36024.01,debit_card,gateway_b,network_timeout,361,0.0625,0.3096,0,3,0.3292,0.2116,6495,0
60863.03,net_banking,gateway_b,issuer_unavailable,974,0.2289,0.4812,0,3,0.704,0.853,4446,0
13010.17,credit_card,gateway_a,rate_limit,826,0.8569,0.2339,0,0,0.3973,0.7942,4211,1
76031.66,wallet,gateway_a,temporary_gateway_error,309,0.7166,0.7407,0,0,0.8764,0.6746,1827,1
72247.18,debit_card,gateway_c,issuer_unavailable,720,0.3333,0.2705,0,1,0.4355,0.812,5322,1
15665.37,wallet,gateway_c,card_expired,745,0.5614,0.6615,0,0,0.4044,0.2554,378,0
5577.0,wallet,gateway_c,suspected_fraud,784,0.4331,0.9414,0,2,0.6896,0.893,7090,0
80360.53,debit_card,gateway_c,temporary_gateway_error,497,0.3088,0.4783,0,4,0.4216,0.787,5273,1
14802.49,credit_card,gateway_b,rate_limit,84,0.6766,0.2576,0,2,0.9069,0.6401,2633,1
7681.91,net_banking,gateway_a,network_timeout,885,0.1777,0.0214,0,3,0.417,0.7173,420,0
64411.35,credit_card,gateway_b,rate_limit,713,0.902,0.1546,0,0,0.6945,0.3832,5103,1
71797.67,credit_card,gateway_c,issuer_unavailable,710,0.1915,0.2526,0,3,0.6858,0.871,3396,1
77424.09,net_banking,gateway_a,network_timeout,333,0.3088,0.8968,0,4,0.5877,0.7589,1133,0
42087.47,debit_card,gateway_c,temporary_gateway_error,456,0.727,0.8688,0,1,0.791,0.7369,5102,1
65621.15,credit_card,gateway_b,authentication_required,620,0.6115,0.2813,1,0,0.4325,0.3513,704,1
6962.3,debit_card,gateway_b,insufficient_funds,284,0.9979,0.5114,0,0,0.6286,0.2206,5188,0
57161.27,debit_card,gateway_b,authentication_required,189,0.4825,0.1936,1,3,0.781,0.3594,2151,0
68747.51,credit_card,gateway_c,authentication_required,548,0.8138,0.5351,1,2,0.4688,0.7195,7159,1
73179.78,debit_card,gateway_c,authentication_required,957,0.7556,0.3301,1,4,0.452,0.6342,3671,0
2207.16,debit_card,gateway_a,network_timeout,927,0.0788,0.3293,0,4,0.4365,0.7153,3558,1
21766.83,credit_card,gateway_c,insufficient_funds,311,0.6418,0.2096,0,1,0.4379,0.368,3097,0
51420.96,debit_card,gateway_c,authentication_required,817,0.0458,0.3936,1,4,0.4756,0.5093,2991,0
67016.35,upi,gateway_c,network_timeout,95,0.46,0.7576,0,3,0.7133,0.5253,4727,1
53497.85,net_banking,gateway_c,suspected_fraud,25,0.2069,0.0614,0,3,0.8897,0.8632,109,0
49564.57,debit_card,gateway_a,suspected_fraud,894,0.6873,0.2987,0,2,0.811,0.8786,4132,0
15745.59,upi,gateway_c,card_expired,627,0.6439,0.5721,0,2,0.6738,0.8613,4187,0
57129.57,debit_card,gateway_b,insufficient_funds,575,0.5107,0.0581,0,1,0.6389,0.8311,5265,0
92793.52,wallet,gateway_b,temporary_gateway_error,498,0.9142,0.935,0,1,0.4066,0.5306,1085,0
80005.0,upi,gateway_c,issuer_unavailable,775,0.2036,0.1328,0,4,0.952,0.808,2307,0
84725.68,upi,gateway_b,network_timeout,874,0.557,0.9719,0,1,0.6939,0.7439,296,0
44109.67,credit_card,gateway_a,insufficient_funds,595,0.8815,0.7159,0,1,0.765,0.8266,6188,0
96051.02,credit_card,gateway_a,suspected_fraud,465,0.9826,0.187,0,0,0.3314,0.8958,2195,0
86063.67,credit_card,gateway_c,card_expired,443,0.5765,0.9848,0,3,0.7838,0.6974,483,0
36985.17,upi,gateway_b,network_timeout,68,0.3116,0.9095,0,4,0.9586,0.4676,1606,0
47099.4,wallet,gateway_a,suspected_fraud,397,0.1377,0.1906,0,3,0.5605,0.7603,3387,0
12358.47,upi,gateway_b,rate_limit,286,0.783,0.7071,0,2,0.6208,0.8267,4158,1
21931.06,net_banking,gateway_b,network_timeout,445,0.5293,0.1046,0,1,0.4111,0.8991,4138,1
49202.41,wallet,gateway_c,network_timeout,238,0.1128,0.6994,0,3,0.5939,0.3208,4849,0
39247.9,wallet,gateway_a,insufficient_funds,845,0.6356,0.527,0,2,0.3878,0.7087,775,0
5494.67,upi,gateway_b,temporary_gateway_error,86,0.4674,0.6577,0,0,0.8106,0.3023,237,1
12616.97,net_banking,gateway_a,network_timeout,454,0.1115,0.3475,0,0,0.3162,0.2941,4940,1
74733.93,wallet,gateway_a,network_timeout,625,0.1526,0.9289,0,2,0.583,0.4999,1724,0
21081.65,debit_card,gateway_b,issuer_unavailable,674,0.6776,0.4424,0,3,0.6193,0.7603,364,0
71679.69,wallet,gateway_b,card_expired,782,0.4584,0.1734,0,3,0.9366,0.6323,4746,0
39830.71,credit_card,gateway_c,temporary_gateway_error,606,0.9308,0.8293,0,0,0.3233,0.4458,3225,0
52522.43,net_banking,gateway_b,card_expired,865,0.0231,0.9576,0,0,0.7939,0.2582,95,0
21288.01,debit_card,gateway_a,network_timeout,636,0.434,0.0645,0,4,0.7327,0.6266,1916,1
44821.29,wallet,gateway_b,temporary_gateway_error,221,0.4367,0.6031,1,3,0.6754,0.6861,2161,1
22200.72,upi,gateway_b,rate_limit,307,0.6874,0.3373,0,1,0.7289,0.5926,2149,1
64315.15,net_banking,gateway_b,rate_limit,32,0.3391,0.2443,0,0,0.5221,0.5765,1983,1
38854.04,wallet,gateway_c,temporary_gateway_error,295,0.6082,0.7283,0,3,0.6435,0.2931,4452,0
16585.24,net_banking,gateway_c,temporary_gateway_error,470,0.5603,0.2169,0,3,0.4636,0.8928,4683,0
44237.03,debit_card,gateway_c,issuer_unavailable,897,0.4063,0.9548,0,1,0.7197,0.4423,5213,0
23163.9,credit_card,gateway_c,authentication_required,276,0.1175,0.034,1,3,0.4528,0.293,2541,1
9580.8,wallet,gateway_c,suspected_fraud,731,0.054,0.0406,0,4,0.682,0.6919,2749,0
82229.47,credit_card,gateway_a,insufficient_funds,182,0.7985,0.5871,0,2,0.5594,0.6138,2262,0
94192.6,debit_card,gateway_b,suspected_fraud,221,0.113,0.5321,0,4,0.8599,0.5308,3491,0
68650.63,wallet,gateway_a,network_timeout,623,0.5181,0.9568,0,2,0.9176,0.662,2427,1
34952.32,net_banking,gateway_b,authentication_required,432,0.1956,0.855,1,0,0.877,0.4222,4792,0
35435.93,debit_card,gateway_c,rate_limit,962,0.6551,0.9334,0,3,0.5735,0.8012,1774,1
16736.22,net_banking,gateway_c,temporary_gateway_error,412,0.8395,0.941,0,0,0.3164,0.2892,1242,0
29232.99,upi,gateway_b,rate_limit,780,0.7934,0.3622,0,1,0.4829,0.8298,3334,1
61363.9,wallet,gateway_a,suspected_fraud,917,0.1788,0.3891,0,4,0.9103,0.3963,6027,0
32145.36,debit_card,gateway_c,card_expired,530,0.7151,0.5185,0,0,0.9845,0.454,5814,0
26126.07,wallet,gateway_b,temporary_gateway_error,711,0.9384,0.7399,1,4,0.8449,0.6327,4353,1
80182.07,credit_card,gateway_c,issuer_unavailable,498,0.958,0.415,0,0,0.8887,0.8013,255,1
90999.89,debit_card,gateway_c,card_expired,782,0.5979,0.4363,0,1,0.5918,0.5477,5380,0
84186.06,wallet,gateway_c,issuer_unavailable,368,0.3097,0.2522,0,1,0.8313,0.5034,6825,1
71007.86,credit_card,gateway_a,issuer_unavailable,219,0.3479,0.957,0,2,0.3727,0.4313,5820,0
72372.65,wallet,gateway_c,authentication_required,596,0.2689,0.5855,1,4,0.4416,0.5628,365,1
15309.58,debit_card,gateway_a,rate_limit,358,0.8584,0.9474,0,3,0.8928,0.3209,1663,0
64865.68,credit_card,gateway_c,authentication_required,280,0.7496,0.5194,1,3,0.5816,0.56,1288,0
15208.84,upi,gateway_b,issuer_unavailable,564,0.2202,0.8796,0,3,0.7119,0.6876,926,1
46322.59,net_banking,gateway_b,card_expired,492,0.5513,0.5701,0,3,0.8058,0.5402,3257,0
54215.97,debit_card,gateway_b,insufficient_funds,479,0.3022,0.0623,0,4,0.5729,0.4595,70,0
85814.32,wallet,gateway_a,card_expired,976,0.9509,0.0741,0,1,0.3497,0.7927,2138,0
89109.99,net_banking,gateway_a,network_timeout,720,0.4406,0.1499,0,2,0.5479,0.29,4985,0
54346.62,wallet,gateway_b,temporary_gateway_error,1000,0.3864,0.9421,0,3,0.942,0.7818,5302,1
54016.9,wallet,gateway_b,card_expired,63,0.6738,0.4997,0,4,0.3449,0.3261,2963,0
62809.9,debit_card,gateway_a,network_timeout,551,0.2214,0.2806,0,4,0.9589,0.4707,6338,1
41815.82,net_banking,gateway_c,authentication_required,502,0.442,0.6546,1,4,0.9248,0.4949,2192,1
35878.48,wallet,gateway_c,insufficient_funds,101,0.1553,0.7143,0,3,0.3574,0.3149,3849,0
37720.56,upi,gateway_b,issuer_unavailable,513,0.7335,0.6357,0,2,0.4406,0.6232,4016,1
45283.52,net_banking,gateway_b,card_expired,590,0.8628,0.3731,0,0,0.5555,0.4846,6418,0
52144.98,upi,gateway_a,temporary_gateway_error,847,0.7202,0.5133,0,3,0.3407,0.6146,6104,1
76265.39,debit_card,gateway_b,issuer_unavailable,796,0.8838,0.4982,0,3,0.471,0.4605,912,0
16334.1,net_banking,gateway_a,suspected_fraud,205,0.173,0.7549,0,0,0.602,0.3733,1200,0
33456.28,wallet,gateway_b,rate_limit,191,0.2325,0.0344,0,0,0.6244,0.5926,5018,1
32051.58,upi,gateway_c,rate_limit,828,0.7434,0.2839,0,1,0.4418,0.2745,676,1
90065.4,debit_card,gateway_c,authentication_required,341,0.3552,0.0998,1,4,0.4536,0.2942,475,0
17899.32,credit_card,gateway_b,authentication_required,655,0.9421,0.0125,1,3,0.7614,0.6095,5080,0
92699.08,upi,gateway_c,temporary_gateway_error,175,0.4736,0.653,0,3,0.9839,0.6595,3510,0
73418.44,wallet,gateway_a,network_timeout,532,0.7726,0.0357,0,3,0.7464,0.2481,5927,1
25776.8,debit_card,gateway_a,authentication_required,679,0.8761,0.6816,1,1,0.9785,0.8038,2799,0
68414.36,debit_card,gateway_b,issuer_unavailable,420,0.1552,0.6188,0,4,0.9505,0.798,2515,0
1819.86,credit_card,gateway_c,temporary_gateway_error,647,0.8138,0.5004,1,2,0.4479,0.6394,1042,1
50217.27,credit_card,gateway_b,rate_limit,872,0.4391,0.1498,0,3,0.3811,0.3095,6692,0
89566.51,debit_card,gateway_c,card_expired,719,0.1471,0.8707,0,4,0.4796,0.6548,3554,0
37577.49,credit_card,gateway_a,card_expired,937,0.3829,0.0359,0,4,0.7901,0.2805,4974,0
68684.65,upi,gateway_b,rate_limit,173,0.4564,0.562,1,0,0.9432,0.816,1611,1
63291.94,wallet,gateway_a,insufficient_funds,982,0.9662,0.6169,0,1,0.6712,0.4788,1024,0
83508.28,credit_card,gateway_c,issuer_unavailable,968,0.2094,0.6328,0,0,0.9548,0.5583,3992,1
48837.84,upi,gateway_c,temporary_gateway_error,268,0.787,0.6177,0,2,0.5602,0.5135,3036,1
81833.86,debit_card,gateway_a,card_expired,930,0.5228,0.7114,0,0,0.4328,0.2508,1382,0
56097.35,debit_card,gateway_c,issuer_unavailable,462,0.1902,0.3912,1,1,0.4897,0.2787,3869,1
24809.32,net_banking,gateway_b,rate_limit,666,0.8155,0.5,0,4,0.3501,0.772,4425,0
26982.62,upi,gateway_b,card_expired,716,0.5672,0.1451,0,4,0.9257,0.7806,2404,0
39849.16,debit_card,gateway_a,authentication_required,809,0.1307,0.3161,1,3,0.3234,0.2391,4746,0
55804.47,upi,gateway_c,network_timeout,264,0.5318,0.545,0,0,0.3345,0.4904,6944,0
93506.25,debit_card,gateway_a,network_timeout,437,0.1566,0.0931,0,4,0.9574,0.5943,6622,1
41834.19,upi,gateway_b,authentication_required,246,0.076,0.3816,1,1,0.7928,0.476,2677,1
68782.8,credit_card,gateway_b,rate_limit,668,0.1604,0.8662,0,2,0.5013,0.8816,1109,1
52460.62,debit_card,gateway_a,authentication_required,221,0.7917,0.7943,1,3,0.7321,0.6858,5766,1
14501.75,wallet,gateway_b,insufficient_funds,269,0.9927,0.9604,0,3,0.3818,0.6618,3594,1
41897.22,debit_card,gateway_c,temporary_gateway_error,896,0.9685,0.974,0,0,0.3317,0.4979,2088,1
37168.73,net_banking,gateway_b,insufficient_funds,893,0.374,0.378,0,0,0.4787,0.6737,4248,0
46779.66,credit_card,gateway_b,suspected_fraud,921,0.2118,0.4146,0,3,0.9826,0.4169,3866,0
26015.62,wallet,gateway_b,card_expired,777,0.9881,0.954,0,2,0.3835,0.3868,1092,0
69932.19,debit_card,gateway_b,insufficient_funds,792,0.1804,0.9053,0,1,0.8704,0.3286,1907,1
91245.2,wallet,gateway_b,rate_limit,817,0.1738,0.2551,0,0,0.9793,0.3162,1361,0
54426.26,credit_card,gateway_c,rate_limit,89,0.0618,0.2302,0,1,0.756,0.4084,4600,0
46222.38,net_banking,gateway_c,suspected_fraud,689,0.8671,0.9604,0,4,0.3229,0.3604,3516,0
36114.17,debit_card,gateway_c,card_expired,675,0.5257,0.6497,0,3,0.3101,0.6659,353,0
85347.42,upi,gateway_c,insufficient_funds,175,0.5736,0.9319,0,4,0.349,0.4444,4175,1
59088.37,upi,gateway_b,suspected_fraud,952,0.6384,0.003,0,0,0.8,0.3848,2373,0
8023.97,wallet,gateway_c,suspected_fraud,554,0.5404,0.2864,0,2,0.5048,0.2214,4869,0
25120.44,net_banking,gateway_a,issuer_unavailable,963,0.8984,0.9644,0,1,0.4217,0.864,1693,0
51100.43,net_banking,gateway_b,network_timeout,397,0.7034,0.0095,0,4,0.8276,0.5158,4887,0
23404.14,credit_card,gateway_a,issuer_unavailable,161,0.3398,0.3442,0,3,0.6054,0.5433,3354,0
35135.59,credit_card,gateway_a,authentication_required,20,0.0282,0.6064,1,1,0.5141,0.4813,6308,1
88421.41,credit_card,gateway_b,authentication_required,581,0.7049,0.8819,1,0,0.4262,0.6993,4237,0
61719.72,upi,gateway_c,issuer_unavailable,495,0.333,0.6724,0,2,0.584,0.6302,2358,0
72635.53,net_banking,gateway_c,network_timeout,307,0.5874,0.1039,0,2,0.4258,0.8315,4967,1
47042.46,net_banking,gateway_a,suspected_fraud,738,0.5843,0.1226,0,0,0.6305,0.6736,4753,0
41181.42,net_banking,gateway_a,rate_limit,809,0.2741,0.7903,0,3,0.8437,0.6928,7062,0
56029.4,credit_card,gateway_b,card_expired,572,0.0647,0.6906,0,0,0.6308,0.8125,4296,0
55161.99,credit_card,gateway_c,temporary_gateway_error,471,0.1613,0.6137,0,4,0.4467,0.3669,5330,0
97901.64,net_banking,gateway_b,suspected_fraud,122,0.5463,0.9874,0,3,0.6235,0.7022,7003,0
90860.94,wallet,gateway_a,rate_limit,183,0.7472,0.0207,0,3,0.7222,0.4557,3977,1
24047.3,credit_card,gateway_b,issuer_unavailable,147,0.2612,0.8213,0,3,0.4717,0.5444,6536,1
62591.47,credit_card,gateway_b,suspected_fraud,351,0.3451,0.4078,0,1,0.3605,0.3951,2878,0
14400.38,wallet,gateway_b,insufficient_funds,337,0.4856,0.9446,0,0,0.8061,0.4145,5716,0
17218.89,upi,gateway_b,authentication_required,300,0.3283,0.323,1,0,0.7622,0.7739,5374,1
6868.35,debit_card,gateway_a,insufficient_funds,799,0.0748,0.3015,0,0,0.348,0.6253,5502,1
73012.3,net_banking,gateway_b,issuer_unavailable,753,0.0638,0.5594,0,4,0.9926,0.2633,3570,0
51054.09,credit_card,gateway_a,network_timeout,531,0.4562,0.6396,0,3,0.971,0.3326,5798,0
3513.15,debit_card,gateway_c,card_expired,447,0.2462,0.7621,0,4,0.5026,0.3447,3946,0
32611.91,upi,gateway_b,suspected_fraud,751,0.8532,0.4421,0,1,0.5513,0.3439,7160,0
94309.96,credit_card,gateway_a,network_timeout,948,0.5079,0.6921,0,1,0.7669,0.8769,4014,1
75327.87,credit_card,gateway_c,suspected_fraud,709,0.186,0.3024,0,2,0.9254,0.786,3559,0
64381.76,net_banking,gateway_c,authentication_required,110,0.4256,0.4399,1,4,0.9197,0.2403,6461,0
1720.97,net_banking,gateway_b,insufficient_funds,394,0.8881,0.3582,0,1,0.7129,0.5366,4073,0
41440.24,wallet,gateway_a,suspected_fraud,207,0.4197,0.7329,0,4,0.4678,0.6079,5271,0
63718.24,upi,gateway_b,insufficient_funds,685,0.7397,0.3503,0,4,0.5737,0.5326,2996,0
74225.31,credit_card,gateway_a,network_timeout,593,0.1376,0.2613,0,0,0.8064,0.5425,3730,0
61357.51,credit_card,gateway_a,authentication_required,384,0.3068,0.9436,1,4,0.4286,0.2402,6220,0
92832.18,credit_card,gateway_c,temporary_gateway_error,292,0.4117,0.045,0,4,0.6018,0.8436,1359,1
20278.77,net_banking,gateway_a,issuer_unavailable,618,0.2892,0.6816,0,2,0.943,0.3689,6341,1
72063.75,credit_card,gateway_a,issuer_unavailable,203,0.8002,0.9648,0,1,0.6668,0.5014,2040,1
88932.58,debit_card,gateway_c,insufficient_funds,688,0.1539,0.0044,0,3,0.9163,0.5706,114,0
89444.93,net_banking,gateway_a,authentication_required,749,0.5766,0.1731,1,4,0.7146,0.5183,5239,0
40502.28,debit_card,gateway_c,card_expired,141,0.4098,0.4669,0,3,0.9362,0.8775,3796,0
29993.44,upi,gateway_c,temporary_gateway_error,855,0.4941,0.0781,0,2,0.3557,0.4654,4852,0
69650.42,credit_card,gateway_b,network_timeout,682,0.3207,0.1127,0,2,0.7738,0.4632,6979,0
12780.1,credit_card,gateway_a,authentication_required,213,0.7636,0.4089,1,1,0.4627,0.7441,4627,0
21007.29,upi,gateway_b,authentication_required,638,0.2561,0.1483,1,0,0.659,0.7484,4434,1
64088.24,debit_card,gateway_b,rate_limit,707,0.4134,0.4424,0,4,0.9729,0.2796,3380,0
32604.86,credit_card,gateway_c,issuer_unavailable,766,0.5672,0.0811,0,0,0.5615,0.7383,569,1
50083.88,upi,gateway_c,rate_limit,857,0.1215,0.5504,1,4,0.4545,0.7038,672,1
42824.02,wallet,gateway_c,temporary_gateway_error,842,0.2219,0.3378,0,1,0.6552,0.7665,2730,0
8739.98,wallet,gateway_c,insufficient_funds,616,0.6012,0.6071,0,1,0.8908,0.3607,5212,1
15926.95,credit_card,gateway_a,authentication_required,663,0.4165,0.3495,1,4,0.9301,0.5772,6552,0
46044.21,debit_card,gateway_a,card_expired,423,0.007,0.7586,0,3,0.7664,0.5134,1604,0
6008.25,debit_card,gateway_b,authentication_required,513,0.3754,0.0403,1,2,0.8658,0.543,5850,0
16973.39,upi,gateway_b,insufficient_funds,527,0.3126,0.4524,0,0,0.4511,0.29,2560,0
90754.63,credit_card,gateway_c,suspected_fraud,80,0.7527,0.2937,0,4,0.3942,0.2464,1295,0
57010.89,upi,gateway_b,insufficient_funds,295,0.6799,0.7696,0,4,0.5622,0.8812,3166,0
60917.7,wallet,gateway_a,network_timeout,625,0.928,0.4798,0,3,0.8894,0.2392,7094,1
30178.56,wallet,gateway_a,insufficient_funds,703,0.1178,0.1705,0,4,0.6515,0.23,7051,0
93533.69,debit_card,gateway_b,suspected_fraud,431,0.9477,0.8596,0,3,0.9811,0.2071,179,0
30200.76,upi,gateway_a,network_timeout,420,0.3569,0.6891,0,1,0.6693,0.4835,1849,0
61772.86,wallet,gateway_a,rate_limit,967,0.3751,0.088,1,3,0.5684,0.8022,6001,0
52911.98,credit_card,gateway_c,issuer_unavailable,603,0.4515,0.838,0,3,0.8033,0.4237,2626,0
66694.45,debit_card,gateway_a,temporary_gateway_error,427,0.1012,0.6297,0,2,0.6779,0.2291,4567,1
46818.82,net_banking,gateway_a,authentication_required,477,0.0024,0.3028,1,3,0.9209,0.6018,4820,0
67880.26,upi,gateway_c,authentication_required,802,0.2207,0.714,1,1,0.3223,0.2523,1755,1
12804.61,debit_card,gateway_c,authentication_required,103,0.1476,0.0382,1,3,0.876,0.5876,2473,1
43040.48,debit_card,gateway_c,suspected_fraud,189,0.373,0.3368,0,2,0.6352,0.2518,5021,0
69506.93,wallet,gateway_a,authentication_required,664,0.9132,0.5415,1,2,0.8001,0.3136,530,0
2919.76,upi,gateway_a,rate_limit,74,0.3926,0.5945,0,3,0.5634,0.7629,768,0
42593.15,net_banking,gateway_c,issuer_unavailable,453,0.2259,0.1371,1,2,0.6473,0.2021,6193,0
42793.53,debit_card,gateway_b,issuer_unavailable,679,0.8097,0.7005,0,2,0.763,0.8229,1690,1
94027.54,net_banking,gateway_b,suspected_fraud,651,0.1643,0.2609,0,1,0.3166,0.4284,6237,0
76870.93,upi,gateway_c,suspected_fraud,513,0.5183,0.609,0,4,0.3749,0.216,4956,0
29917.53,upi,gateway_a,temporary_gateway_error,465,0.6501,0.1217,0,0,0.9017,0.5937,797,0
81544.04,net_banking,gateway_a,authentication_required,355,0.1395,0.8916,1,0,0.9183,0.8925,6370,1
79753.36,upi,gateway_b,issuer_unavailable,128,0.783,0.8122,0,4,0.7594,0.8405,2793,1
67174.9,debit_card,gateway_a,rate_limit,837,0.6521,0.5908,0,3,0.9231,0.4531,3123,1
36338.58,debit_card,gateway_c,rate_limit,417,0.7734,0.4551,0,4,0.9117,0.3251,3185,1
97431.34,upi,gateway_c,issuer_unavailable,706,0.6163,0.3903,0,1,0.5988,0.6978,6888,0
23337.32,net_banking,gateway_a,network_timeout,302,0.023,0.9694,0,1,0.9247,0.3076,2909,1
88353.59,credit_card,gateway_c,card_expired,177,0.0681,0.1855,0,1,0.4651,0.764,3574,0
93115.65,debit_card,gateway_c,insufficient_funds,822,0.886,0.0597,0,2,0.3268,0.7276,4219,1
62636.32,net_banking,gateway_c,authentication_required,502,0.0234,0.8897,1,2,0.8808,0.6817,1062,1
96179.2,upi,gateway_c,temporary_gateway_error,925,0.1463,0.1732,0,2,0.4125,0.2452,5445,1
30895.16,wallet,gateway_b,issuer_unavailable,730,0.144,0.6211,0,1,0.8016,0.2845,6510,1
24175.59,credit_card,gateway_b,card_expired,972,0.4557,0.8676,1,3,0.9226,0.6574,6337,0
89996.4,wallet,gateway_a,rate_limit,217,0.9402,0.881,0,2,0.5357,0.5488,2835,0
17649.71,wallet,gateway_b,temporary_gateway_error,560,0.534,0.4504,0,1,0.4926,0.4437,4651,0
44464.12,debit_card,gateway_b,issuer_unavailable,974,0.8573,0.699,0,3,0.7494,0.4881,4527,1
50862.53,debit_card,gateway_c,issuer_unavailable,952,0.7275,0.1079,0,3,0.6158,0.2036,3756,0
92382.08,wallet,gateway_a,suspected_fraud,440,0.8334,0.7085,0,1,0.4175,0.3668,555,0
98304.8,net_banking,gateway_a,card_expired,575,0.0847,0.4778,0,4,0.4949,0.3381,6490,0
51083.77,wallet,gateway_a,insufficient_funds,57,0.743,0.0341,0,2,0.446,0.5126,4442,1
61973.19,debit_card,gateway_a,insufficient_funds,298,0.0476,0.6743,0,0,0.9129,0.5474,6214,0
79287.64,upi,gateway_b,rate_limit,486,0.9952,0.6375,0,2,0.4055,0.8551,5715,1
62568.29,net_banking,gateway_c,network_timeout,114,0.7216,0.3118,0,4,0.8671,0.8022,695,1
89810.16,wallet,gateway_a,card_expired,115,0.9974,0.0046,0,0,0.9701,0.4367,4020,0
71097.53,wallet,gateway_c,rate_limit,609,0.6444,0.6826,1,2,0.4269,0.3238,848,0
48993.46,debit_card,gateway_c,temporary_gateway_error,107,0.8706,0.0103,0,1,0.3914,0.7554,5847,1
5130.5,net_banking,gateway_a,authentication_required,354,0.4813,0.6257,1,1,0.4711,0.6612,6021,1
93328.8,net_banking,gateway_a,temporary_gateway_error,66,0.0799,0.7875,0,2,0.6228,0.7383,4667,1
84814.54,wallet,gateway_a,card_expired,890,0.8549,0.9329,0,4,0.474,0.4514,6543,0
43898.74,debit_card,gateway_a,network_timeout,515,0.1487,0.3595,0,4,0.7065,0.7013,4858,0
24200.31,net_banking,gateway_b,network_timeout,512,0.4666,0.0741,0,2,0.9835,0.2222,658,0
90481.21,debit_card,gateway_c,rate_limit,828,0.025,0.022,0,1,0.3099,0.8774,1077,0
49102.93,credit_card,gateway_c,issuer_unavailable,174,0.8052,0.0287,0,3,0.9866,0.2547,1714,0
81667.34,upi,gateway_b,issuer_unavailable,230,0.8553,0.9504,0,1,0.9746,0.5039,1748,0
31154.17,wallet,gateway_a,insufficient_funds,195,0.3665,0.5919,0,0,0.6842,0.7639,5305,1
1704.67,upi,gateway_a,temporary_gateway_error,138,0.3315,0.9015,0,2,0.7696,0.6924,1969,1
30250.87,debit_card,gateway_c,issuer_unavailable,202,0.3626,0.1683,0,3,0.478,0.3696,6442,0
73004.55,upi,gateway_b,rate_limit,892,0.665,0.7425,0,2,0.7927,0.2502,6755,0
52259.69,credit_card,gateway_c,issuer_unavailable,106,0.6272,0.4564,0,2,0.4752,0.4237,4673,0
92372.26,upi,gateway_b,temporary_gateway_error,365,0.5917,0.9225,0,4,0.5903,0.8151,2364,1
52354.75,debit_card,gateway_a,authentication_required,202,0.582,0.9915,1,3,0.7297,0.8204,6979,0
87322.31,wallet,gateway_b,network_timeout,902,0.2295,0.158,1,2,0.9535,0.8957,4747,0
51936.39,wallet,gateway_c,card_expired,463,0.6403,0.0227,0,2,0.419,0.645,4734,0
83764.0,net_banking,gateway_a,temporary_gateway_error,268,0.8145,0.1821,0,2,0.8635,0.8308,3547,1
87764.36,net_banking,gateway_c,card_expired,956,0.2679,0.173,0,4,0.5209,0.5535,6488,0
62862.23,upi,gateway_c,card_expired,996,0.3673,0.2729,0,1,0.4139,0.3152,4443,0
84433.16,upi,gateway_a,authentication_required,539,0.7826,0.9576,1,3,0.75,0.2057,5328,1
51291.04,debit_card,gateway_c,issuer_unavailable,953,0.3204,0.1608,0,1,0.846,0.2969,7133,0
63379.93,upi,gateway_a,insufficient_funds,675,0.8071,0.2401,0,3,0.3869,0.7802,1545,0
31941.67,upi,gateway_b,network_timeout,65,0.1936,0.7616,0,3,0.8504,0.794,7148,0
46671.66,net_banking,gateway_c,card_expired,919,0.4265,0.0958,0,3,0.7588,0.8983,760,0
13872.17,debit_card,gateway_a,authentication_required,369,0.1458,0.5697,1,0,0.7607,0.632,5639,1
63814.19,credit_card,gateway_b,rate_limit,431,0.3055,0.6593,0,1,0.6385,0.4024,1212,0
85299.11,credit_card,gateway_c,rate_limit,472,0.0159,0.1334,0,0,0.838,0.8179,3866,1
65067.36,upi,gateway_a,rate_limit,845,0.4201,0.9518,0,4,0.3584,0.5243,6292,1
23575.23,wallet,gateway_a,rate_limit,719,0.0629,0.2008,0,0,0.4758,0.7718,5630,0
67746.33,wallet,gateway_a,authentication_required,645,0.6015,0.1096,1,2,0.896,0.2146,3695,1
84716.88,net_banking,gateway_a,insufficient_funds,321,0.8715,0.3375,0,2,0.5923,0.6196,6862,0
9284.4,debit_card,gateway_a,insufficient_funds,959,0.5598,0.9658,0,3,0.6299,0.5362,4281,1
82191.02,upi,gateway_c,temporary_gateway_error,990,0.9603,0.9622,1,4,0.4401,0.6307,3714,0
86671.59,wallet,gateway_c,rate_limit,378,0.5012,0.2819,0,0,0.8661,0.5251,2184,0
30044.93,wallet,gateway_b,suspected_fraud,630,0.8458,0.9507,0,0,0.6047,0.3999,4906,0
33475.37,upi,gateway_b,network_timeout,675,0.281,0.0006,0,4,0.4768,0.3647,1161,0
81263.98,upi,gateway_c,rate_limit,657,0.146,0.1837,0,2,0.4531,0.2025,1799,0
34826.65,net_banking,gateway_b,network_timeout,27,0.7856,0.0994,0,3,0.471,0.4658,6049,0
46324.37,net_banking,gateway_c,issuer_unavailable,445,0.4195,0.486,0,0,0.5212,0.5344,1846,1
63151.01,upi,gateway_b,issuer_unavailable,997,0.6152,0.7346,0,3,0.6562,0.8066,5475,0
92874.64,debit_card,gateway_a,authentication_required,678,0.7391,0.4724,1,3,0.86,0.2154,2554,0
25538.02,credit_card,gateway_c,insufficient_funds,731,0.7547,0.889,0,2,0.9616,0.5762,4858,0
76393.15,wallet,gateway_a,authentication_required,775,0.5368,0.5278,1,4,0.7904,0.5823,4671,1
49358.2,debit_card,gateway_c,rate_limit,220,0.4235,0.1471,0,2,0.6796,0.7463,6071,1
1866.3,debit_card,gateway_a,issuer_unavailable,23,0.032,0.5215,0,2,0.6613,0.3717,5749,0
35144.82,upi,gateway_c,suspected_fraud,577,0.6726,0.5588,0,3,0.587,0.8012,2548,0
79237.25,wallet,gateway_b,authentication_required,523,0.6347,0.4061,1,0,0.585,0.397,919,0
93743.05,net_banking,gateway_a,rate_limit,97,0.4676,0.3986,0,0,0.644,0.6599,860,1
26640.6,net_banking,gateway_b,card_expired,382,0.9073,0.0251,0,0,0.4029,0.4782,6738,0
61216.15,net_banking,gateway_c,authentication_required,634,0.9404,0.3928,1,2,0.9748,0.2897,3527,0
95352.15,wallet,gateway_c,authentication_required,85,0.5776,0.8382,1,3,0.7134,0.3795,2258,1
98123.92,wallet,gateway_c,card_expired,88,0.1213,0.5886,0,3,0.8036,0.4902,4545,0
30193.52,credit_card,gateway_a,authentication_required,812,0.0883,0.2851,1,4,0.4732,0.5366,4472,0
43641.5,debit_card,gateway_b,insufficient_funds,37,0.7084,0.3551,0,3,0.8476,0.7697,637,0
23855.15,net_banking,gateway_c,authentication_required,428,0.386,0.241,1,4,0.7883,0.5351,3540,0
44325.64,net_banking,gateway_b,insufficient_funds,416,0.5836,0.4318,0,1,0.7709,0.4509,3752,1
36345.9,debit_card,gateway_c,card_expired,259,0.7631,0.6387,0,1,0.752,0.2997,7142,0
50052.86,net_banking,gateway_c,network_timeout,249,0.8109,0.1245,0,4,0.861,0.6409,5885,1
85334.47,debit_card,gateway_a,network_timeout,727,0.8106,0.063,0,3,0.5326,0.7884,1649,1
55281.12,net_banking,gateway_a,rate_limit,869,0.1561,0.0978,0,3,0.9462,0.4799,6082,0
31955.65,debit_card,gateway_b,issuer_unavailable,43,0.2501,0.1702,0,0,0.9012,0.3424,2079,0
46431.25,wallet,gateway_a,rate_limit,730,0.3186,0.0178,0,1,0.623,0.8291,4366,0
5432.55,upi,gateway_b,card_expired,879,0.9846,0.6345,0,4,0.4656,0.8384,3643,0
68240.23,upi,gateway_a,insufficient_funds,522,0.0584,0.6604,1,0,0.4092,0.4381,1586,0
35804.88,credit_card,gateway_c,card_expired,765,0.8631,0.7361,0,3,0.8214,0.4954,5011,0
76814.91,upi,gateway_b,temporary_gateway_error,657,0.7719,0.6276,0,2,0.5266,0.5928,1120,1
24025.03,wallet,gateway_b,network_timeout,106,0.6643,0.1937,0,3,0.4162,0.7145,1792,1
21690.83,upi,gateway_c,rate_limit,561,0.4212,0.0512,0,1,0.9491,0.7656,3977,0
75216.67,credit_card,gateway_a,temporary_gateway_error,558,0.835,0.5777,1,1,0.8595,0.2696,5868,1
59032.72,upi,gateway_b,temporary_gateway_error,892,0.2496,0.0132,0,0,0.448,0.6722,6589,0
1142.66,wallet,gateway_b,network_timeout,29,0.989,0.5274,0,3,0.8675,0.8335,193,1
70265.42,debit_card,gateway_b,insufficient_funds,41,0.8989,0.2561,0,4,0.3446,0.4727,2238,0
66831.11,upi,gateway_c,issuer_unavailable,229,0.3979,0.5195,0,3,0.8654,0.2632,1342,1
65461.97,debit_card,gateway_a,temporary_gateway_error,95,0.0077,0.4722,0,1,0.7591,0.649,1128,1
36561.43,debit_card,gateway_b,rate_limit,991,0.7686,0.3372,0,2,0.5662,0.861,3275,0
60109.59,upi,gateway_b,insufficient_funds,974,0.1529,0.3471,0,0,0.3589,0.2782,7090,0
68514.53,credit_card,gateway_c,suspected_fraud,373,0.8462,0.7486,0,2,0.3706,0.6068,6084,0
5057.17,debit_card,gateway_b,temporary_gateway_error,545,0.5137,0.6536,0,3,0.9845,0.2796,1293,0
62969.29,net_banking,gateway_c,card_expired,353,0.8678,0.9101,0,1,0.6452,0.2545,5111,0
49590.2,credit_card,gateway_a,rate_limit,380,0.7761,0.7358,0,1,0.4658,0.2659,538,0
96722.55,credit_card,gateway_b,insufficient_funds,130,0.8622,0.5746,0,0,0.8382,0.7116,4565,1
64400.25,wallet,gateway_a,insufficient_funds,218,0.306,0.5331,0,1,0.5114,0.6819,5737,1
83975.56,debit_card,gateway_a,issuer_unavailable,168,0.3534,0.001,1,4,0.3713,0.5428,1051,0
86996.7,credit_card,gateway_a,suspected_fraud,675,0.1689,0.2897,0,2,0.8076,0.4131,5683,0
63024.65,credit_card,gateway_c,authentication_required,108,0.5365,0.6129,1,0,0.3877,0.5218,4952,1
46924.83,wallet,gateway_a,suspected_fraud,419,0.1235,0.6945,0,1,0.7594,0.8127,5162,0
18322.96,debit_card,gateway_b,issuer_unavailable,928,0.713,0.971,0,1,0.3859,0.6133,6929,1
19370.58,credit_card,gateway_b,issuer_unavailable,170,0.0608,0.9481,0,3,0.9922,0.7815,6421,0
25762.7,credit_card,gateway_a,temporary_gateway_error,865,0.4795,0.717,0,0,0.4994,0.7237,2200,1
61742.27,debit_card,gateway_a,suspected_fraud,431,0.4751,0.6779,0,1,0.6396,0.8733,6840,0
76351.21,wallet,gateway_b,temporary_gateway_error,613,0.5327,0.5517,0,2,0.3239,0.7219,1543,1
13878.52,upi,gateway_a,insufficient_funds,85,0.5336,0.8731,0,4,0.3072,0.526,6619,1
2470.8,debit_card,gateway_b,authentication_required,54,0.7128,0.6545,1,4,0.9308,0.6816,1500,1
29326.32,upi,gateway_b,rate_limit,834,0.494,0.1353,0,4,0.5822,0.6148,2135,0
32907.52,debit_card,gateway_c,suspected_fraud,43,0.3726,0.6751,0,1,0.3826,0.823,5330,0
93440.85,credit_card,gateway_a,temporary_gateway_error,720,0.7828,0.4591,0,2,0.6342,0.8772,5754,1
73581.15,debit_card,gateway_c,network_timeout,581,0.4333,0.7016,0,2,0.5234,0.6331,4157,1
65380.44,net_banking,gateway_a,authentication_required,507,0.0187,0.1669,1,1,0.721,0.7547,2423,0
72911.52,upi,gateway_c,card_expired,629,0.4303,0.6097,0,4,0.9377,0.5947,3266,0
95330.7,upi,gateway_b,card_expired,118,0.9712,0.9876,0,4,0.306,0.2109,2393,0
94243.11,net_banking,gateway_b,issuer_unavailable,171,0.4878,0.5017,0,4,0.9475,0.507,3888,1
3234.32,net_banking,gateway_b,issuer_unavailable,942,0.9399,0.0921,0,2,0.6252,0.5351,5742,0
52678.39,debit_card,gateway_b,card_expired,132,0.3024,0.8509,0,3,0.3797,0.7955,4407,0
23424.12,upi,gateway_c,rate_limit,530,0.5621,0.3405,0,3,0.7882,0.5807,2923,0
2761.2,credit_card,gateway_b,temporary_gateway_error,204,0.1186,0.5259,0,0,0.4978,0.5564,115,0
96275.16,upi,gateway_b,issuer_unavailable,215,0.5141,0.2532,0,4,0.9731,0.7016,1352,0
36310.78,upi,gateway_c,authentication_required,40,0.9151,0.7949,1,2,0.3855,0.4157,971,0
65455.57,upi,gateway_a,network_timeout,26,0.9237,0.1657,0,4,0.813,0.5577,6820,0
7721.65,credit_card,gateway_a,card_expired,172,0.2646,0.709,0,4,0.8478,0.422,3067,0
76664.49,debit_card,gateway_a,insufficient_funds,485,0.9771,0.8561,0,3,0.7068,0.8308,5567,0
19670.55,debit_card,gateway_c,network_timeout,817,0.3711,0.7909,0,1,0.5385,0.3191,2871,1
31347.4,net_banking,gateway_a,card_expired,496,0.5371,0.2752,1,0,0.8622,0.3946,1552,1
68278.88,upi,gateway_b,suspected_fraud,758,0.4139,0.5719,0,4,0.7479,0.6836,6403,0
88906.99,upi,gateway_a,network_timeout,177,0.31,0.678,0,4,0.9093,0.3542,425,0
77570.69,wallet,gateway_a,suspected_fraud,926,0.9612,0.9252,0,3,0.3736,0.3513,3338,0
94243.81,credit_card,gateway_c,rate_limit,242,0.0879,0.2352,1,2,0.7114,0.4024,1196,0
71425.06,upi,gateway_c,suspected_fraud,714,0.1358,0.0566,0,1,0.4225,0.676,5046,0
22953.4,credit_card,gateway_c,suspected_fraud,761,0.3907,0.5449,0,2,0.4675,0.5308,667,0
16090.43,net_banking,gateway_c,insufficient_funds,90,0.2255,0.8523,0,3,0.5587,0.6133,5810,0
47068.11,net_banking,gateway_a,temporary_gateway_error,254,0.4285,0.9748,0,4,0.9613,0.5964,5219,1
75351.39,credit_card,gateway_c,authentication_required,914,0.9807,0.2017,1,2,0.5592,0.6334,6625,1
61933.92,debit_card,gateway_a,network_timeout,495,0.9644,0.2645,0,2,0.3942,0.3674,3315,0
4052.38,wallet,gateway_b,rate_limit,422,0.4942,0.615,0,4,0.4914,0.2783,5980,1
54713.54,wallet,gateway_b,network_timeout,234,0.7859,0.587,0,3,0.848,0.7022,131,1
27221.65,debit_card,gateway_b,suspected_fraud,677,0.2942,0.3104,0,4,0.6221,0.4642,7058,0
88380.7,net_banking,gateway_b,insufficient_funds,991,0.4861,0.4601,0,1,0.7589,0.4544,5610,0
69429.97,debit_card,gateway_b,temporary_gateway_error,267,0.3495,0.0681,0,1,0.8147,0.6861,1403,1
88952.37,debit_card,gateway_b,insufficient_funds,887,0.6028,0.6579,0,3,0.4574,0.5524,5204,1
65392.33,wallet,gateway_c,card_expired,980,0.1365,0.5101,0,3,0.8974,0.3414,6245,0
96908.96,wallet,gateway_a,temporary_gateway_error,621,0.8319,0.076,0,4,0.6539,0.8753,662,0
79304.29,upi,gateway_c,card_expired,559,0.4576,0.6293,0,0,0.8618,0.5237,4619,0
90484.89,upi,gateway_b,suspected_fraud,434,0.8477,0.6172,1,0,0.4474,0.3053,3429,0
62775.53,net_banking,gateway_c,temporary_gateway_error,546,0.4953,0.3892,0,2,0.8351,0.4018,6714,0
12490.24,wallet,gateway_b,issuer_unavailable,355,0.3276,0.73,0,2,0.4616,0.5203,1921,0
26177.25,upi,gateway_c,authentication_required,628,0.9989,0.1767,1,3,0.563,0.3529,3805,0
35084.56,wallet,gateway_c,issuer_unavailable,360,0.0918,0.6178,1,4,0.407,0.6706,3573,0
77796.27,credit_card,gateway_b,network_timeout,834,0.1762,0.9226,0,0,0.77,0.4017,3852,1
74360.31,upi,gateway_c,rate_limit,921,0.4301,0.2636,0,2,0.4617,0.8377,6736,1
22499.61,credit_card,gateway_c,rate_limit,503,0.3487,0.9077,0,4,0.7377,0.4723,848,0
98556.59,net_banking,gateway_c,authentication_required,585,0.3668,0.4336,1,4,0.6154,0.221,2899,1
92808.65,wallet,gateway_c,insufficient_funds,67,0.9796,0.792,1,3,0.9723,0.6401,6577,0
57274.89,debit_card,gateway_c,card_expired,737,0.5613,0.3046,0,3,0.8852,0.2925,6037,0
63313.39,credit_card,gateway_a,suspected_fraud,257,0.9304,0.6183,0,0,0.4452,0.264,5267,0
88897.97,upi,gateway_c,insufficient_funds,238,0.76,0.0376,0,2,0.8784,0.8602,4707,0
6157.58,upi,gateway_b,authentication_required,290,0.9231,0.5829,1,2,0.4742,0.2796,2467,0
93661.28,upi,gateway_a,temporary_gateway_error,465,0.8184,0.1302,0,3,0.4339,0.8837,1967,0
52030.33,debit_card,gateway_a,suspected_fraud,543,0.6072,0.1036,0,2,0.9433,0.4824,618,0
31012.79,wallet,gateway_a,temporary_gateway_error,106,0.3362,0.671,0,2,0.3491,0.6897,539,0
79492.32,credit_card,gateway_a,card_expired,358,0.0682,0.3339,0,1,0.637,0.3958,4722,0
39063.27,debit_card,gateway_a,rate_limit,500,0.4553,0.1025,0,2,0.7215,0.496,929,0
34556.42,credit_card,gateway_a,suspected_fraud,196,0.0921,0.7734,0,3,0.5567,0.4049,1259,0
42297.83,wallet,gateway_b,insufficient_funds,217,0.4981,0.4957,0,4,0.3899,0.2987,146,0
87796.57,upi,gateway_a,card_expired,239,0.7712,0.2262,1,2,0.4502,0.8438,4679,0
19552.4,credit_card,gateway_b,authentication_required,226,0.9114,0.078,1,1,0.5014,0.6077,5409,1
67110.12,wallet,gateway_b,suspected_fraud,40,0.2371,0.4664,0,0,0.5709,0.8488,5957,0
90439.52,wallet,gateway_b,insufficient_funds,634,0.9675,0.4106,0,2,0.4923,0.5965,72,0
57985.39,wallet,gateway_c,temporary_gateway_error,859,0.7992,0.7737,0,2,0.6404,0.7512,3446,1
95649.41,wallet,gateway_a,suspected_fraud,564,0.7917,0.5606,0,0,0.9717,0.7723,3427,0
48592.96,debit_card,gateway_c,network_timeout,866,0.9364,0.9976,0,0,0.3657,0.7261,5262,1
1223.95,wallet,gateway_c,authentication_required,936,0.4839,0.128,1,3,0.7844,0.7459,4327,0
8286.21,upi,gateway_a,rate_limit,866,0.9834,0.778,1,3,0.4887,0.8735,5441,1
18218.9,credit_card,gateway_a,suspected_fraud,758,0.6514,0.7272,0,0,0.6124,0.2939,6333,0
59381.76,upi,gateway_b,temporary_gateway_error,397,0.7107,0.0356,0,1,0.8225,0.3861,3075,1
48106.3,debit_card,gateway_b,insufficient_funds,225,0.6842,0.3316,0,4,0.5638,0.6909,4015,0
52348.16,net_banking,gateway_a,rate_limit,380,0.2011,0.4369,0,1,0.4508,0.6657,871,0
3000.42,wallet,gateway_a,suspected_fraud,881,0.7255,0.7755,0,1,0.3101,0.7512,2213,0
27728.49,debit_card,gateway_c,temporary_gateway_error,873,0.2879,0.4257,0,2,0.8538,0.5748,6425,1
25434.92,credit_card,gateway_b,network_timeout,425,0.3622,0.5144,0,1,0.3366,0.8963,5228,0
39740.53,debit_card,gateway_b,temporary_gateway_error,965,0.9358,0.3932,0,4,0.7576,0.6851,7114,1
55792.44,wallet,gateway_c,rate_limit,481,0.7412,0.3719,0,2,0.7477,0.8798,4697,1
28815.14,debit_card,gateway_c,network_timeout,543,0.1196,0.5881,0,2,0.4347,0.5468,2534,1
28626.35,net_banking,gateway_c,network_timeout,907,0.5264,0.7806,0,3,0.9094,0.3578,6329,1
53808.08,net_banking,gateway_b,network_timeout,617,0.6777,0.1143,0,3,0.7378,0.7722,4593,0
7100.23,debit_card,gateway_a,card_expired,403,0.3713,0.7674,0,0,0.653,0.4021,6280,0
6147.01,debit_card,gateway_b,network_timeout,510,0.4136,0.0322,0,4,0.3517,0.697,4639,1
62262.46,upi,gateway_b,authentication_required,509,0.7474,0.3856,1,4,0.6405,0.4396,1533,1
20222.9,upi,gateway_a,authentication_required,481,0.5925,0.7822,1,1,0.7677,0.8255,6143,1
77059.22,net_banking,gateway_b,issuer_unavailable,829,0.7519,0.9024,0,0,0.5802,0.2491,6866,1
1557.33,upi,gateway_b,issuer_unavailable,174,0.3741,0.6243,0,4,0.7642,0.7346,4139,0
99736.28,debit_card,gateway_b,suspected_fraud,891,0.3735,0.0292,0,1,0.8754,0.8283,6230,0
16323.51,net_banking,gateway_a,temporary_gateway_error,55,0.1514,0.2011,0,3,0.8487,0.203,3265,0
15283.4,wallet,gateway_a,authentication_required,40,0.4794,0.8685,1,2,0.3243,0.6713,5305,0
65375.99,debit_card,gateway_a,network_timeout,504,0.2056,0.9015,0,1,0.7912,0.3546,6052,0
23703.53,credit_card,gateway_b,card_expired,299,0.8892,0.9154,0,0,0.9871,0.6662,3418,1
42201.68,debit_card,gateway_a,insufficient_funds,320,0.5199,0.736,0,2,0.8156,0.5739,2531,0
40535.53,credit_card,gateway_b,rate_limit,407,0.3518,0.698,0,3,0.6754,0.6931,2778,0
85162.36,net_banking,gateway_b,authentication_required,745,0.1801,0.8466,1,3,0.7662,0.8937,2390,1
18298.13,debit_card,gateway_b,temporary_gateway_error,985,0.4269,0.7839,1,2,0.3442,0.7709,1299,1
66409.37,wallet,gateway_c,network_timeout,912,0.4089,0.5257,1,3,0.7135,0.2704,3354,0
26818.32,credit_card,gateway_b,temporary_gateway_error,623,0.4976,0.2392,0,0,0.6978,0.2811,1360,1
80489.54,upi,gateway_b,authentication_required,541,0.2936,0.0167,1,4,0.4483,0.6022,6772,1
17099.93,credit_card,gateway_a,insufficient_funds,130,0.5308,0.3971,0,1,0.6017,0.4998,836,1
1165.22,credit_card,gateway_b,network_timeout,38,0.3986,0.0543,0,0,0.6118,0.3342,3149,1
98953.75,debit_card,gateway_b,rate_limit,64,0.0539,0.8245,0,3,0.9121,0.5729,1323,0
26149.03,credit_card,gateway_b,rate_limit,274,0.7609,0.3856,0,1,0.9893,0.2891,6710,1
78227.07,net_banking,gateway_c,card_expired,922,0.7283,0.6899,0,0,0.7191,0.6875,3923,0
48797.0,upi,gateway_c,rate_limit,968,0.3291,0.7845,0,3,0.59,0.5761,3196,0
91074.67,credit_card,gateway_a,card_expired,779,0.349,0.0102,0,3,0.3725,0.2719,1039,0
82081.81,net_banking,gateway_c,rate_limit,572,0.6195,0.881,0,3,0.9295,0.8554,5001,1
50435.57,wallet,gateway_a,network_timeout,272,0.251,0.4518,0,2,0.3739,0.7945,215,0
55415.86,wallet,gateway_b,insufficient_funds,937,0.4991,0.4625,0,4,0.7295,0.5143,1829,0
7762.76,credit_card,gateway_c,network_timeout,364,0.2155,0.9919,0,3,0.7499,0.5172,2590,1
28706.8,debit_card,gateway_c,insufficient_funds,645,0.8166,0.2626,0,1,0.559,0.5413,5101,0
44677.03,debit_card,gateway_b,issuer_unavailable,309,0.4883,0.7522,0,2,0.4526,0.5147,6808,0
94699.37,upi,gateway_a,issuer_unavailable,338,0.3776,0.5957,0,1,0.8562,0.2076,5670,0
58618.44,net_banking,gateway_b,temporary_gateway_error,330,0.9071,0.7382,0,4,0.7973,0.8424,2197,1
38273.24,wallet,gateway_c,rate_limit,407,0.6859,0.0505,0,0,0.4695,0.3226,5245,1
25122.04,debit_card,gateway_a,network_timeout,354,0.9383,0.6446,0,4,0.4349,0.8291,955,0
35810.52,wallet,gateway_b,temporary_gateway_error,586,0.5022,0.2054,0,3,0.6268,0.2931,2403,0
41097.79,net_banking,gateway_b,network_timeout,979,0.2576,0.8731,0,1,0.8185,0.5464,6677,1
84052.31,wallet,gateway_b,suspected_fraud,597,0.7021,0.4629,0,2,0.7576,0.6684,359,0
34305.85,upi,gateway_b,insufficient_funds,257,0.0657,0.148,0,0,0.9353,0.2587,5530,0
30201.51,upi,gateway_c,network_timeout,732,0.9894,0.3794,0,1,0.4435,0.3044,1878,1
14681.3,net_banking,gateway_a,temporary_gateway_error,683,0.8696,0.8466,0,2,0.6101,0.3269,895,1
64470.26,upi,gateway_b,suspected_fraud,234,0.2273,0.866,0,0,0.6898,0.6607,4626,0
20938.71,wallet,gateway_a,card_expired,676,0.222,0.7058,0,3,0.6001,0.6249,5336,0
49950.19,net_banking,gateway_a,temporary_gateway_error,517,0.6844,0.1702,0,0,0.8074,0.4722,1067,0
46106.29,credit_card,gateway_b,card_expired,184,0.8689,0.1252,0,1,0.8584,0.3974,757,0
35225.43,credit_card,gateway_c,temporary_gateway_error,131,0.5508,0.0035,0,2,0.7406,0.4007,2997,1
75842.47,wallet,gateway_c,insufficient_funds,651,0.7523,0.1753,0,0,0.9081,0.7152,3274,1
96667.92,upi,gateway_b,suspected_fraud,56,0.4265,0.6205,0,1,0.8241,0.8414,2289,0
10217.74,wallet,gateway_b,card_expired,243,0.0877,0.4355,0,2,0.614,0.6791,1443,0
60642.62,net_banking,gateway_b,card_expired,987,0.7139,0.9077,0,1,0.3666,0.5705,6190,0
56464.48,credit_card,gateway_a,card_expired,228,0.5817,0.8174,0,4,0.8365,0.763,6839,0
3549.46,wallet,gateway_c,network_timeout,847,0.0297,0.1625,0,3,0.9296,0.6665,5312,0
97540.11,debit_card,gateway_c,card_expired,419,0.9129,0.7793,0,1,0.7756,0.8583,2470,0
96631.65,wallet,gateway_c,suspected_fraud,343,0.5385,0.6091,0,4,0.4832,0.6948,5743,0
51204.35,wallet,gateway_b,network_timeout,595,0.1811,0.8082,0,4,0.8922,0.5356,4174,1
56675.97,debit_card,gateway_b,insufficient_funds,305,0.3385,0.2348,0,1,0.6681,0.615,3356,0
90077.84,debit_card,gateway_c,temporary_gateway_error,521,0.8321,0.5574,0,2,0.4239,0.8788,5319,1
42193.69,credit_card,gateway_b,card_expired,719,0.0681,0.2614,0,3,0.4114,0.2689,2565,0
64809.39,upi,gateway_b,authentication_required,959,0.0601,0.1977,1,0,0.599,0.2847,1683,1
16449.42,wallet,gateway_a,authentication_required,919,0.9113,0.513,1,1,0.7981,0.4497,6193,1
49626.66,credit_card,gateway_c,network_timeout,834,0.5852,0.382,0,3,0.3472,0.4313,7034,1
54635.6,wallet,gateway_a,authentication_required,147,0.6122,0.5004,1,2,0.9052,0.6964,427,1
16010.89,wallet,gateway_c,suspected_fraud,20,0.4273,0.1408,0,1,0.4296,0.8897,2242,0
29494.59,upi,gateway_a,authentication_required,841,0.1968,0.1277,1,4,0.4284,0.8006,6347,0
7108.79,wallet,gateway_a,temporary_gateway_error,965,0.2998,0.0586,0,1,0.5458,0.6163,1285,1
48958.32,debit_card,gateway_c,temporary_gateway_error,433,0.5576,0.7286,0,4,0.4907,0.4378,2912,1
17360.59,upi,gateway_b,issuer_unavailable,722,0.0422,0.0599,0,0,0.7855,0.6845,3156,0
6029.16,debit_card,gateway_c,card_expired,864,0.7306,0.0681,0,0,0.5392,0.6175,3432,0
51262.29,wallet,gateway_b,suspected_fraud,756,0.1258,0.6169,0,0,0.678,0.3727,165,0
69038.06,wallet,gateway_b,temporary_gateway_error,760,0.2117,0.8325,0,3,0.9039,0.239,499,1
1401.07,wallet,gateway_c,rate_limit,106,0.017,0.8803,1,0,0.4519,0.4392,2683,1
76893.69,wallet,gateway_b,issuer_unavailable,888,0.72,0.3303,0,1,0.5497,0.6504,3814,1
30025.96,net_banking,gateway_b,authentication_required,473,0.9786,0.2156,1,0,0.4469,0.4461,847,1
87001.35,wallet,gateway_a,temporary_gateway_error,721,0.7205,0.2838,0,0,0.4138,0.8652,3885,1
73549.69,credit_card,gateway_b,authentication_required,249,0.1877,0.2676,1,3,0.5048,0.2286,4164,0
51193.59,debit_card,gateway_a,suspected_fraud,470,0.0781,0.2453,0,2,0.8756,0.353,3490,0
60689.67,credit_card,gateway_c,temporary_gateway_error,339,0.6702,0.6901,1,2,0.9776,0.3926,3012,1
26129.07,upi,gateway_c,network_timeout,784,0.0037,0.2268,0,1,0.3067,0.6206,6605,1
41218.38,net_banking,gateway_c,insufficient_funds,446,0.9675,0.6822,0,3,0.4797,0.6801,7181,0
39946.8,wallet,gateway_a,issuer_unavailable,702,0.6259,0.4364,0,1,0.457,0.6413,1814,1
34033.56,wallet,gateway_a,temporary_gateway_error,433,0.6823,0.8851,0,1,0.5366,0.725,678,0
59655.89,net_banking,gateway_c,network_timeout,392,0.4781,0.4322,0,2,0.7322,0.5569,157,1
20738.83,wallet,gateway_b,card_expired,707,0.7884,0.8402,0,4,0.6205,0.6367,5718,0
67118.41,upi,gateway_c,rate_limit,176,0.5647,0.141,0,1,0.4595,0.4525,2713,0
1226.97,wallet,gateway_b,network_timeout,184,0.7057,0.5687,0,3,0.907,0.3806,4693,1
94605.0,credit_card,gateway_a,rate_limit,806,0.5051,0.992,0,0,0.8387,0.7816,5357,1
9224.28,credit_card,gateway_b,rate_limit,196,0.8583,0.402,0,0,0.644,0.4865,182,1
7636.68,debit_card,gateway_a,suspected_fraud,63,0.9498,0.6038,0,2,0.6856,0.6309,6591,0
31219.94,credit_card,gateway_c,card_expired,887,0.4439,0.2041,0,3,0.7477,0.6901,628,0
44884.45,credit_card,gateway_b,insufficient_funds,760,0.8867,0.8153,0,1,0.7319,0.6969,1604,1
9492.29,credit_card,gateway_a,card_expired,354,0.6808,0.9432,0,0,0.5607,0.4788,3644,1
25320.35,debit_card,gateway_a,temporary_gateway_error,724,0.6419,0.6363,0,3,0.4707,0.2079,2463,1
97558.8,debit_card,gateway_b,issuer_unavailable,972,0.7677,0.6103,0,4,0.7528,0.3535,4324,0
23500.95,net_banking,gateway_a,suspected_fraud,523,0.7892,0.9112,0,2,0.5169,0.4636,3483,0
41691.45,credit_card,gateway_a,insufficient_funds,481,0.7799,0.5226,0,3,0.8573,0.5367,3335,0
862.76,credit_card,gateway_b,suspected_fraud,932,0.268,0.3476,0,3,0.816,0.6802,3694,0
31534.86,debit_card,gateway_c,authentication_required,967,0.4566,0.8345,1,1,0.4266,0.8702,4403,1
25526.11,net_banking,gateway_a,network_timeout,584,0.5411,0.261,0,2,0.6101,0.222,1013,0
56053.25,upi,gateway_b,temporary_gateway_error,705,0.764,0.9658,0,2,0.8091,0.2532,2331,1
46016.49,upi,gateway_c,insufficient_funds,516,0.4752,0.6414,0,4,0.5502,0.252,1243,0
4051.72,wallet,gateway_a,issuer_unavailable,229,0.4265,0.2927,0,2,0.7928,0.4841,7132,0
22977.38,wallet,gateway_b,card_expired,723,0.614,0.7338,0,2,0.8516,0.6811,5277,0
73863.83,credit_card,gateway_c,card_expired,655,0.9836,0.4547,0,3,0.824,0.5659,5542,0
21650.46,debit_card,gateway_a,card_expired,143,0.2905,0.6546,0,4,0.4748,0.6791,6361,0
55664.08,debit_card,gateway_a,rate_limit,956,0.9442,0.2916,0,2,0.6283,0.425,1086,0
18574.25,net_banking,gateway_a,insufficient_funds,993,0.6942,0.1347,0,3,0.5802,0.3374,4014,0
80355.16,credit_card,gateway_c,network_timeout,287,0.47,0.9679,0,2,0.8592,0.8614,5697,0
6125.06,upi,gateway_c,authentication_required,224,0.4445,0.2654,1,1,0.3413,0.5865,2370,1
61076.27,debit_card,gateway_b,suspected_fraud,291,0.4763,0.2464,0,4,0.3572,0.7739,6150,0
82801.01,wallet,gateway_b,card_expired,561,0.0703,0.0744,0,4,0.9688,0.3227,3219,0
1476.41,wallet,gateway_b,card_expired,66,0.2699,0.2251,0,4,0.7086,0.303,3027,0
45253.99,debit_card,gateway_c,issuer_unavailable,52,0.7979,0.6271,0,4,0.6059,0.7784,4333,0
49061.65,credit_card,gateway_a,network_timeout,273,0.7497,0.0345,0,2,0.5725,0.7865,6171,1
79166.1,wallet,gateway_a,insufficient_funds,403,0.1306,0.5204,0,0,0.9532,0.7339,928,0
43399.68,debit_card,gateway_b,rate_limit,255,0.2738,0.1453,0,1,0.4099,0.2934,4830,0
77826.04,net_banking,gateway_a,issuer_unavailable,589,0.2016,0.5732,0,4,0.4011,0.848,1858,1
23221.68,debit_card,gateway_a,insufficient_funds,895,0.502,0.9566,0,0,0.4237,0.441,5435,0
87804.29,wallet,gateway_c,authentication_required,950,0.6418,0.4828,1,4,0.6209,0.3084,3706,1
8947.16,credit_card,gateway_b,issuer_unavailable,325,0.6661,0.6137,0,1,0.5959,0.5095,5393,1
58211.04,credit_card,gateway_a,card_expired,755,0.2636,0.8548,0,4,0.9121,0.7167,3695,0
10977.77,net_banking,gateway_a,suspected_fraud,706,0.6119,0.0845,0,1,0.4247,0.827,6992,0
55593.38,debit_card,gateway_b,issuer_unavailable,633,0.4978,0.3484,0,1,0.5775,0.5817,5045,1
29951.98,debit_card,gateway_c,card_expired,239,0.7608,0.9839,1,2,0.975,0.4392,1411,0
35333.25,net_banking,gateway_c,rate_limit,503,0.9007,0.5648,0,0,0.483,0.8241,1563,0
12294.32,wallet,gateway_b,rate_limit,822,0.0192,0.5966,0,3,0.6354,0.7193,3070,0
13934.62,credit_card,gateway_c,insufficient_funds,638,0.2308,0.1942,0,0,0.634,0.8751,1417,0
8208.41,upi,gateway_c,temporary_gateway_error,680,0.4511,0.7784,0,4,0.44,0.7833,4812,0
96368.05,debit_card,gateway_a,card_expired,177,0.02,0.7631,0,2,0.4117,0.2916,798,0
5191.13,upi,gateway_b,suspected_fraud,529,0.6054,0.7274,0,1,0.3246,0.2974,593,0
528.16,upi,gateway_c,network_timeout,699,0.9569,0.2498,1,1,0.839,0.2305,5424,1
63324.18,debit_card,gateway_c,network_timeout,732,0.2227,0.2608,0,2,0.9203,0.5573,4192,0
66603.43,net_banking,gateway_a,insufficient_funds,208,0.2764,0.5668,0,1,0.3349,0.8449,324,0
96345.34,wallet,gateway_b,network_timeout,707,0.5153,0.479,0,3,0.8807,0.5451,6249,0
38500.12,upi,gateway_b,issuer_unavailable,312,0.0545,0.2012,0,4,0.9308,0.255,1236,1
22344.13,upi,gateway_c,authentication_required,120,0.0599,0.5273,1,2,0.689,0.3038,1868,1
11356.02,credit_card,gateway_a,temporary_gateway_error,800,0.4485,0.6239,0,1,0.9099,0.7219,1530,0
12675.18,wallet,gateway_b,network_timeout,550,0.4835,0.664,0,2,0.9814,0.526,916,1
59400.47,credit_card,gateway_b,temporary_gateway_error,164,0.183,0.9522,1,2,0.7699,0.3518,1345,1
69626.05,upi,gateway_b,authentication_required,442,0.7813,0.8152,1,0,0.7045,0.7714,4486,1
12960.38,upi,gateway_a,suspected_fraud,237,0.949,0.0037,0,2,0.6993,0.791,1111,0
44079.62,wallet,gateway_b,card_expired,911,0.8469,0.1788,0,2,0.6433,0.3372,1386,0
76537.51,wallet,gateway_a,network_timeout,563,0.9355,0.3597,0,3,0.3085,0.7632,5969,1
35614.42,debit_card,gateway_c,suspected_fraud,332,0.2434,0.1082,1,2,0.6198,0.3134,5578,0
35501.97,debit_card,gateway_a,authentication_required,472,0.1011,0.9799,1,0,0.6089,0.6963,1935,1
37716.39,credit_card,gateway_b,suspected_fraud,562,0.8418,0.3679,0,2,0.8022,0.2211,3932,0
32654.28,debit_card,gateway_c,card_expired,533,0.9598,0.3457,0,0,0.8659,0.6644,6918,0
95071.98,upi,gateway_b,network_timeout,87,0.7575,0.6012,0,3,0.4964,0.7459,4021,0
29544.45,wallet,gateway_a,issuer_unavailable,359,0.7548,0.5982,1,1,0.3598,0.3251,1021,1
67679.29,wallet,gateway_c,issuer_unavailable,73,0.6074,0.4367,0,0,0.3456,0.886,6365,1
90322.89,net_banking,gateway_c,issuer_unavailable,757,0.1508,0.208,1,0,0.3427,0.2375,943,0
42563.66,credit_card,gateway_a,authentication_required,716,0.0151,0.6389,1,0,0.6757,0.5329,5452,0
50977.38,upi,gateway_b,authentication_required,806,0.8376,0.3684,1,0,0.8605,0.5814,2991,0
9627.34,credit_card,gateway_c,suspected_fraud,541,0.8192,0.3165,0,0,0.8472,0.7838,5475,0
11931.34,debit_card,gateway_c,rate_limit,393,0.0358,0.7515,0,2,0.6429,0.6704,1538,0
20145.26,wallet,gateway_a,authentication_required,262,0.8539,0.0972,1,3,0.3933,0.5251,5659,0
11541.51,net_banking,gateway_b,insufficient_funds,828,0.8506,0.7935,0,0,0.8376,0.6055,6280,0
63768.19,wallet,gateway_b,authentication_required,257,0.2478,0.796,1,2,0.4472,0.8791,7125,1
90824.51,upi,gateway_a,suspected_fraud,963,0.567,0.9501,0,4,0.9078,0.4704,6238,0
7539.39,credit_card,gateway_a,temporary_gateway_error,257,0.0553,0.2769,0,1,0.521,0.3569,1015,1
89313.33,net_banking,gateway_b,card_expired,722,0.6842,0.983,0,0,0.4528,0.6462,339,0
15967.6,wallet,gateway_b,insufficient_funds,982,0.5163,0.9204,0,4,0.5457,0.3548,1345,0
37801.72,wallet,gateway_b,rate_limit,199,0.3645,0.6173,0,0,0.9105,0.3675,367,0
65118.74,credit_card,gateway_c,issuer_unavailable,672,0.156,0.6652,0,2,0.9142,0.8667,2749,1
15555.54,net_banking,gateway_c,insufficient_funds,54,0.1495,0.6347,0,4,0.9662,0.7349,3651,1
59648.59,debit_card,gateway_a,rate_limit,346,0.0009,0.0243,0,1,0.7573,0.7342,3770,0
35658.44,wallet,gateway_b,network_timeout,544,0.2159,0.9688,0,1,0.8068,0.5415,1797,0
33613.67,credit_card,gateway_b,suspected_fraud,943,0.4612,0.3118,0,1,0.365,0.3816,4785,0
38349.47,debit_card,gateway_a,insufficient_funds,348,0.7314,0.5989,0,4,0.5944,0.3263,1440,0
85881.87,credit_card,gateway_c,insufficient_funds,623,0.8108,0.8886,0,2,0.4869,0.662,4243,1
85810.57,debit_card,gateway_a,insufficient_funds,589,0.2606,0.8922,1,2,0.8316,0.3025,6357,1
6796.61,wallet,gateway_c,suspected_fraud,975,0.4206,0.3535,0,4,0.573,0.6481,3572,0
82481.47,credit_card,gateway_a,issuer_unavailable,524,0.6867,0.5752,0,4,0.9543,0.5134,1576,0
72036.18,wallet,gateway_b,card_expired,471,0.0226,0.3152,0,1,0.3694,0.5624,2381,0
50241.11,debit_card,gateway_c,card_expired,134,0.1125,0.2101,0,4,0.4673,0.7039,6719,0
13858.17,net_banking,gateway_c,suspected_fraud,849,0.7425,0.6807,1,3,0.4056,0.5734,6022,0
81920.57,net_banking,gateway_a,suspected_fraud,715,0.7561,0.2988,0,3,0.7103,0.6842,3610,0
15159.95,net_banking,gateway_b,authentication_required,407,0.9133,0.217,1,1,0.8214,0.3361,1034,1
48536.52,net_banking,gateway_a,suspected_fraud,904,0.8781,0.503,0,3,0.4637,0.6692,2101,0
37176.03,debit_card,gateway_a,rate_limit,248,0.237,0.3676,0,0,0.6587,0.5344,6012,1
62415.31,upi,gateway_a,authentication_required,783,0.356,0.9194,1,2,0.3576,0.8321,6050,1
63104.91,wallet,gateway_b,network_timeout,424,0.4365,0.5628,0,4,0.5904,0.7943,6026,0
24401.02,upi,gateway_b,card_expired,832,0.6201,0.4311,0,3,0.4385,0.4747,6200,0
33473.42,credit_card,gateway_b,card_expired,767,0.2533,0.8109,0,1,0.5868,0.2919,1612,0
58912.26,upi,gateway_a,authentication_required,783,0.7762,0.516,1,1,0.9524,0.6415,6353,1
89202.53,net_banking,gateway_b,temporary_gateway_error,566,0.7004,0.356,0,2,0.9132,0.2807,5747,1
39152.67,debit_card,gateway_b,issuer_unavailable,778,0.0086,0.764,0,2,0.6565,0.7535,5025,0
63688.25,debit_card,gateway_c,insufficient_funds,456,0.3034,0.9135,0,2,0.8181,0.3767,1417,0
11418.45,debit_card,gateway_c,card_expired,411,0.5551,0.3021,0,1,0.472,0.6135,1797,0
47086.93,upi,gateway_c,network_timeout,281,0.7412,0.6676,0,1,0.5216,0.6135,3122,0
66561.81,upi,gateway_a,rate_limit,453,0.9326,0.2647,0,4,0.8101,0.7049,3554,0
47028.85,net_banking,gateway_c,issuer_unavailable,172,0.8704,0.3248,0,4,0.6463,0.4982,927,0
10830.45,net_banking,gateway_a,suspected_fraud,311,0.8963,0.7667,0,0,0.9385,0.8028,158,0
27272.16,net_banking,gateway_c,network_timeout,666,0.7988,0.4836,1,2,0.8075,0.6926,2998,1
11792.88,wallet,gateway_c,network_timeout,175,0.2583,0.8035,0,3,0.9157,0.51,5564,1
41046.19,net_banking,gateway_c,authentication_required,533,0.1402,0.3964,1,3,0.3612,0.8961,3403,1
8111.8,wallet,gateway_b,insufficient_funds,862,0.5482,0.1963,0,2,0.8558,0.303,2531,0
61437.73,net_banking,gateway_b,rate_limit,432,0.0605,0.5585,0,0,0.4922,0.8862,4407,0
83693.16,upi,gateway_a,temporary_gateway_error,994,0.7792,0.5939,0,4,0.835,0.6759,1304,0
70994.75,wallet,gateway_a,suspected_fraud,723,0.9097,0.6994,0,4,0.6592,0.3644,1322,0
29252.42,wallet,gateway_b,rate_limit,916,0.7469,0.9881,0,4,0.7482,0.734,3323,0
23688.58,wallet,gateway_a,temporary_gateway_error,434,0.7183,0.1323,0,0,0.8802,0.8352,5378,1
65201.81,upi,gateway_a,suspected_fraud,826,0.738,0.1215,0,4,0.5845,0.896,2117,0
40973.5,credit_card,gateway_c,card_expired,867,0.1622,0.08,0,4,0.4083,0.7632,4553,0
3143.34,upi,gateway_a,authentication_required,526,0.2142,0.4461,1,1,0.3381,0.2001,5470,1
26115.97,credit_card,gateway_b,rate_limit,416,0.7797,0.0303,0,2,0.7035,0.7787,6692,1
18775.22,credit_card,gateway_a,issuer_unavailable,763,0.8641,0.4675,0,0,0.3129,0.2669,3241,0
34962.01,credit_card,gateway_b,suspected_fraud,697,0.4248,0.9827,1,3,0.3943,0.3434,6297,0
41466.7,wallet,gateway_b,card_expired,307,0.4017,0.0943,0,3,0.773,0.5113,6590,0
5250.36,upi,gateway_b,insufficient_funds,406,0.6568,0.8478,0,1,0.8298,0.8505,5899,0
43803.32,credit_card,gateway_a,insufficient_funds,778,0.8232,0.0829,0,4,0.4589,0.4432,6469,0
56214.46,debit_card,gateway_a,rate_limit,79,0.7792,0.1229,0,4,0.8509,0.4487,123,0
53747.26,credit_card,gateway_a,card_expired,313,0.0039,0.7251,0,0,0.6806,0.2012,6766,0
83410.72,credit_card,gateway_b,authentication_required,343,0.5681,0.8357,1,3,0.776,0.304,361,0
2292.17,credit_card,gateway_a,card_expired,172,0.6257,0.9857,0,0,0.8772,0.8118,5369,0
66143.46,debit_card,gateway_a,insufficient_funds,158,0.8324,0.4121,0,1,0.3778,0.8824,6073,0
71241.52,net_banking,gateway_b,insufficient_funds,56,0.4371,0.8846,1,0,0.5477,0.6726,2092,0
21829.78,credit_card,gateway_b,temporary_gateway_error,829,0.1918,0.2865,0,0,0.319,0.4113,5431,1
95403.21,credit_card,gateway_a,card_expired,872,0.6473,0.4391,0,1,0.4674,0.6466,3986,0
32358.23,net_banking,gateway_a,network_timeout,512,0.1618,0.2563,0,2,0.9998,0.4348,3299,1
32250.39,upi,gateway_c,suspected_fraud,881,0.2103,0.8557,0,2,0.5837,0.5447,1353,0
58504.32,debit_card,gateway_b,authentication_required,723,0.5062,0.6024,1,0,0.6484,0.4914,6189,1
29296.48,credit_card,gateway_a,card_expired,418,0.7643,0.2174,0,3,0.4109,0.4284,569,0
11291.89,credit_card,gateway_c,suspected_fraud,575,0.412,0.4159,0,4,0.4289,0.3894,2673,0
90602.15,upi,gateway_a,insufficient_funds,836,0.0071,0.2298,0,2,0.6344,0.6725,2266,0
20735.69,credit_card,gateway_b,network_timeout,118,0.1676,0.1474,0,3,0.3466,0.2576,2927,0
25458.63,credit_card,gateway_b,card_expired,583,0.1871,0.1975,0,4,0.7242,0.5708,7062,0
26382.02,upi,gateway_b,network_timeout,483,0.4776,0.3981,0,4,0.4115,0.4605,789,1
49629.86,wallet,gateway_c,card_expired,69,0.6079,0.7811,0,2,0.7904,0.3637,3460,0
80483.9,net_banking,gateway_b,network_timeout,894,0.9409,0.1263,0,2,0.5595,0.846,4863,0
5842.68,net_banking,gateway_c,issuer_unavailable,193,0.9183,0.9822,0,2,0.7272,0.2533,1997,0
29765.59,wallet,gateway_b,insufficient_funds,748,0.5249,0.2873,0,1,0.8331,0.5786,3968,0
95774.0,credit_card,gateway_a,card_expired,560,0.3918,0.0761,0,0,0.9559,0.7295,3153,0
49194.09,debit_card,gateway_b,insufficient_funds,853,0.7764,0.2161,0,4,0.6523,0.2629,953,0
40255.11,wallet,gateway_a,issuer_unavailable,997,0.756,0.2649,1,4,0.7941,0.5288,3796,0
52074.89,net_banking,gateway_c,card_expired,38,0.3382,0.4944,0,4,0.5971,0.3427,6031,0
19788.14,net_banking,gateway_c,suspected_fraud,542,0.6945,0.4484,0,3,0.7811,0.2119,4966,0
22492.06,net_banking,gateway_b,card_expired,964,0.1628,0.7482,0,2,0.7222,0.274,2495,0
97288.63,wallet,gateway_c,card_expired,423,0.8206,0.8266,0,2,0.4137,0.8852,5924,0
38593.67,upi,gateway_c,issuer_unavailable,947,0.0711,0.4984,0,2,0.3788,0.376,2745,0
83844.49,wallet,gateway_b,insufficient_funds,519,0.6618,0.505,0,3,0.4698,0.8656,6217,0
97683.74,upi,gateway_b,network_timeout,885,0.0401,0.0421,0,2,0.4741,0.5491,5643,0
7005.33,upi,gateway_c,network_timeout,234,0.8145,0.0731,0,1,0.9695,0.8912,4566,0
4273.39,upi,gateway_b,network_timeout,292,0.4755,0.0391,1,2,0.5711,0.6066,2333,0
4904.25,debit_card,gateway_c,issuer_unavailable,549,0.358,0.9011,0,0,0.8067,0.5453,2317,1
37581.75,credit_card,gateway_a,network_timeout,65,0.7549,0.2456,0,4,0.7056,0.4211,4245,0
92646.75,net_banking,gateway_a,card_expired,314,0.5518,0.4135,0,3,0.4537,0.8085,343,0
1912.99,credit_card,gateway_a,issuer_unavailable,120,0.6388,0.2398,0,0,0.801,0.8205,41,1
91795.09,wallet,gateway_a,suspected_fraud,545,0.2845,0.5628,0,2,0.6805,0.7591,6720,0
50062.96,debit_card,gateway_b,temporary_gateway_error,883,0.3829,0.3413,0,4,0.9017,0.3248,2405,0
12107.64,net_banking,gateway_c,insufficient_funds,82,0.2983,0.6575,0,4,0.7073,0.8668,1952,1
91248.98,net_banking,gateway_c,card_expired,550,0.9642,0.5979,0,4,0.4398,0.5921,5698,0
45605.63,credit_card,gateway_a,suspected_fraud,776,0.0407,0.4135,0,3,0.6588,0.2206,1265,0
92563.45,credit_card,gateway_c,authentication_required,886,0.2116,0.0658,1,1,0.3199,0.7144,1804,0
85212.02,upi,gateway_c,issuer_unavailable,813,0.4089,0.6103,0,2,0.4061,0.4101,4493,1
41442.43,credit_card,gateway_b,card_expired,732,0.3961,0.9826,0,1,0.4355,0.4245,6827,0
15795.45,debit_card,gateway_a,insufficient_funds,632,0.2006,0.0851,0,2,0.6,0.3093,4885,1
70440.56,net_banking,gateway_a,issuer_unavailable,472,0.5277,0.2405,0,1,0.8401,0.4383,5246,0
73959.65,upi,gateway_b,network_timeout,697,0.7504,0.1649,0,4,0.6129,0.5254,1908,0
58029.5,upi,gateway_b,network_timeout,640,0.2729,0.2261,0,2,0.3681,0.4213,5612,1
92426.74,upi,gateway_a,suspected_fraud,881,0.1054,0.5402,1,0,0.5623,0.3504,5706,0
94318.52,upi,gateway_a,card_expired,52,0.95,0.2344,0,4,0.6658,0.827,5341,0
20695.57,upi,gateway_b,issuer_unavailable,951,0.6645,0.6016,0,3,0.9065,0.5503,729,0
45180.87,net_banking,gateway_c,insufficient_funds,775,0.7207,0.0037,0,4,0.8876,0.7668,3663,0
19712.91,credit_card,gateway_a,card_expired,747,0.8714,0.7006,0,4,0.6546,0.8793,4228,0
27877.92,upi,gateway_a,insufficient_funds,139,0.6056,0.2633,0,0,0.573,0.3402,983,0
79974.4,upi,gateway_a,rate_limit,496,0.0424,0.6946,1,1,0.6829,0.7459,2844,0
66390.86,debit_card,gateway_a,insufficient_funds,481,0.7675,0.9398,0,1,0.859,0.5687,2065,0
93718.58,upi,gateway_a,temporary_gateway_error,37,0.739,0.3465,0,4,0.7577,0.7215,6785,1
57385.3,credit_card,gateway_a,rate_limit,442,0.1112,0.7283,0,0,0.3341,0.4652,659,0
43507.11,wallet,gateway_a,card_expired,102,0.8405,0.1249,0,4,0.9367,0.6934,2977,1
18112.88,debit_card,gateway_c,authentication_required,298,0.399,0.5414,1,2,0.3605,0.5088,5749,0
51977.57,upi,gateway_b,card_expired,783,0.7129,0.51,0,0,0.3382,0.4992,260,0
15093.25,debit_card,gateway_c,temporary_gateway_error,699,0.4213,0.8342,0,4,0.4494,0.2101,4489,0
69411.68,credit_card,gateway_c,insufficient_funds,697,0.6681,0.592,0,4,0.9523,0.2462,544,0
26966.04,wallet,gateway_c,suspected_fraud,841,0.5932,0.8612,1,4,0.4321,0.2126,4003,0
73655.99,net_banking,gateway_c,issuer_unavailable,733,0.7999,0.4696,0,2,0.7665,0.34,5551,1
77912.45,credit_card,gateway_b,suspected_fraud,262,0.6227,0.7354,0,0,0.9107,0.665,3119,1
39472.4,debit_card,gateway_a,authentication_required,137,0.4371,0.1165,1,1,0.5533,0.3282,6015,0
93499.26,wallet,gateway_a,temporary_gateway_error,897,0.8821,0.3481,0,1,0.9456,0.265,2673,1
85052.39,debit_card,gateway_a,temporary_gateway_error,352,0.8637,0.928,0,4,0.545,0.4823,5431,1
34382.4,net_banking,gateway_a,rate_limit,746,0.7785,0.3951,1,0,0.4917,0.8677,475,1
93614.18,net_banking,gateway_a,rate_limit,355,0.5613,0.8523,0,2,0.8387,0.8329,808,0
75594.06,net_banking,gateway_b,temporary_gateway_error,620,0.2478,0.9108,0,4,0.5516,0.6717,5957,0
16198.15,net_banking,gateway_c,issuer_unavailable,619,0.2146,0.1121,0,2,0.9872,0.6014,7111,0
22513.78,debit_card,gateway_a,card_expired,713,0.786,0.7418,0,1,0.3309,0.7503,2565,0
57930.95,upi,gateway_c,network_timeout,20,0.3541,0.7273,0,0,0.984,0.2827,4108,1
59877.91,net_banking,gateway_a,network_timeout,979,0.0346,0.878,0,1,0.6524,0.4885,1633,1
28885.34,debit_card,gateway_c,issuer_unavailable,561,0.0831,0.0888,0,0,0.9848,0.2084,5093,0
90108.49,net_banking,gateway_c,card_expired,546,0.4629,0.7852,0,3,0.9251,0.5713,6461,0
68971.68,upi,gateway_c,network_timeout,689,0.6506,0.0623,0,3,0.4724,0.3477,2416,1
4252.51,upi,gateway_b,rate_limit,177,0.0053,0.1747,0,2,0.347,0.5949,3899,0
33665.2,upi,gateway_c,insufficient_funds,664,0.1426,0.2196,0,1,0.4035,0.3519,2992,0
35462.54,credit_card,gateway_c,rate_limit,342,0.228,0.4768,0,0,0.3228,0.8792,3287,0
19153.43,credit_card,gateway_a,network_timeout,742,0.7317,0.365,0,2,0.4935,0.2678,3859,1
35478.59,net_banking,gateway_b,rate_limit,60,0.1204,0.5963,0,3,0.7002,0.5481,4859,0
86242.79,wallet,gateway_c,issuer_unavailable,395,0.6535,0.0204,1,4,0.8283,0.8478,2294,0
3308.63,net_banking,gateway_a,authentication_required,932,0.0868,0.9469,1,2,0.3234,0.5945,1020,1
66815.96,credit_card,gateway_a,authentication_required,744,0.2929,0.5335,1,4,0.4126,0.508,4220,0
41944.31,wallet,gateway_b,network_timeout,706,0.5017,0.7071,0,2,0.3428,0.8128,3820,0
50995.55,net_banking,gateway_c,network_timeout,190,0.4862,0.5368,0,1,0.8336,0.5196,1073,0
50487.39,credit_card,gateway_c,temporary_gateway_error,92,0.7335,0.581,0,1,0.5282,0.496,7005,0
65886.26,upi,gateway_c,temporary_gateway_error,977,0.6957,0.1507,0,3,0.3336,0.5564,6263,0
11655.14,net_banking,gateway_c,suspected_fraud,746,0.3821,0.9013,0,2,0.3061,0.3748,3951,0
52052.96,net_banking,gateway_b,issuer_unavailable,856,0.0344,0.3229,0,3,0.6517,0.4792,4743,1
90382.25,net_banking,gateway_b,temporary_gateway_error,813,0.7012,0.6342,0,1,0.3049,0.4505,5593,0
71024.55,wallet,gateway_c,insufficient_funds,323,0.7979,0.2316,0,4,0.6999,0.4459,3857,0
18103.76,net_banking,gateway_a,authentication_required,303,0.6998,0.9273,1,2,0.3908,0.5988,6368,0
64354.75,debit_card,gateway_a,suspected_fraud,439,0.6627,0.0321,0,0,0.5931,0.2802,2213,0
2763.22,upi,gateway_b,issuer_unavailable,315,0.1773,0.9722,0,2,0.5813,0.4011,4518,0
62068.17,net_banking,gateway_a,issuer_unavailable,111,0.259,0.2765,0,0,0.5826,0.4296,6635,1
5330.52,debit_card,gateway_a,card_expired,378,0.9678,0.5561,0,0,0.6998,0.2135,2154,0
49279.17,upi,gateway_c,network_timeout,722,0.2003,0.0216,0,4,0.3086,0.8502,1152,0
89645.45,credit_card,gateway_c,suspected_fraud,86,0.803,0.4145,0,3,0.3691,0.8354,4812,0
9239.14,wallet,gateway_a,network_timeout,188,0.0576,0.3978,0,4,0.88,0.5699,4501,0
65145.44,debit_card,gateway_c,insufficient_funds,911,0.3553,0.3564,0,2,0.6967,0.2739,1637,0
17475.6,credit_card,gateway_c,issuer_unavailable,87,0.3813,0.7576,0,4,0.4646,0.708,3127,0
44397.99,net_banking,gateway_b,issuer_unavailable,574,0.062,0.25,0,3,0.5111,0.3587,300,1
12677.02,wallet,gateway_a,insufficient_funds,500,0.8395,0.0039,0,3,0.4033,0.3279,2461,0
63920.84,credit_card,gateway_c,network_timeout,918,0.2294,0.2123,1,2,0.5776,0.5423,105,1
14116.96,debit_card,gateway_c,rate_limit,688,0.3929,0.7343,0,3,0.7385,0.205,2716,0
51406.27,debit_card,gateway_c,card_expired,533,0.5584,0.7024,0,0,0.3582,0.3639,3521,0
60649.14,upi,gateway_c,authentication_required,835,0.5218,0.7447,1,3,0.3935,0.7047,6402,1
96301.97,debit_card,gateway_a,card_expired,222,0.9146,0.8237,0,2,0.7093,0.4818,4219,0
38836.74,wallet,gateway_c,network_timeout,497,0.9964,0.3543,0,2,0.3176,0.6154,1996,1
514.84,net_banking,gateway_b,temporary_gateway_error,89,0.8597,0.4808,0,0,0.9481,0.8401,1620,1
98280.87,debit_card,gateway_b,card_expired,895,0.5214,0.6264,0,3,0.777,0.6684,1483,0
45238.48,wallet,gateway_b,authentication_required,864,0.217,0.9618,1,0,0.4121,0.6224,1476,1
72930.54,credit_card,gateway_b,rate_limit,322,0.8001,0.1556,0,0,0.6363,0.4873,2781,1
1613.55,debit_card,gateway_a,insufficient_funds,624,0.4735,0.3733,0,2,0.4665,0.8446,6418,1
42042.93,wallet,gateway_b,network_timeout,542,0.2988,0.9392,0,0,0.3143,0.5911,5258,0
64367.38,upi,gateway_c,authentication_required,773,0.5002,0.2181,1,4,0.8115,0.3898,2857,0
93036.29,credit_card,gateway_c,suspected_fraud,611,0.4683,0.8115,0,4,0.5149,0.521,700,0
35283.81,debit_card,gateway_a,rate_limit,159,0.1194,0.2603,0,2,0.4072,0.2473,3674,0
89846.17,upi,gateway_a,insufficient_funds,984,0.5935,0.796,0,1,0.6847,0.6735,5028,1
41806.99,wallet,gateway_b,rate_limit,781,0.9906,0.8733,0,3,0.7541,0.5766,2894,1
90961.88,net_banking,gateway_c,rate_limit,323,0.1283,0.6757,0,1,0.8199,0.478,6521,0
34812.57,wallet,gateway_c,suspected_fraud,33,0.6263,0.0259,0,2,0.562,0.8624,1211,0
10453.29,credit_card,gateway_a,suspected_fraud,987,0.9717,0.3846,0,1,0.3699,0.3646,5299,0
52133.45,credit_card,gateway_b,authentication_required,259,0.5576,0.1965,1,0,0.3328,0.8931,1553,1
41814.04,upi,gateway_a,suspected_fraud,317,0.794,0.3377,0,3,0.9048,0.7736,3910,0
79277.59,net_banking,gateway_b,authentication_required,921,0.9632,0.737,1,3,0.5051,0.8053,3239,0
55476.84,credit_card,gateway_a,suspected_fraud,146,0.2516,0.3832,0,3,0.3553,0.6296,5155,0
9758.18,net_banking,gateway_c,card_expired,346,0.6971,0.7117,0,1,0.9755,0.4284,3325,0
80979.85,wallet,gateway_c,insufficient_funds,252,0.8573,0.2523,0,2,0.6378,0.8497,4526,0
70586.34,credit_card,gateway_c,rate_limit,794,0.5411,0.2761,0,2,0.6058,0.5632,7014,0
8221.41,credit_card,gateway_c,suspected_fraud,214,0.0653,0.8985,0,3,0.6761,0.8273,1631,0
71763.31,debit_card,gateway_c,issuer_unavailable,529,0.5945,0.017,0,0,0.8841,0.8746,4167,0
71181.79,credit_card,gateway_b,card_expired,572,0.1035,0.2704,0,0,0.8567,0.6906,6659,0
85541.13,net_banking,gateway_a,issuer_unavailable,244,0.2505,0.5917,0,1,0.9834,0.7336,6018,1
44614.32,debit_card,gateway_a,authentication_required,657,0.513,0.0675,1,3,0.872,0.3682,3470,0
55611.33,debit_card,gateway_c,network_timeout,707,0.2072,0.7395,0,2,0.9265,0.7464,2252,1
44118.09,credit_card,gateway_a,issuer_unavailable,343,0.2624,0.6436,0,4,0.8191,0.6352,1055,0
37607.84,wallet,gateway_b,issuer_unavailable,588,0.2768,0.2842,0,4,0.4737,0.3061,52,1
10525.74,debit_card,gateway_b,network_timeout,171,0.6687,0.6513,0,0,0.9118,0.6837,6626,1
94946.84,credit_card,gateway_a,rate_limit,961,0.5044,0.5484,1,4,0.6822,0.3273,1069,0
80097.72,net_banking,gateway_c,card_expired,865,0.2357,0.4319,0,2,0.9994,0.3934,4184,0
51849.56,debit_card,gateway_a,card_expired,399,0.3194,0.2573,0,0,0.4042,0.8059,4962,0
2449.61,credit_card,gateway_b,suspected_fraud,70,0.0904,0.6435,0,4,0.499,0.8061,959,0
47375.79,upi,gateway_a,card_expired,119,0.2196,0.962,0,4,0.9629,0.4782,2061,0
66626.56,wallet,gateway_c,network_timeout,758,0.0225,0.2831,0,1,0.9114,0.7393,1119,1
92278.42,wallet,gateway_b,temporary_gateway_error,870,0.4075,0.5871,0,2,0.9315,0.8868,935,1
94929.94,net_banking,gateway_a,temporary_gateway_error,616,0.0471,0.0149,0,1,0.4952,0.4452,6768,0
94369.54,wallet,gateway_b,suspected_fraud,842,0.5939,0.9388,0,0,0.3109,0.5188,4331,0
1146.01,wallet,gateway_c,network_timeout,321,0.9951,0.7951,0,1,0.3359,0.4017,5133,0
35070.59,wallet,gateway_c,suspected_fraud,274,0.2359,0.5481,0,3,0.5735,0.5876,153,0
31457.82,debit_card,gateway_a,temporary_gateway_error,298,0.6233,0.2836,0,2,0.8537,0.4238,2028,0
17519.9,net_banking,gateway_b,authentication_required,392,0.1276,0.5107,1,1,0.7174,0.6912,6548,1
74103.8,upi,gateway_b,suspected_fraud,148,0.1217,0.2244,0,4,0.411,0.2736,6930,0
36935.09,debit_card,gateway_b,issuer_unavailable,213,0.0878,0.1366,0,1,0.8221,0.3237,3745,1
8658.25,wallet,gateway_a,authentication_required,450,0.2958,0.0073,1,2,0.685,0.4243,3978,0
46474.15,debit_card,gateway_a,suspected_fraud,851,0.714,0.2802,0,0,0.4572,0.8353,5222,0
80169.88,debit_card,gateway_c,suspected_fraud,207,0.0249,0.9611,0,0,0.8902,0.2531,3521,0
81877.21,wallet,gateway_c,insufficient_funds,443,0.3463,0.8924,0,3,0.5239,0.2875,6750,0
13197.49,upi,gateway_a,insufficient_funds,392,0.9059,0.0939,0,0,0.7532,0.5427,2907,0
50892.01,upi,gateway_a,network_timeout,147,0.4903,0.1147,0,2,0.8484,0.4929,3077,0
71030.84,credit_card,gateway_b,temporary_gateway_error,959,0.4478,0.0098,0,1,0.6276,0.2227,1045,1
13625.14,wallet,gateway_a,temporary_gateway_error,508,0.2539,0.261,0,3,0.9113,0.3948,5388,1
58500.67,upi,gateway_a,temporary_gateway_error,745,0.7561,0.8636,1,2,0.9768,0.2249,7064,1
47903.19,net_banking,gateway_a,rate_limit,24,0.3547,0.5789,0,0,0.9624,0.5275,5971,0
51893.94,credit_card,gateway_a,issuer_unavailable,919,0.8388,0.6556,0,1,0.7751,0.4279,1311,1
2144.67,wallet,gateway_c,network_timeout,405,0.2382,0.0271,0,0,0.6531,0.5046,1326,1
49493.39,wallet,gateway_c,authentication_required,646,0.6475,0.5169,1,4,0.9322,0.5067,2194,0
82781.04,upi,gateway_c,issuer_unavailable,544,0.4569,0.4601,0,3,0.9544,0.7926,2376,1
90571.42,debit_card,gateway_b,network_timeout,293,0.3177,0.2175,0,2,0.8284,0.662,3445,1
33095.88,upi,gateway_b,temporary_gateway_error,649,0.4052,0.9805,0,4,0.661,0.6138,5043,1
90832.59,net_banking,gateway_c,issuer_unavailable,1000,0.5988,0.6819,0,0,0.7923,0.8538,61,0
40272.38,wallet,gateway_a,temporary_gateway_error,719,0.6384,0.5409,0,0,0.509,0.6925,4143,0
26026.94,net_banking,gateway_b,card_expired,476,0.5649,0.7262,0,4,0.9021,0.2193,3784,0
79596.79,wallet,gateway_b,temporary_gateway_error,934,0.7827,0.518,0,0,0.313,0.6476,229,1
80725.86,debit_card,gateway_b,card_expired,129,0.2838,0.685,1,4,0.3598,0.7332,3743,0
22206.38,net_banking,gateway_b,suspected_fraud,730,0.3017,0.5708,0,4,0.4358,0.3512,691,0
87915.2,credit_card,gateway_a,network_timeout,564,0.6222,0.2878,0,2,0.3378,0.7758,6972,0
74685.07,upi,gateway_a,authentication_required,770,0.8783,0.5449,1,0,0.7008,0.2695,1538,1
25263.52,net_banking,gateway_c,insufficient_funds,868,0.9761,0.0759,0,1,0.3266,0.265,3406,0
24823.68,credit_card,gateway_a,network_timeout,435,0.0205,0.8106,0,4,0.4412,0.8247,2842,0
39300.54,upi,gateway_c,issuer_unavailable,549,0.2495,0.4496,0,1,0.7795,0.7171,2962,0
18520.36,upi,gateway_a,issuer_unavailable,707,0.8193,0.0943,0,0,0.7678,0.2777,6778,0
30434.19,debit_card,gateway_c,issuer_unavailable,56,0.7248,0.5667,0,1,0.5883,0.5172,2798,1
38094.07,credit_card,gateway_b,rate_limit,82,0.7759,0.5222,0,2,0.4072,0.4097,3091,1
78912.19,upi,gateway_a,issuer_unavailable,134,0.4001,0.0918,0,4,0.3483,0.2466,4194,0
35203.09,upi,gateway_c,insufficient_funds,693,0.0848,0.8597,0,2,0.6281,0.4784,2805,0
67171.73,credit_card,gateway_a,card_expired,316,0.7795,0.9839,0,4,0.6833,0.5857,3210,0
72418.86,upi,gateway_b,insufficient_funds,946,0.7254,0.6033,0,1,0.744,0.6376,705,0
17287.14,upi,gateway_b,rate_limit,240,0.4764,0.3121,0,0,0.5886,0.4363,776,0
18430.79,wallet,gateway_b,authentication_required,759,0.4802,0.9261,1,4,0.4428,0.3372,4379,0
48337.63,wallet,gateway_b,network_timeout,573,0.5471,0.7635,0,4,0.527,0.5978,883,1
94795.71,wallet,gateway_a,insufficient_funds,257,0.8891,0.7157,0,1,0.5877,0.8967,938,0
3658.16,upi,gateway_b,network_timeout,334,0.4882,0.6417,0,4,0.4921,0.3969,3298,1
30601.34,credit_card,gateway_c,issuer_unavailable,772,0.4132,0.8596,0,4,0.7976,0.2597,543,1
10250.1,debit_card,gateway_b,rate_limit,670,0.7161,0.6393,0,4,0.8408,0.8092,5625,0
52515.59,debit_card,gateway_b,rate_limit,501,0.1079,0.8117,0,3,0.4736,0.2669,7088,1
63210.99,wallet,gateway_c,card_expired,761,0.9052,0.2263,0,3,0.4816,0.5542,5705,0
98821.47,upi,gateway_c,authentication_required,121,0.4846,0.959,1,2,0.8184,0.8505,2505,1
7661.73,credit_card,gateway_c,temporary_gateway_error,91,0.3505,0.1262,0,2,0.5088,0.5356,5430,1
31835.71,net_banking,gateway_b,suspected_fraud,152,0.9547,0.7696,0,3,0.5978,0.4088,5206,0
96382.89,wallet,gateway_c,card_expired,613,0.3764,0.7182,0,3,0.6049,0.2938,1781,0
31458.88,net_banking,gateway_b,suspected_fraud,641,0.3276,0.1471,0,4,0.8778,0.6753,4243,0
61496.91,credit_card,gateway_a,authentication_required,380,0.7465,0.5801,1,2,0.6735,0.721,390,1
84108.48,net_banking,gateway_a,network_timeout,83,0.578,0.8876,0,2,0.7381,0.6096,1938,0
57626.92,net_banking,gateway_b,suspected_fraud,463,0.0782,0.5911,0,2,0.355,0.253,7171,0
40567.12,credit_card,gateway_c,temporary_gateway_error,929,0.7879,0.2328,0,0,0.6405,0.2817,4264,1
34544.6,wallet,gateway_c,issuer_unavailable,803,0.1898,0.5994,0,3,0.726,0.2872,2350,0
28768.64,net_banking,gateway_a,authentication_required,589,0.9022,0.4223,1,0,0.8593,0.2008,2616,0
69455.27,debit_card,gateway_a,network_timeout,449,0.0203,0.8743,0,2,0.7924,0.5472,2258,1
96956.21,net_banking,gateway_c,network_timeout,237,0.8629,0.621,0,1,0.609,0.7556,5256,1
12717.09,credit_card,gateway_c,authentication_required,365,0.4819,0.9321,1,0,0.8611,0.5777,5919,1
8746.18,net_banking,gateway_c,card_expired,109,0.2551,0.9226,0,3,0.9432,0.7484,551,0
32080.27,credit_card,gateway_b,network_timeout,314,0.64,0.5879,0,0,0.6629,0.7918,2240,1
99567.85,net_banking,gateway_b,card_expired,755,0.4416,0.7317,0,1,0.3089,0.292,5533,0
71480.85,credit_card,gateway_b,authentication_required,282,0.722,0.6661,1,3,0.3418,0.4137,3770,1
30932.5,wallet,gateway_a,rate_limit,113,0.0025,0.6115,0,4,0.502,0.2326,7164,0
33132.84,debit_card,gateway_c,network_timeout,910,0.5754,0.4003,0,1,0.315,0.3616,1910,1
83123.55,upi,gateway_b,card_expired,976,0.7003,0.9261,0,1,0.408,0.5506,2179,0
93198.31,credit_card,gateway_b,authentication_required,141,0.7397,0.0681,1,4,0.7724,0.3642,3795,1
60330.4,upi,gateway_c,issuer_unavailable,326,0.3762,0.0456,0,3,0.4199,0.5276,6355,0
8206.8,wallet,gateway_b,authentication_required,600,0.6273,0.1974,1,4,0.8911,0.508,222,1
37753.6,upi,gateway_a,temporary_gateway_error,98,0.2871,0.3268,0,0,0.3749,0.6447,2904,0
6428.74,upi,gateway_a,suspected_fraud,121,0.9446,0.1894,0,4,0.8543,0.8377,4950,0
10478.66,wallet,gateway_b,temporary_gateway_error,830,0.2721,0.9371,0,2,0.7226,0.3501,5489,1
70969.42,credit_card,gateway_c,rate_limit,133,0.2583,0.245,0,3,0.6742,0.346,2885,1
19500.97,upi,gateway_a,issuer_unavailable,696,0.4493,0.9837,0,3,0.9473,0.8202,2852,0
40937.26,credit_card,gateway_b,rate_limit,596,0.2542,0.1911,0,2,0.9122,0.252,1267,0
98357.88,upi,gateway_c,temporary_gateway_error,757,0.1529,0.2274,0,0,0.4181,0.7002,5250,0
66137.65,upi,gateway_a,suspected_fraud,898,0.7531,0.1308,0,4,0.485,0.5541,3857,0
26240.82,upi,gateway_b,rate_limit,163,0.9011,0.2298,0,3,0.6232,0.47,3968,0
6933.41,upi,gateway_b,insufficient_funds,427,0.721,0.3817,0,4,0.6475,0.6718,1695,0
51415.25,credit_card,gateway_b,card_expired,968,0.4067,0.1162,1,0,0.4297,0.7843,2968,0
37515.5,wallet,gateway_c,temporary_gateway_error,466,0.3151,0.1291,0,4,0.3416,0.7946,1340,0
32807.84,wallet,gateway_a,insufficient_funds,874,0.3985,0.0728,0,1,0.6025,0.7498,3987,0
7508.92,wallet,gateway_b,rate_limit,726,0.929,0.5532,0,2,0.3102,0.6699,4981,0
40975.16,credit_card,gateway_b,authentication_required,58,0.293,0.9866,1,4,0.7794,0.4568,6770,0
33894.66,credit_card,gateway_c,issuer_unavailable,789,0.5194,0.4767,0,1,0.4982,0.468,6617,1
59972.46,debit_card,gateway_c,issuer_unavailable,635,0.5986,0.0685,0,1,0.9179,0.3118,5141,0
50121.5,net_banking,gateway_a,suspected_fraud,42,0.2532,0.8387,0,3,0.8116,0.743,4884,0
29290.78,wallet,gateway_a,issuer_unavailable,840,0.4247,0.2342,0,3,0.7304,0.2957,5757,1
24025.28,net_banking,gateway_c,temporary_gateway_error,224,0.7495,0.3227,0,3,0.6984,0.621,3059,1
36020.24,upi,gateway_c,card_expired,460,0.0417,0.2956,0,2,0.9715,0.8957,906,0
63570.82,net_banking,gateway_a,temporary_gateway_error,183,0.3882,0.9806,0,3,0.7194,0.3173,4141,1
11654.06,wallet,gateway_a,card_expired,206,0.2556,0.751,0,1,0.8544,0.8848,3626,0
37071.83,wallet,gateway_b,authentication_required,163,0.2565,0.3993,1,3,0.6349,0.63,6474,1
93839.43,credit_card,gateway_c,authentication_required,842,0.4896,0.2004,1,4,0.9827,0.204,289,1
93796.04,net_banking,gateway_b,issuer_unavailable,134,0.7739,0.3318,0,1,0.9054,0.6951,695,0
88780.36,upi,gateway_a,authentication_required,550,0.5128,0.0946,1,0,0.5885,0.62,5862,0
57576.9,net_banking,gateway_a,insufficient_funds,628,0.5208,0.614,0,0,0.8674,0.562,5590,1
84009.87,debit_card,gateway_c,rate_limit,919,0.2671,0.9411,0,3,0.9548,0.5534,6616,0
37951.14,upi,gateway_b,suspected_fraud,814,0.1085,0.2167,0,4,0.7962,0.7862,4479,0
68231.26,wallet,gateway_a,card_expired,917,0.2755,0.7253,0,3,0.4583,0.2719,901,0
90679.77,upi,gateway_c,authentication_required,487,0.6997,0.3217,1,3,0.3244,0.6882,6845,0
82776.87,net_banking,gateway_c,network_timeout,313,0.4518,0.1362,0,3,0.8451,0.8671,60,0
51395.63,wallet,gateway_b,card_expired,208,0.7208,0.2993,0,2,0.5611,0.4026,6485,0
21600.47,net_banking,gateway_c,card_expired,647,0.3666,0.7877,0,1,0.8546,0.307,1697,0
32518.5,upi,gateway_b,insufficient_funds,988,0.804,0.8902,0,4,0.723,0.2695,5141,0
91417.89,wallet,gateway_c,issuer_unavailable,941,0.1078,0.8822,0,4,0.4287,0.4806,4974,1
92014.2,credit_card,gateway_c,insufficient_funds,973,0.9193,0.254,0,2,0.6472,0.4998,3598,0
84702.17,net_banking,gateway_a,card_expired,53,0.412,0.598,0,4,0.4169,0.263,6444,0
53967.63,upi,gateway_b,temporary_gateway_error,893,0.7498,0.7308,0,0,0.615,0.6277,4474,1
34453.15,credit_card,gateway_b,card_expired,469,0.5002,0.0995,0,3,0.6426,0.6646,2407,0
12998.37,debit_card,gateway_a,issuer_unavailable,223,0.1651,0.2441,0,2,0.418,0.6771,3857,1
56662.46,wallet,gateway_b,suspected_fraud,599,0.2859,0.5116,0,3,0.3534,0.5211,6846,0
56565.27,upi,gateway_b,issuer_unavailable,913,0.3757,0.0021,0,3,0.8582,0.2977,238,1
86419.24,debit_card,gateway_b,temporary_gateway_error,56,0.2627,0.279,0,4,0.9357,0.6867,666,1
4383.83,debit_card,gateway_b,issuer_unavailable,371,0.3011,0.9171,0,4,0.7774,0.4248,2917,0
3643.35,net_banking,gateway_b,insufficient_funds,859,0.3639,0.0959,0,0,0.3497,0.4477,5380,0
53438.78,net_banking,gateway_b,temporary_gateway_error,514,0.6084,0.653,0,3,0.6687,0.7112,2406,0
58693.83,net_banking,gateway_c,issuer_unavailable,380,0.8347,0.9164,0,1,0.9362,0.3414,6278,1
48593.95,upi,gateway_b,network_timeout,852,0.325,0.1613,0,4,0.5834,0.2818,1030,1
60153.96,upi,gateway_c,suspected_fraud,616,0.0923,0.9716,0,1,0.922,0.8193,4755,0
82804.16,debit_card,gateway_b,rate_limit,620,0.791,0.4,0,2,0.8161,0.8598,6693,1
65624.81,credit_card,gateway_b,authentication_required,660,0.4913,0.2606,1,2,0.4265,0.7273,4495,0
82045.1,credit_card,gateway_a,suspected_fraud,214,0.5004,0.9292,0,4,0.9711,0.3112,646,0
768.93,upi,gateway_b,suspected_fraud,204,0.8284,0.5189,0,3,0.5273,0.507,4910,0
55441.93,net_banking,gateway_c,card_expired,536,0.8443,0.6009,0,4,0.4284,0.8717,3008,0
36052.8,debit_card,gateway_c,issuer_unavailable,909,0.3603,0.7564,0,2,0.5611,0.7357,6551,1
1214.9,wallet,gateway_a,temporary_gateway_error,579,0.51,0.8776,0,1,0.8925,0.4451,628,1
92013.89,credit_card,gateway_c,rate_limit,640,0.6922,0.8979,0,4,0.4118,0.6706,3253,0
89950.19,credit_card,gateway_b,temporary_gateway_error,348,0.4288,0.5138,0,1,0.5581,0.5509,1227,0
39913.93,upi,gateway_b,card_expired,937,0.6615,0.1636,0,1,0.6269,0.2063,4640,0
74763.15,wallet,gateway_a,temporary_gateway_error,567,0.1952,0.3356,0,0,0.4934,0.7166,4745,1
22990.17,debit_card,gateway_a,insufficient_funds,898,0.7351,0.4975,0,2,0.4368,0.2523,6182,0
24383.34,wallet,gateway_c,issuer_unavailable,211,0.7213,0.1434,0,4,0.7354,0.4988,5049,0
70600.3,wallet,gateway_c,network_timeout,430,0.9957,0.4494,0,2,0.5436,0.3198,1314,0
40647.74,credit_card,gateway_a,network_timeout,881,0.1177,0.5761,0,3,0.5448,0.2264,515,0
94737.41,upi,gateway_c,network_timeout,698,0.6019,0.9103,0,0,0.8109,0.6713,5641,1
81422.93,credit_card,gateway_c,issuer_unavailable,643,0.7715,0.8761,0,2,0.3764,0.2028,6890,1
55405.63,debit_card,gateway_c,temporary_gateway_error,294,0.6881,0.9453,0,4,0.9899,0.7398,3026,0
68721.26,debit_card,gateway_c,authentication_required,89,0.2353,0.0164,1,4,0.3147,0.5144,5078,0
36791.32,debit_card,gateway_c,insufficient_funds,871,0.9014,0.8587,0,4,0.3523,0.5421,1998,0
21033.98,debit_card,gateway_c,suspected_fraud,784,0.592,0.4043,0,2,0.9442,0.4577,4194,0
36832.17,credit_card,gateway_b,temporary_gateway_error,196,0.0328,0.2558,0,1,0.3764,0.5161,1781,1
96022.25,credit_card,gateway_a,suspected_fraud,486,0.8023,0.1708,0,1,0.5883,0.7785,647,0
28711.59,upi,gateway_b,temporary_gateway_error,739,0.6389,0.4705,0,0,0.5375,0.5633,3551,1
49670.84,upi,gateway_a,network_timeout,432,0.324,0.6218,0,3,0.5621,0.2536,726,1
39163.79,upi,gateway_b,network_timeout,355,0.2811,0.3818,0,0,0.6887,0.6453,7157,1
57159.29,wallet,gateway_b,issuer_unavailable,426,0.7132,0.3044,0,0,0.8832,0.8766,1219,1
7249.13,wallet,gateway_c,temporary_gateway_error,628,0.3562,0.3643,0,0,0.7312,0.3948,4297,1
63290.78,debit_card,gateway_b,temporary_gateway_error,120,0.4236,0.9785,0,4,0.4732,0.6084,3729,1
98910.56,credit_card,gateway_a,issuer_unavailable,340,0.3993,0.5136,0,1,0.4439,0.7015,5754,0
14004.51,net_banking,gateway_b,network_timeout,548,0.8386,0.1956,0,4,0.7448,0.2746,4821,1
20955.44,upi,gateway_a,card_expired,347,0.4151,0.0136,0,1,0.5858,0.392,7163,0
45655.44,upi,gateway_b,temporary_gateway_error,865,0.6392,0.3987,0,3,0.4774,0.496,3940,1
54705.58,upi,gateway_b,suspected_fraud,850,0.2512,0.9047,0,2,0.7282,0.7803,5233,0
39088.5,credit_card,gateway_c,network_timeout,940,0.4515,0.8284,0,4,0.9004,0.4642,2394,1
82046.9,net_banking,gateway_c,temporary_gateway_error,463,0.1734,0.6153,0,4,0.5491,0.4578,4715,0
84633.03,credit_card,gateway_a,network_timeout,120,0.4865,0.8594,0,4,0.4677,0.5119,5479,0
64340.26,wallet,gateway_c,suspected_fraud,258,0.1463,0.8415,0,0,0.64,0.2884,1324,0
54508.25,wallet,gateway_c,card_expired,264,0.8813,0.9989,0,0,0.9734,0.3382,5383,0
3320.57,debit_card,gateway_a,card_expired,51,0.1878,0.7795,0,4,0.8918,0.7288,921,0
3934.09,net_banking,gateway_c,card_expired,277,0.5309,0.9093,0,4,0.7038,0.7181,2508,0
84105.86,upi,gateway_c,temporary_gateway_error,625,0.2041,0.5796,0,3,0.4992,0.384,5066,0
45229.35,wallet,gateway_a,issuer_unavailable,770,0.9821,0.0886,0,2,0.86,0.271,1825,0
45656.33,debit_card,gateway_c,rate_limit,818,0.0675,0.9282,0,4,0.8142,0.2864,3605,0
58624.84,upi,gateway_a,card_expired,669,0.4206,0.2988,0,0,0.581,0.3976,6762,0
52821.79,net_banking,gateway_a,authentication_required,207,0.8934,0.9338,1,4,0.6927,0.4613,6341,1
61255.85,debit_card,gateway_a,temporary_gateway_error,242,0.464,0.5731,0,0,0.9069,0.5193,657,1
16881.07,wallet,gateway_a,network_timeout,887,0.8044,0.994,0,4,0.3099,0.7548,913,1
98732.77,debit_card,gateway_b,rate_limit,453,0.2312,0.7532,0,0,0.4101,0.5226,3823,1
36577.39,net_banking,gateway_a,rate_limit,332,0.9938,0.8297,0,1,0.448,0.6014,6799,0
30868.18,upi,gateway_a,network_timeout,816,0.1388,0.152,0,1,0.3354,0.4654,499,1
74099.14,upi,gateway_b,rate_limit,578,0.7135,0.0499,0,4,0.5994,0.3557,6959,0
47930.31,upi,gateway_a,rate_limit,239,0.6564,0.2072,0,4,0.7567,0.2633,5454,1
90465.45,wallet,gateway_c,suspected_fraud,153,0.3755,0.6541,0,1,0.7891,0.3032,6545,0
35195.47,wallet,gateway_a,issuer_unavailable,504,0.1664,0.3045,0,2,0.8337,0.2683,639,1
431.01,upi,gateway_b,rate_limit,682,0.3162,0.7486,0,1,0.321,0.7942,2999,1
87933.28,credit_card,gateway_b,temporary_gateway_error,248,0.6053,0.254,0,3,0.6564,0.5885,4671,1
80090.82,credit_card,gateway_c,insufficient_funds,892,0.7779,0.7079,0,1,0.7841,0.2184,4204,0
36508.46,debit_card,gateway_a,temporary_gateway_error,754,0.3634,0.7391,0,0,0.8794,0.7971,6649,1
66734.66,net_banking,gateway_b,suspected_fraud,984,0.5749,0.4298,0,4,0.3874,0.6174,5397,0
94155.66,net_banking,gateway_a,temporary_gateway_error,610,0.87,0.3584,0,2,0.6729,0.7833,2701,1
46241.07,upi,gateway_a,rate_limit,997,0.1413,0.2055,0,0,0.5765,0.2225,5050,0
5699.23,credit_card,gateway_c,rate_limit,358,0.1357,0.439,0,4,0.6499,0.5479,338,1
9064.62,net_banking,gateway_a,suspected_fraud,934,0.6394,0.2878,0,3,0.4822,0.4692,2883,0
66216.02,net_banking,gateway_a,rate_limit,923,0.9562,0.1971,0,2,0.9698,0.3815,768,1
18256.05,upi,gateway_a,authentication_required,831,0.1247,0.4393,1,2,0.7448,0.625,6532,0
32047.39,credit_card,gateway_a,insufficient_funds,142,0.1846,0.216,0,1,0.7649,0.7166,1959,0
13296.01,upi,gateway_a,insufficient_funds,758,0.4191,0.8346,0,1,0.551,0.4602,5017,0
50702.7,net_banking,gateway_b,authentication_required,808,0.0548,0.9005,1,2,0.4709,0.2705,6668,0
23048.59,credit_card,gateway_a,temporary_gateway_error,517,0.6138,0.1943,0,3,0.4076,0.3136,1305,0
3400.78,wallet,gateway_c,authentication_required,732,0.0735,0.0753,1,0,0.8807,0.4992,547,0
90099.08,credit_card,gateway_b,network_timeout,983,0.2352,0.6565,0,4,0.6386,0.3665,6958,1
47301.46,net_banking,gateway_a,authentication_required,97,0.8074,0.8643,1,2,0.6664,0.5441,3444,1
43419.93,credit_card,gateway_b,rate_limit,459,0.9977,0.0487,0,0,0.8931,0.5229,3571,1
29772.98,upi,gateway_c,network_timeout,557,0.6899,0.5308,0,4,0.7612,0.8788,278,0
54935.64,wallet,gateway_b,suspected_fraud,710,0.3099,0.9669,0,0,0.3319,0.5788,1145,0
17305.93,net_banking,gateway_b,network_timeout,659,0.1651,0.755,0,3,0.5571,0.4574,3039,0
52780.24,wallet,gateway_c,rate_limit,413,0.2937,0.6245,0,0,0.7247,0.4883,5565,0
68979.85,credit_card,gateway_a,insufficient_funds,422,0.1216,0.0927,0,1,0.8993,0.4176,1064,0
22094.37,net_banking,gateway_b,temporary_gateway_error,26,0.4458,0.5279,0,3,0.766,0.792,3297,1
6362.11,net_banking,gateway_b,network_timeout,491,0.3762,0.4659,0,3,0.5054,0.3915,999,1
22195.13,upi,gateway_b,temporary_gateway_error,627,0.3758,0.0601,0,0,0.7248,0.7598,4033,1
47662.91,upi,gateway_a,rate_limit,852,0.73,0.132,0,0,0.9682,0.3997,2557,1
6452.81,upi,gateway_a,issuer_unavailable,722,0.1047,0.1642,0,1,0.9812,0.5425,6918,0
41862.36,debit_card,gateway_c,suspected_fraud,985,0.7908,0.6974,0,3,0.9766,0.8916,5494,0
96410.6,credit_card,gateway_c,rate_limit,551,0.0383,0.0815,0,4,0.9591,0.8611,6014,0
15044.65,wallet,gateway_b,suspected_fraud,112,0.0303,0.7741,0,4,0.9577,0.5836,6047,0
76681.23,debit_card,gateway_a,temporary_gateway_error,758,0.4356,0.0438,0,4,0.7111,0.4836,6374,0
32875.48,debit_card,gateway_a,insufficient_funds,775,0.3553,0.4462,0,1,0.5256,0.2108,3097,0
85148.05,upi,gateway_b,rate_limit,626,0.2007,0.3632,0,2,0.6837,0.6456,5326,0
88210.98,debit_card,gateway_a,insufficient_funds,464,0.6611,0.2182,0,0,0.5453,0.8132,5292,0
38088.7,net_banking,gateway_b,network_timeout,905,0.9446,0.2579,0,2,0.3709,0.4083,6530,0
95158.56,upi,gateway_c,suspected_fraud,392,0.5275,0.4541,0,2,0.7862,0.862,6608,0
70795.68,wallet,gateway_c,card_expired,148,0.4129,0.2487,0,3,0.972,0.2099,6693,0
84788.76,debit_card,gateway_b,card_expired,619,0.5654,0.5983,0,4,0.3863,0.6255,1985,0
89222.42,net_banking,gateway_c,temporary_gateway_error,899,0.2193,0.6856,0,3,0.756,0.3904,729,0
37404.71,debit_card,gateway_b,card_expired,683,0.5558,0.12,0,2,0.9921,0.6858,6378,1
64318.28,net_banking,gateway_b,issuer_unavailable,423,0.228,0.1657,0,0,0.5361,0.5626,4603,0
59495.15,net_banking,gateway_c,rate_limit,529,0.1551,0.027,0,1,0.5871,0.501,3047,1
66249.23,credit_card,gateway_b,rate_limit,524,0.6097,0.1293,0,2,0.7292,0.526,2683,1
11123.85,net_banking,gateway_a,issuer_unavailable,93,0.1011,0.9953,0,0,0.6133,0.2595,5044,0
27356.92,credit_card,gateway_c,insufficient_funds,844,0.2573,0.8446,0,1,0.772,0.4465,6029,0
74967.01,wallet,gateway_a,insufficient_funds,865,0.9835,0.6901,0,3,0.9814,0.8372,1957,1
50346.87,upi,gateway_b,card_expired,820,0.1263,0.5276,0,4,0.9945,0.5777,2848,0
13991.53,wallet,gateway_a,issuer_unavailable,302,0.2789,0.9337,0,2,0.5237,0.5277,4368,0
25667.94,upi,gateway_c,insufficient_funds,148,0.9076,0.6408,0,0,0.5879,0.7131,7127,1
8012.81,wallet,gateway_a,network_timeout,957,0.7271,0.2272,0,0,0.3279,0.28,6027,0
54170.41,credit_card,gateway_a,issuer_unavailable,583,0.0179,0.3772,1,4,0.4507,0.6828,6962,0
33599.23,net_banking,gateway_c,insufficient_funds,200,0.5305,0.6943,0,3,0.8269,0.2787,352,0
12792.31,upi,gateway_b,insufficient_funds,965,0.638,0.2239,0,0,0.8889,0.2634,5580,1
41955.82,net_banking,gateway_c,network_timeout,356,0.4245,0.5053,0,0,0.3489,0.2042,2794,0
4443.44,credit_card,gateway_a,network_timeout,893,0.976,0.8445,0,3,0.7878,0.7402,4605,1
27682.08,debit_card,gateway_c,authentication_required,662,0.3436,0.5088,1,3,0.9061,0.8446,4510,0
88902.82,credit_card,gateway_c,temporary_gateway_error,220,0.0532,0.4373,0,1,0.5096,0.256,1075,0
52016.71,net_banking,gateway_a,rate_limit,455,0.8477,0.4192,0,3,0.7927,0.7439,4157,1
45187.05,wallet,gateway_b,temporary_gateway_error,908,0.5363,0.4758,0,1,0.6451,0.8261,3381,0
86769.98,upi,gateway_b,authentication_required,858,0.9484,0.3616,1,4,0.9607,0.6094,1528,0
8566.73,upi,gateway_a,suspected_fraud,220,0.2916,0.5513,0,0,0.3535,0.2068,3909,0
89178.85,credit_card,gateway_a,card_expired,442,0.352,0.544,0,1,0.8189,0.2963,590,0
56959.27,debit_card,gateway_c,suspected_fraud,696,0.8008,0.5271,0,2,0.6352,0.6123,5011,0
70165.75,upi,gateway_b,authentication_required,534,0.8678,0.7434,1,4,0.4499,0.2123,3429,1
11899.51,debit_card,gateway_c,authentication_required,676,0.3261,0.0302,1,3,0.849,0.4378,3145,0
88948.9,wallet,gateway_b,issuer_unavailable,675,0.8066,0.389,0,2,0.4433,0.8605,1612,0
19810.37,credit_card,gateway_b,insufficient_funds,472,0.8459,0.896,0,2,0.3852,0.67,446,0
59376.65,net_banking,gateway_b,authentication_required,114,0.2576,0.3316,1,2,0.7178,0.8628,5096,1
22093.03,wallet,gateway_b,card_expired,356,0.0346,0.2965,0,4,0.7005,0.7466,1564,0
73160.46,wallet,gateway_a,insufficient_funds,977,0.0185,0.9879,0,4,0.7041,0.206,3440,0
76974.78,upi,gateway_b,network_timeout,873,0.1477,0.263,0,1,0.5085,0.4683,2599,0
6284.41,credit_card,gateway_b,network_timeout,23,0.5267,0.25,0,3,0.5056,0.3285,6344,1
51730.99,wallet,gateway_a,issuer_unavailable,806,0.8581,0.9952,0,3,0.6951,0.8739,2117,0
90675.52,net_banking,gateway_c,card_expired,621,0.6925,0.5883,0,4,0.7435,0.8868,1791,0
84291.44,debit_card,gateway_a,card_expired,40,0.5894,0.9303,0,4,0.7416,0.4729,4342,0
3483.73,debit_card,gateway_b,issuer_unavailable,839,0.0604,0.6647,0,4,0.4119,0.2705,311,0
57105.06,net_banking,gateway_a,issuer_unavailable,444,0.8431,0.7531,0,1,0.7873,0.3586,4312,1
74132.17,debit_card,gateway_c,temporary_gateway_error,444,0.9595,0.0402,0,1,0.8714,0.5357,1114,1
7998.71,upi,gateway_b,rate_limit,788,0.822,0.6074,0,3,0.7905,0.8388,5214,1
88718.5,wallet,gateway_a,rate_limit,311,0.7162,0.2637,0,1,0.335,0.2675,4619,0
3500.47,wallet,gateway_b,rate_limit,42,0.0748,0.0017,0,0,0.7845,0.4915,3413,0
93932.66,upi,gateway_b,temporary_gateway_error,657,0.9477,0.4951,0,1,0.7628,0.632,2404,1
17095.1,upi,gateway_c,insufficient_funds,908,0.4542,0.1515,0,3,0.3316,0.433,5236,0
31129.46,wallet,gateway_b,network_timeout,313,0.7366,0.2192,0,2,0.9251,0.4476,5691,1
19077.9,upi,gateway_c,authentication_required,281,0.4006,0.4627,1,0,0.4993,0.3727,2321,0
69470.34,debit_card,gateway_c,issuer_unavailable,748,0.7142,0.9144,0,1,0.5244,0.7514,1057,0
96207.51,credit_card,gateway_b,network_timeout,859,0.8992,0.2044,0,1,0.5522,0.3591,3172,1
53090.52,wallet,gateway_c,card_expired,609,0.2616,0.9351,0,0,0.5244,0.363,4835,0
96701.68,wallet,gateway_b,suspected_fraud,86,0.3342,0.3911,0,3,0.683,0.824,4808,0
54161.86,debit_card,gateway_c,network_timeout,821,0.8232,0.8594,0,3,0.8084,0.8683,1739,1
2345.34,credit_card,gateway_a,network_timeout,673,0.545,0.1347,0,1,0.6052,0.3633,4768,0
1718.66,credit_card,gateway_b,temporary_gateway_error,275,0.2895,0.1044,0,4,0.8072,0.7643,1208,1
23441.88,net_banking,gateway_c,rate_limit,883,0.2689,0.1298,0,1,0.4389,0.4373,1110,0
28482.49,credit_card,gateway_c,rate_limit,862,0.2738,0.1684,0,0,0.8628,0.3557,239,1
84291.22,wallet,gateway_c,insufficient_funds,740,0.2346,0.527,0,4,0.9647,0.6735,3440,0
92680.81,credit_card,gateway_c,card_expired,857,0.785,0.9412,0,1,0.7541,0.7746,4153,0
59848.13,upi,gateway_a,authentication_required,883,0.0099,0.718,1,2,0.8868,0.3438,4073,0
65971.53,credit_card,gateway_b,issuer_unavailable,769,0.6235,0.5548,0,4,0.9297,0.705,4607,1
73668.05,upi,gateway_c,authentication_required,514,0.5914,0.9116,1,0,0.3569,0.5574,6293,0
26623.51,wallet,gateway_b,insufficient_funds,157,0.5972,0.4676,0,0,0.5223,0.2387,6790,1
11761.91,debit_card,gateway_a,rate_limit,407,0.0805,0.5612,0,2,0.9925,0.8943,4305,1
68187.13,debit_card,gateway_b,temporary_gateway_error,380,0.7783,0.6016,0,3,0.9046,0.5873,2987,0
48267.31,net_banking,gateway_b,suspected_fraud,309,0.5963,0.1131,0,4,0.9313,0.7207,739,0
72612.7,net_banking,gateway_a,rate_limit,734,0.3353,0.5227,0,0,0.6923,0.3708,2714,0
32740.62,wallet,gateway_c,temporary_gateway_error,355,0.2162,0.8648,0,4,0.8826,0.4214,5752,0
34910.42,upi,gateway_a,rate_limit,896,0.4535,0.0552,0,2,0.7443,0.4522,4738,0
46489.78,debit_card,gateway_a,temporary_gateway_error,232,0.6133,0.8105,0,3,0.8328,0.426,194,1
48725.08,upi,gateway_a,card_expired,139,0.7604,0.1763,0,2,0.4171,0.7307,5504,0
71211.71,wallet,gateway_b,temporary_gateway_error,402,0.6201,0.6619,0,3,0.8794,0.4009,3374,0
3850.86,debit_card,gateway_c,card_expired,216,0.9274,0.7901,0,2,0.4726,0.3635,6518,0
51461.15,upi,gateway_a,suspected_fraud,162,0.1146,0.3905,0,2,0.667,0.3137,4135,0
77311.26,net_banking,gateway_a,suspected_fraud,498,0.5755,0.9617,0,3,0.8952,0.5839,2403,0
43005.55,net_banking,gateway_a,card_expired,884,0.1673,0.4219,0,0,0.4892,0.4978,5079,0
324.93,credit_card,gateway_b,insufficient_funds,587,0.4375,0.055,0,3,0.4824,0.7528,1721,0
26625.46,upi,gateway_b,rate_limit,952,0.7742,0.4233,0,2,0.3576,0.5014,2267,0
40213.68,debit_card,gateway_c,card_expired,720,0.8954,0.8941,0,3,0.673,0.4599,4532,0
89412.02,credit_card,gateway_a,insufficient_funds,298,0.2188,0.274,0,3,0.7267,0.4402,1936,0
99776.88,upi,gateway_c,authentication_required,325,0.3498,0.1988,1,3,0.8862,0.3477,3340,0
80534.36,credit_card,gateway_a,issuer_unavailable,698,0.9053,0.5218,0,0,0.576,0.7395,355,1
30896.5,net_banking,gateway_b,network_timeout,366,0.6474,0.0782,0,3,0.3656,0.3771,6579,1
73122.92,upi,gateway_a,insufficient_funds,928,0.368,0.1488,1,2,0.6586,0.8305,2340,0
48143.89,net_banking,gateway_b,authentication_required,871,0.8631,0.8577,1,3,0.5423,0.3451,2890,1
96197.92,net_banking,gateway_b,temporary_gateway_error,614,0.4123,0.2424,0,1,0.3654,0.2655,1519,0
94039.98,debit_card,gateway_c,card_expired,507,0.6915,0.827,0,2,0.4517,0.3051,1170,0
65121.45,credit_card,gateway_c,authentication_required,375,0.9641,0.8166,1,3,0.7821,0.2277,5215,1
91478.54,upi,gateway_b,suspected_fraud,112,0.4201,0.7939,0,1,0.9543,0.2399,6692,0
44156.97,credit_card,gateway_c,network_timeout,900,0.0734,0.9374,0,4,0.5494,0.3757,4826,0
2103.64,credit_card,gateway_b,issuer_unavailable,81,0.6636,0.0208,0,2,0.4223,0.4326,4870,1
22669.93,credit_card,gateway_c,authentication_required,143,0.4721,0.1269,1,4,0.8065,0.6577,2197,0
78743.53,wallet,gateway_a,suspected_fraud,615,0.4368,0.06,0,1,0.9937,0.8661,3926,0
75486.3,wallet,gateway_b,network_timeout,688,0.9036,0.3251,0,1,0.3728,0.6964,6271,0
21995.36,wallet,gateway_b,network_timeout,686,0.0857,0.861,0,1,0.896,0.5542,4494,1
60109.24,upi,gateway_a,temporary_gateway_error,723,0.8052,0.0298,0,4,0.3691,0.7261,3114,0
63174.06,credit_card,gateway_c,authentication_required,352,0.7269,0.1797,1,4,0.3608,0.5083,8,0
1595.16,net_banking,gateway_c,card_expired,600,0.4822,0.7965,0,1,0.7422,0.6361,5177,0
18845.46,credit_card,gateway_c,insufficient_funds,848,0.6168,0.5781,0,4,0.5434,0.6334,553,1
7357.54,wallet,gateway_c,issuer_unavailable,686,0.3012,0.8637,0,2,0.6235,0.8714,2399,0
77746.39,credit_card,gateway_b,temporary_gateway_error,374,0.2758,0.8321,0,4,0.5732,0.3958,446,0
90121.6,wallet,gateway_c,temporary_gateway_error,61,0.0501,0.5514,0,2,0.4823,0.6966,811,0
6369.0,net_banking,gateway_c,temporary_gateway_error,771,0.4906,0.313,0,3,0.3727,0.7651,5757,0
87907.32,net_banking,gateway_c,suspected_fraud,716,0.5835,0.336,0,3,0.9969,0.7293,6024,0
76718.35,net_banking,gateway_a,issuer_unavailable,258,0.4238,0.556,0,1,0.9815,0.7987,4300,0
79353.99,wallet,gateway_b,authentication_required,686,0.2565,0.8558,1,3,0.8074,0.2777,2014,0
70475.28,debit_card,gateway_c,suspected_fraud,859,0.0155,0.1143,0,3,0.8116,0.7688,1722,0
73568.82,credit_card,gateway_b,suspected_fraud,963,0.3688,0.7103,0,4,0.4458,0.4139,7182,0
57185.5,wallet,gateway_a,rate_limit,262,0.1345,0.8748,0,4,0.7271,0.7403,4632,0
3899.34,wallet,gateway_a,suspected_fraud,442,0.081,0.4052,0,1,0.9473,0.8452,4275,0
71299.47,net_banking,gateway_a,insufficient_funds,958,0.0839,0.6172,0,3,0.7322,0.3957,2501,1
8771.08,net_banking,gateway_b,temporary_gateway_error,341,0.5949,0.6237,0,4,0.581,0.2962,7161,1
38435.57,upi,gateway_b,issuer_unavailable,915,0.5109,0.452,0,0,0.7997,0.5691,5732,1
11664.94,upi,gateway_b,network_timeout,546,0.8514,0.515,0,0,0.9023,0.357,225,1
25395.79,net_banking,gateway_b,card_expired,743,0.0753,0.7486,0,1,0.4797,0.824,1995,0
58269.73,wallet,gateway_b,issuer_unavailable,811,0.5513,0.4499,0,1,0.9431,0.8357,2062,1
18268.31,wallet,gateway_a,authentication_required,688,0.8231,0.2412,1,1,0.8293,0.5097,811,1
25454.22,net_banking,gateway_a,suspected_fraud,115,0.9577,0.6997,0,0,0.997,0.3558,2397,0
73921.56,debit_card,gateway_b,network_timeout,252,0.3128,0.5296,0,1,0.7582,0.4667,1074,1
97398.73,credit_card,gateway_c,suspected_fraud,699,0.0999,0.3662,0,0,0.7901,0.2396,3899,0
23555.84,debit_card,gateway_c,authentication_required,147,0.1456,0.8498,1,1,0.8589,0.359,3456,1
45506.36,upi,gateway_a,rate_limit,115,0.045,0.9959,0,0,0.8408,0.4528,394,0
2754.66,wallet,gateway_c,network_timeout,965,0.1658,0.2972,0,3,0.4192,0.2958,5155,1
31890.39,debit_card,gateway_a,rate_limit,188,0.9708,0.7981,0,2,0.3529,0.5752,746,0
9416.38,net_banking,gateway_c,issuer_unavailable,847,0.4897,0.3681,0,4,0.4506,0.8989,291,0
29354.26,credit_card,gateway_b,network_timeout,201,0.9247,0.8062,0,4,0.561,0.8055,6853,1
90078.76,wallet,gateway_c,card_expired,474,0.178,0.1924,0,4,0.5718,0.5547,1605,0
342.94,wallet,gateway_b,issuer_unavailable,155,0.0084,0.9865,0,0,0.3831,0.4593,1411,0
35486.33,upi,gateway_a,insufficient_funds,377,0.1173,0.517,0,2,0.4344,0.2961,5248,0
49800.28,net_banking,gateway_a,authentication_required,795,0.8411,0.9166,1,4,0.933,0.6963,2723,0
2070.0,upi,gateway_b,temporary_gateway_error,569,0.779,0.9884,0,0,0.4198,0.8707,7130,1
57410.65,net_banking,gateway_a,suspected_fraud,984,0.0443,0.4105,0,1,0.6987,0.5665,1203,0
25957.62,wallet,gateway_b,authentication_required,699,0.5477,0.6628,1,3,0.4909,0.5849,1442,1
16240.66,net_banking,gateway_a,card_expired,933,0.8606,0.6234,0,1,0.8425,0.6386,7109,0
70473.14,wallet,gateway_b,temporary_gateway_error,483,0.5,0.2289,0,2,0.3115,0.2783,6324,0
73679.19,credit_card,gateway_c,insufficient_funds,491,0.5214,0.1084,0,3,0.5643,0.7582,4161,0
40651.01,wallet,gateway_b,network_timeout,493,0.1567,0.6957,0,1,0.7564,0.3194,6174,1
85806.44,net_banking,gateway_a,network_timeout,364,0.6695,0.1736,0,4,0.838,0.4778,4141,0
15450.38,net_banking,gateway_b,suspected_fraud,559,0.2718,0.8334,0,0,0.5113,0.7969,3561,0
71753.97,upi,gateway_a,rate_limit,300,0.3488,0.9441,0,2,0.6204,0.477,519,1
13665.52,wallet,gateway_c,authentication_required,328,0.8487,0.1323,1,1,0.7439,0.4358,2708,1
95273.42,upi,gateway_c,temporary_gateway_error,874,0.112,0.5694,0,4,0.4849,0.6184,2345,0
16439.09,wallet,gateway_b,insufficient_funds,60,0.8996,0.8961,0,4,0.892,0.3784,5428,0
35813.47,net_banking,gateway_c,card_expired,948,0.9672,0.4867,0,4,0.6661,0.2972,6617,0
14071.84,net_banking,gateway_b,temporary_gateway_error,289,0.8643,0.9696,0,3,0.5464,0.5553,969,1
891.56,net_banking,gateway_a,network_timeout,820,0.8447,0.7835,0,3,0.5557,0.4725,4553,0
83116.06,wallet,gateway_b,insufficient_funds,246,0.658,0.2671,0,4,0.853,0.8562,2644,0
74026.05,wallet,gateway_c,authentication_required,575,0.525,0.3193,1,4,0.3584,0.6987,1463,1
88992.51,upi,gateway_b,authentication_required,678,0.1692,0.7345,1,3,0.8459,0.2544,1547,1
28100.43,wallet,gateway_b,authentication_required,167,0.2149,0.3611,1,4,0.4068,0.211,6031,0
7784.02,debit_card,gateway_b,card_expired,47,0.8996,0.5231,0,1,0.6655,0.7385,4436,0
84404.03,net_banking,gateway_c,issuer_unavailable,29,0.4802,0.604,0,4,0.3954,0.3994,1154,0
60282.53,credit_card,gateway_c,issuer_unavailable,86,0.5932,0.2522,0,2,0.4618,0.4648,3354,0
61820.36,wallet,gateway_b,network_timeout,517,0.557,0.4721,0,4,0.6445,0.7519,4105,1
64340.91,credit_card,gateway_b,card_expired,800,0.78,0.2521,0,3,0.3732,0.5659,7190,0
32540.3,net_banking,gateway_c,suspected_fraud,739,0.1605,0.067,0,1,0.8947,0.3053,1874,0
37550.74,wallet,gateway_a,network_timeout,597,0.0838,0.9073,0,2,0.7437,0.4559,644,1
50861.52,upi,gateway_c,rate_limit,627,0.1464,0.7544,1,0,0.4283,0.5128,5034,1
79124.44,net_banking,gateway_a,temporary_gateway_error,526,0.8801,0.9551,0,1,0.3225,0.7011,2301,1
599.55,net_banking,gateway_b,issuer_unavailable,782,0.0701,0.8793,0,3,0.6555,0.5536,1164,0
55092.64,upi,gateway_a,insufficient_funds,332,0.7285,0.0503,0,2,0.892,0.7467,4365,1
27873.32,debit_card,gateway_c,insufficient_funds,241,0.0159,0.827,0,2,0.6442,0.2871,4257,0
89216.65,debit_card,gateway_c,suspected_fraud,707,0.1627,0.7019,0,4,0.3487,0.3032,588,0
60857.25,wallet,gateway_a,network_timeout,35,0.3171,0.4009,0,1,0.3435,0.214,4184,0
68684.27,debit_card,gateway_a,temporary_gateway_error,782,0.6111,0.9897,0,0,0.7487,0.7638,5564,1
33585.23,upi,gateway_b,temporary_gateway_error,585,0.3746,0.9879,0,1,0.6557,0.7464,2417,0
332.82,net_banking,gateway_c,network_timeout,872,0.9098,0.8716,0,2,0.9655,0.2475,195,1
46234.76,net_banking,gateway_b,insufficient_funds,760,0.6331,0.0042,0,4,0.8965,0.3102,6180,0
75173.09,credit_card,gateway_a,issuer_unavailable,635,0.4844,0.2998,0,2,0.6438,0.2871,5699,0
58450.13,wallet,gateway_c,temporary_gateway_error,759,0.2947,0.3432,0,4,0.4187,0.5773,2468,0
38334.54,wallet,gateway_b,suspected_fraud,228,0.0842,0.2526,0,0,0.734,0.8007,4509,0
16901.62,upi,gateway_b,card_expired,234,0.3709,0.7071,0,2,0.5784,0.8214,2212,0
40773.63,net_banking,gateway_c,insufficient_funds,354,0.7234,0.0933,0,2,0.7363,0.5979,437,1
19325.75,upi,gateway_a,rate_limit,802,0.9133,0.3147,1,2,0.8912,0.7578,6464,1
97489.61,credit_card,gateway_a,authentication_required,504,0.3566,0.7772,1,3,0.3293,0.8709,4829,0
1695.37,credit_card,gateway_b,temporary_gateway_error,561,0.594,0.0996,0,4,0.6063,0.8827,3108,1
34517.47,wallet,gateway_c,authentication_required,196,0.1523,0.9406,1,4,0.4534,0.4383,167,0
2139.32,debit_card,gateway_c,card_expired,527,0.8845,0.8866,0,3,0.3857,0.2487,2465,0
62794.61,net_banking,gateway_a,card_expired,507,0.4573,0.494,0,1,0.4472,0.2824,3418,0
99069.58,wallet,gateway_c,suspected_fraud,757,0.8372,0.1036,0,0,0.3442,0.7231,667,0
65438.3,wallet,gateway_b,suspected_fraud,187,0.8175,0.8237,0,0,0.5805,0.584,655,0
87328.4,debit_card,gateway_b,card_expired,265,0.9982,0.1151,0,2,0.8315,0.8036,952,0
99990.92,credit_card,gateway_b,network_timeout,972,0.7568,0.3865,0,2,0.8042,0.3067,3010,1
70028.99,wallet,gateway_b,suspected_fraud,700,0.9472,0.5207,0,3,0.9901,0.2143,6548,0
11211.66,debit_card,gateway_c,rate_limit,237,0.0245,0.6964,0,2,0.7088,0.4493,6391,0
75326.98,net_banking,gateway_c,temporary_gateway_error,881,0.8077,0.7791,0,0,0.7563,0.596,2718,0
22259.6,upi,gateway_a,authentication_required,469,0.4147,0.4685,1,1,0.9636,0.3968,4184,0
18373.8,net_banking,gateway_b,card_expired,295,0.9093,0.8013,0,0,0.4939,0.6408,4209,0
38913.99,debit_card,gateway_b,insufficient_funds,547,0.2393,0.7277,0,0,0.9322,0.7533,4608,1
66030.87,credit_card,gateway_c,card_expired,728,0.9679,0.0033,0,2,0.9241,0.5251,5989,0
46050.87,wallet,gateway_a,temporary_gateway_error,792,0.9487,0.2618,0,0,0.597,0.211,6758,1
24549.3,net_banking,gateway_b,suspected_fraud,733,0.2329,0.1196,0,1,0.8991,0.5705,3844,0
37321.38,credit_card,gateway_b,network_timeout,446,0.8017,0.6106,0,0,0.9538,0.7696,2437,0
756.27,debit_card,gateway_c,authentication_required,623,0.4926,0.779,1,3,0.7168,0.3392,702,0
91243.02,credit_card,gateway_c,authentication_required,199,0.5751,0.0056,1,1,0.6495,0.2287,1126,0
72681.27,credit_card,gateway_a,insufficient_funds,871,0.7585,0.0634,0,1,0.5863,0.7877,800,1
82674.35,debit_card,gateway_c,suspected_fraud,418,0.2354,0.9494,0,1,0.4247,0.8741,5678,0
98363.06,debit_card,gateway_b,card_expired,132,0.8596,0.6994,0,0,0.3083,0.6012,3934,0
82459.14,upi,gateway_b,network_timeout,933,0.5338,0.674,0,3,0.9005,0.8643,7187,0
22245.98,debit_card,gateway_b,card_expired,521,0.0826,0.5518,0,4,0.738,0.3726,5241,0
24934.37,debit_card,gateway_c,network_timeout,430,0.1579,0.3252,0,0,0.5106,0.5268,156,0
32806.17,credit_card,gateway_a,suspected_fraud,48,0.0751,0.3561,0,3,0.8342,0.8398,5388,0
11294.04,credit_card,gateway_c,suspected_fraud,507,0.5895,0.5979,0,3,0.6563,0.8547,7065,0
13463.05,upi,gateway_c,issuer_unavailable,339,0.3585,0.8883,0,2,0.3141,0.7815,1221,0
33233.94,net_banking,gateway_a,card_expired,175,0.2647,0.0485,0,3,0.6246,0.7595,714,0
12402.92,wallet,gateway_b,suspected_fraud,663,0.2405,0.8449,1,4,0.9733,0.279,3034,0
31985.56,net_banking,gateway_c,network_timeout,79,0.8331,0.9049,0,1,0.8833,0.6039,6105,0
49668.08,credit_card,gateway_c,rate_limit,968,0.7752,0.2681,0,1,0.4555,0.3325,1530,1
31048.86,upi,gateway_c,insufficient_funds,783,0.8941,0.4876,0,0,0.3329,0.5848,7186,1
32563.83,wallet,gateway_a,card_expired,959,0.9728,0.943,0,0,0.9669,0.3566,5337,0
36251.61,credit_card,gateway_a,suspected_fraud,414,0.9953,0.321,0,1,0.7745,0.2841,4561,0
90344.52,net_banking,gateway_b,network_timeout,959,0.235,0.2105,0,4,0.8205,0.7939,3524,1
26616.94,wallet,gateway_c,rate_limit,970,0.4303,0.8524,0,4,0.3443,0.7144,3781,0
68067.27,wallet,gateway_b,insufficient_funds,136,0.984,0.344,0,1,0.8791,0.4649,1965,1
57575.99,credit_card,gateway_a,authentication_required,265,0.9218,0.7831,1,3,0.5728,0.6632,6855,1
32493.69,wallet,gateway_b,suspected_fraud,342,0.3659,0.4978,0,2,0.7559,0.4142,1493,0
78599.33,wallet,gateway_a,issuer_unavailable,953,0.4003,0.757,0,1,0.3282,0.2502,4457,1
79854.39,net_banking,gateway_b,temporary_gateway_error,654,0.1921,0.7776,0,2,0.5693,0.709,6437,1
49577.79,debit_card,gateway_b,temporary_gateway_error,506,0.0972,0.5483,0,4,0.5952,0.5074,6651,0
7046.53,net_banking,gateway_c,issuer_unavailable,709,0.9105,0.4392,1,4,0.9587,0.2826,1781,1
86316.27,wallet,gateway_b,rate_limit,471,0.0054,0.5838,0,4,0.4209,0.8333,2059,0
90510.98,upi,gateway_b,issuer_unavailable,616,0.9441,0.1032,0,1,0.5855,0.4448,4891,0
28325.66,net_banking,gateway_c,network_timeout,455,0.7069,0.6269,0,1,0.3802,0.7881,1872,0
57177.08,net_banking,gateway_b,rate_limit,153,0.4467,0.4839,0,2,0.3867,0.852,1743,0
67231.31,wallet,gateway_a,authentication_required,824,0.216,0.106,1,4,0.6845,0.2675,4420,0
10905.89,credit_card,gateway_c,authentication_required,986,0.5557,0.3298,1,2,0.9417,0.8598,706,1
64590.2,upi,gateway_c,temporary_gateway_error,129,0.537,0.2186,0,0,0.5171,0.5852,4342,1
93229.94,upi,gateway_b,insufficient_funds,495,0.5014,0.4928,0,0,0.3214,0.2826,4909,0
11789.01,net_banking,gateway_c,suspected_fraud,513,0.6425,0.4008,0,2,0.7361,0.736,2467,0
35222.79,net_banking,gateway_c,rate_limit,727,0.8045,0.4146,0,2,0.7738,0.5114,1097,1
98988.89,upi,gateway_a,issuer_unavailable,70,0.5155,0.9358,0,1,0.4201,0.4945,2460,1
59636.42,upi,gateway_b,insufficient_funds,773,0.6342,0.8921,0,3,0.3835,0.7626,3734,0
23272.53,debit_card,gateway_b,issuer_unavailable,665,0.0842,0.7873,0,4,0.5125,0.5341,4273,0
3405.76,debit_card,gateway_b,temporary_gateway_error,95,0.0745,0.459,0,4,0.7885,0.8159,2971,1
97810.6,wallet,gateway_c,issuer_unavailable,633,0.7372,0.483,0,4,0.9617,0.4259,6912,1
49832.1,credit_card,gateway_b,card_expired,927,0.0409,0.6115,0,0,0.7284,0.5107,2734,0
8996.88,upi,gateway_a,temporary_gateway_error,691,0.3101,0.8025,0,1,0.8164,0.7074,6733,1
74582.31,upi,gateway_b,insufficient_funds,728,0.6923,0.008,1,2,0.3221,0.741,485,0
8651.38,upi,gateway_c,authentication_required,779,0.0928,0.2218,1,2,0.7848,0.2648,5896,1
60379.04,upi,gateway_a,network_timeout,262,0.5852,0.3594,0,0,0.8902,0.3371,5224,1
16621.45,credit_card,gateway_b,network_timeout,338,0.0286,0.8325,0,0,0.5495,0.6947,5135,1
8879.58,net_banking,gateway_a,issuer_unavailable,878,0.3487,0.2692,0,3,0.9959,0.6524,1780,0
58165.94,wallet,gateway_c,temporary_gateway_error,805,0.9053,0.15,0,3,0.736,0.7378,2892,1
65470.67,wallet,gateway_c,temporary_gateway_error,384,0.6807,0.852,0,3,0.7843,0.5009,2786,1
20234.29,wallet,gateway_b,temporary_gateway_error,261,0.8678,0.642,0,2,0.4283,0.2475,2749,0
6261.73,credit_card,gateway_b,network_timeout,757,0.8937,0.7097,0,2,0.973,0.6901,1948,0
77674.67,upi,gateway_c,authentication_required,982,0.3567,0.3205,1,4,0.8159,0.3685,309,1
73908.96,net_banking,gateway_a,rate_limit,419,0.9445,0.1617,0,1,0.7322,0.6598,4445,0
81426.8,net_banking,gateway_a,temporary_gateway_error,978,0.9397,0.5199,0,1,0.7555,0.2052,2897,1
67532.85,wallet,gateway_c,authentication_required,36,0.5227,0.3659,1,1,0.3804,0.6228,5823,0
27516.06,upi,gateway_b,issuer_unavailable,798,0.7936,0.3609,0,2,0.5575,0.4417,4780,0
82979.27,upi,gateway_c,insufficient_funds,954,0.7135,0.0882,0,1,0.7643,0.6187,1365,0
10635.31,upi,gateway_b,temporary_gateway_error,607,0.3669,0.178,0,1,0.438,0.5385,1715,0
26105.54,wallet,gateway_b,issuer_unavailable,459,0.8429,0.9887,0,2,0.9091,0.6946,3557,1
93632.79,credit_card,gateway_a,temporary_gateway_error,926,0.4584,0.6618,0,3,0.6123,0.4439,5050,1
94281.68,upi,gateway_b,issuer_unavailable,888,0.1944,0.2785,0,1,0.6713,0.5379,83,1
76152.4,wallet,gateway_a,suspected_fraud,199,0.7053,0.3406,0,1,0.3972,0.5221,3388,0
62695.57,net_banking,gateway_c,suspected_fraud,847,0.8287,0.8882,0,0,0.8592,0.8967,932,0
66315.17,wallet,gateway_a,card_expired,103,0.9263,0.8392,0,0,0.5461,0.631,5356,0
63691.65,upi,gateway_b,issuer_unavailable,72,0.096,0.0824,0,0,0.65,0.5502,2973,1
70098.73,net_banking,gateway_a,card_expired,694,0.0343,0.6517,0,4,0.3678,0.7227,5476,0
89427.64,wallet,gateway_c,rate_limit,94,0.5296,0.2467,0,2,0.8228,0.8941,5088,0
91569.97,debit_card,gateway_a,rate_limit,887,0.7234,0.2577,0,0,0.3273,0.3987,3136,1
61693.07,upi,gateway_c,network_timeout,129,0.8739,0.0968,0,1,0.7075,0.4234,3607,0
25343.76,debit_card,gateway_b,temporary_gateway_error,464,0.1134,0.9662,0,1,0.8572,0.7043,1037,1
50111.44,wallet,gateway_b,card_expired,228,0.7913,0.9287,0,4,0.7265,0.7129,48,0
16846.96,wallet,gateway_a,network_timeout,805,0.8763,0.1709,0,2,0.7493,0.5825,201,0
35453.04,upi,gateway_c,authentication_required,154,0.0511,0.5288,1,4,0.8362,0.4752,6616,0
99763.13,credit_card,gateway_a,card_expired,245,0.1682,0.8583,0,4,0.8236,0.3097,6422,0
56198.33,upi,gateway_c,network_timeout,435,0.212,0.2175,0,3,0.6073,0.2233,102,0
16102.82,net_banking,gateway_c,rate_limit,773,0.4926,0.5107,0,4,0.9147,0.303,2835,0
44535.96,debit_card,gateway_b,temporary_gateway_error,542,0.1218,0.0785,0,4,0.9447,0.6886,2947,0
2004.65,wallet,gateway_c,rate_limit,883,0.9585,0.4526,0,3,0.3691,0.3838,2491,1
65393.34,upi,gateway_c,insufficient_funds,25,0.2289,0.0738,0,2,0.3217,0.7698,5783,0
87854.09,wallet,gateway_c,rate_limit,479,0.2394,0.8704,0,2,0.7065,0.5899,1978,1
8488.57,net_banking,gateway_a,issuer_unavailable,466,0.2799,0.0024,0,3,0.6019,0.2779,2626,0
158.15,debit_card,gateway_b,insufficient_funds,785,0.6278,0.5279,0,1,0.3861,0.4498,2330,0
79145.15,net_banking,gateway_b,issuer_unavailable,905,0.2497,0.9144,0,2,0.6522,0.5281,4038,1
33164.43,credit_card,gateway_a,network_timeout,219,0.0866,0.0244,0,4,0.9893,0.5812,1527,1
20160.38,credit_card,gateway_a,insufficient_funds,376,0.205,0.828,0,1,0.6509,0.6617,3794,0
32332.75,upi,gateway_b,rate_limit,975,0.9976,0.7809,0,1,0.6772,0.4463,2933,1
37469.19,wallet,gateway_a,insufficient_funds,545,0.775,0.2089,0,1,0.3365,0.3776,5586,1
47813.95,credit_card,gateway_b,issuer_unavailable,707,0.383,0.6211,0,2,0.5538,0.695,6023,1
51854.2,wallet,gateway_b,network_timeout,971,0.4054,0.873,0,4,0.7813,0.3281,776,0
75666.82,debit_card,gateway_a,card_expired,492,0.537,0.7346,0,3,0.7613,0.6097,4783,0
18238.24,debit_card,gateway_b,insufficient_funds,741,0.5398,0.9006,0,4,0.6833,0.7279,6244,0
78068.93,credit_card,gateway_c,suspected_fraud,786,0.008,0.8636,0,0,0.3121,0.8132,2308,0
54303.19,debit_card,gateway_b,rate_limit,821,0.7818,0.6812,0,0,0.7464,0.3174,4935,1
1947.99,upi,gateway_b,issuer_unavailable,417,0.2271,0.0897,0,4,0.4333,0.7508,1706,0
19047.91,net_banking,gateway_a,suspected_fraud,640,0.7133,0.2333,0,2,0.597,0.3073,3121,0
52789.53,upi,gateway_c,authentication_required,547,0.982,0.0396,1,3,0.5463,0.727,5662,0
63152.3,net_banking,gateway_c,issuer_unavailable,670,0.7476,0.1316,0,4,0.6835,0.2959,6063,0
51316.45,wallet,gateway_a,rate_limit,543,0.292,0.5162,0,2,0.5132,0.8283,1833,1
35023.9,wallet,gateway_c,network_timeout,24,0.9537,0.237,0,0,0.8238,0.354,341,0
4618.12,wallet,gateway_c,rate_limit,381,0.7158,0.9964,0,0,0.9294,0.7035,7164,1
72062.64,upi,gateway_b,card_expired,692,0.2884,0.5572,0,1,0.6964,0.4293,3421,0
40664.95,credit_card,gateway_b,card_expired,639,0.76,0.0841,0,3,0.3786,0.8953,5817,0
73055.09,wallet,gateway_c,insufficient_funds,965,0.6653,0.2681,0,1,0.6955,0.4611,1627,0
86403.04,net_banking,gateway_a,temporary_gateway_error,262,0.9976,0.8054,0,2,0.5446,0.2743,919,1
43108.21,credit_card,gateway_a,issuer_unavailable,674,0.4531,0.8817,0,4,0.9392,0.4472,3772,0
49981.43,wallet,gateway_c,card_expired,867,0.9405,0.2561,0,1,0.9907,0.6099,4707,0
60678.51,debit_card,gateway_a,suspected_fraud,783,0.9669,0.2518,0,3,0.7218,0.2121,7030,0
98444.03,wallet,gateway_a,insufficient_funds,339,0.7819,0.4587,0,0,0.489,0.4985,5459,1
37991.96,credit_card,gateway_a,card_expired,961,0.4189,0.6832,0,4,0.7374,0.8653,6231,0
19185.46,upi,gateway_a,network_timeout,153,0.5854,0.8034,0,4,0.7701,0.5378,5061,0
94655.34,upi,gateway_b,suspected_fraud,769,0.8866,0.3614,0,1,0.4144,0.5578,7143,0
50872.49,debit_card,gateway_a,authentication_required,753,0.8247,0.1995,1,4,0.5762,0.307,2816,1
85214.04,net_banking,gateway_c,authentication_required,953,0.9563,0.9947,1,3,0.5778,0.2575,597,0
3764.7,wallet,gateway_c,rate_limit,536,0.5333,0.1633,0,0,0.5943,0.8734,2842,1
77038.02,debit_card,gateway_b,insufficient_funds,490,0.6034,0.4778,0,2,0.8951,0.3926,1171,0
88206.53,credit_card,gateway_a,authentication_required,949,0.0587,0.6276,1,1,0.7308,0.8161,5636,1
55095.78,wallet,gateway_b,card_expired,357,0.5252,0.3393,0,0,0.8913,0.4727,1126,0
90709.5,wallet,gateway_b,authentication_required,793,0.03,0.9064,1,0,0.6068,0.8321,1359,1
57648.16,credit_card,gateway_b,authentication_required,478,0.3897,0.8097,1,4,0.994,0.2861,6442,0
24127.72,wallet,gateway_c,authentication_required,490,0.0072,0.1346,1,4,0.7953,0.6356,904,1
6907.46,upi,gateway_a,temporary_gateway_error,218,0.9014,0.4473,0,4,0.3775,0.8217,2263,1
70153.33,debit_card,gateway_b,issuer_unavailable,600,0.928,0.9877,0,1,0.7474,0.3027,1631,1
88824.18,debit_card,gateway_b,rate_limit,920,0.2588,0.0957,0,1,0.4214,0.3765,1079,1
32290.88,credit_card,gateway_c,issuer_unavailable,41,0.801,0.2636,0,2,0.6364,0.8806,4658,1
57786.19,credit_card,gateway_c,authentication_required,157,0.2768,0.9077,1,3,0.626,0.5348,6424,0
25390.29,credit_card,gateway_b,temporary_gateway_error,588,0.3212,0.2134,0,4,0.529,0.8562,4078,0
21025.61,upi,gateway_a,insufficient_funds,655,0.6877,0.5813,0,1,0.5345,0.8235,1168,1
89775.77,upi,gateway_c,temporary_gateway_error,33,0.9671,0.8833,0,2,0.9074,0.3197,5106,1
87576.32,debit_card,gateway_a,rate_limit,543,0.7658,0.167,0,4,0.5767,0.5695,6035,0
30322.14,credit_card,gateway_c,card_expired,339,0.9167,0.1376,0,2,0.8844,0.6693,6908,0
94645.0,wallet,gateway_a,issuer_unavailable,926,0.6391,0.7279,0,1,0.8132,0.326,5828,0
20059.87,debit_card,gateway_b,network_timeout,120,0.2403,0.5077,0,4,0.9751,0.2308,4795,1
80455.74,debit_card,gateway_c,rate_limit,286,0.1915,0.1529,0,1,0.7957,0.4178,5183,1
97508.39,net_banking,gateway_a,network_timeout,749,0.803,0.9777,0,4,0.8228,0.2848,497,1
55879.61,net_banking,gateway_a,temporary_gateway_error,380,0.5144,0.2452,0,4,0.3408,0.8858,2970,0
95183.6,wallet,gateway_a,issuer_unavailable,460,0.4204,0.8934,1,2,0.488,0.7269,3508,0
40752.75,net_banking,gateway_b,issuer_unavailable,564,0.5741,0.6351,0,1,0.4411,0.3332,1793,0
32746.26,wallet,gateway_a,rate_limit,432,0.9682,0.1453,0,4,0.8597,0.4355,6907,0
12171.57,debit_card,gateway_a,issuer_unavailable,125,0.0093,0.9784,0,1,0.7054,0.6334,2313,1
54773.05,debit_card,gateway_a,rate_limit,843,0.1296,0.8583,0,2,0.4008,0.5849,3526,1
88009.35,credit_card,gateway_b,rate_limit,471,0.0798,0.3021,0,3,0.4701,0.5545,6763,0
43805.01,credit_card,gateway_c,card_expired,660,0.882,0.6541,0,3,0.5457,0.4718,2315,0
30287.14,credit_card,gateway_c,suspected_fraud,503,0.0864,0.4835,0,1,0.4891,0.5661,6032,0
35196.34,debit_card,gateway_b,card_expired,520,0.8054,0.4527,0,0,0.5976,0.7083,4290,1
92309.32,upi,gateway_c,temporary_gateway_error,624,0.4864,0.772,0,2,0.4366,0.2869,3364,1
46872.19,net_banking,gateway_b,card_expired,941,0.1768,0.244,0,1,0.6524,0.2865,393,0
56950.17,upi,gateway_a,issuer_unavailable,228,0.2712,0.2841,0,0,0.7845,0.2776,6954,1
23515.17,credit_card,gateway_c,issuer_unavailable,941,0.1368,0.8798,0,0,0.6477,0.3809,5355,0
52579.07,wallet,gateway_b,card_expired,66,0.193,0.0561,0,2,0.8979,0.6573,3661,0
64027.16,net_banking,gateway_c,network_timeout,455,0.8154,0.3102,0,0,0.7464,0.5504,836,1
4316.53,upi,gateway_b,card_expired,757,0.3523,0.4766,0,1,0.896,0.296,4155,0
88644.79,debit_card,gateway_a,rate_limit,786,0.8341,0.5687,0,2,0.6852,0.2133,2714,0
32630.97,wallet,gateway_b,authentication_required,686,0.4836,0.004,1,4,0.6695,0.7074,2045,0
6198.87,credit_card,gateway_b,card_expired,721,0.365,0.6471,0,4,0.5411,0.2367,5434,0
93256.47,net_banking,gateway_a,card_expired,972,0.4564,0.6119,0,3,0.3802,0.6696,3842,0
31254.27,credit_card,gateway_b,authentication_required,95,0.4028,0.4817,1,4,0.6336,0.7621,2578,1
79349.47,net_banking,gateway_b,temporary_gateway_error,590,0.3153,0.9365,0,2,0.3953,0.8241,359,1
69227.96,upi,gateway_c,authentication_required,582,0.6534,0.3488,1,4,0.3064,0.3843,4768,1
14667.73,upi,gateway_b,insufficient_funds,556,0.1807,0.4143,0,1,0.8656,0.4218,3168,0
23497.76,upi,gateway_c,temporary_gateway_error,317,0.3026,0.7424,0,1,0.7812,0.4808,7040,0
76314.83,debit_card,gateway_b,authentication_required,285,0.5436,0.0544,1,4,0.5563,0.6091,6095,0
96804.94,credit_card,gateway_a,issuer_unavailable,535,0.7807,0.473,0,4,0.5672,0.7058,6340,0
95692.29,net_banking,gateway_c,insufficient_funds,742,0.3299,0.8272,0,2,0.4207,0.3829,238,0
82705.86,net_banking,gateway_b,issuer_unavailable,85,0.0722,0.2994,0,4,0.9086,0.3453,6064,0
92680.33,net_banking,gateway_c,issuer_unavailable,778,0.5286,0.7832,0,0,0.8468,0.7986,5661,1
16988.12,wallet,gateway_c,authentication_required,777,0.9299,0.0358,1,0,0.7617,0.7706,4507,1
99379.33,wallet,gateway_a,issuer_unavailable,679,0.4299,0.635,0,3,0.349,0.4258,5422,1
59483.38,net_banking,gateway_a,issuer_unavailable,705,0.0646,0.3704,0,1,0.3716,0.6531,4337,0
45035.93,wallet,gateway_b,network_timeout,120,0.1034,0.2543,0,3,0.8057,0.2537,5736,0
78584.22,credit_card,gateway_b,insufficient_funds,129,0.3764,0.7509,0,3,0.851,0.6837,816,0
7487.68,net_banking,gateway_c,issuer_unavailable,646,0.8225,0.0837,0,2,0.8539,0.4472,4879,0
44456.13,credit_card,gateway_c,network_timeout,753,0.199,0.3489,0,0,0.9119,0.8697,2491,0
90678.98,net_banking,gateway_b,rate_limit,708,0.7733,0.0802,0,4,0.3496,0.6126,1977,1
60995.19,credit_card,gateway_a,card_expired,116,0.8872,0.9693,0,3,0.6938,0.222,2071,0
45556.93,debit_card,gateway_b,suspected_fraud,195,0.9866,0.2074,0,1,0.6791,0.8337,1833,0
7499.11,credit_card,gateway_c,authentication_required,598,0.6021,0.8214,1,3,0.3714,0.8374,6019,0
34771.31,net_banking,gateway_c,authentication_required,751,0.6207,0.353,1,4,0.7147,0.6035,95,1
16011.71,wallet,gateway_a,network_timeout,301,0.372,0.683,0,1,0.5901,0.3281,5057,1
44653.68,upi,gateway_b,suspected_fraud,154,0.4825,0.5024,0,0,0.3085,0.5338,5136,0
33859.92,upi,gateway_a,rate_limit,906,0.4933,0.8499,0,3,0.4608,0.3282,2855,0
32476.1,wallet,gateway_c,insufficient_funds,505,0.2875,0.4553,0,2,0.504,0.6867,993,0
37503.09,credit_card,gateway_b,insufficient_funds,683,0.984,0.8921,0,2,0.7,0.5457,5597,1
45265.48,debit_card,gateway_a,insufficient_funds,986,0.6086,0.9449,0,2,0.9849,0.4307,496,0
86053.12,credit_card,gateway_a,card_expired,20,0.906,0.1654,0,2,0.5704,0.3792,5946,0
28726.09,debit_card,gateway_c,suspected_fraud,64,0.5394,0.1294,0,1,0.4998,0.5736,5408,0
41950.18,net_banking,gateway_a,rate_limit,660,0.1694,0.471,0,1,0.581,0.6322,6776,1
6365.08,credit_card,gateway_a,card_expired,279,0.6749,0.6414,0,2,0.5569,0.598,3518,0
47294.62,wallet,gateway_a,card_expired,438,0.7033,0.7807,0,0,0.3596,0.4288,784,0
28844.76,net_banking,gateway_b,suspected_fraud,24,0.6427,0.5644,0,1,0.4728,0.713,4941,0
35763.62,upi,gateway_c,insufficient_funds,795,0.1961,0.2045,0,0,0.8097,0.3887,5685,1
68414.07,credit_card,gateway_a,temporary_gateway_error,548,0.7023,0.7083,0,0,0.8791,0.505,2995,1
92150.33,upi,gateway_b,insufficient_funds,383,0.6898,0.5981,0,0,0.7187,0.3627,556,0
66217.75,net_banking,gateway_b,suspected_fraud,491,0.6813,0.5543,0,2,0.6588,0.38,5900,0
72036.93,credit_card,gateway_c,temporary_gateway_error,481,0.6343,0.1572,0,0,0.8191,0.527,5208,1
23384.68,upi,gateway_a,network_timeout,42,0.4136,0.8149,0,0,0.7478,0.4473,5393,1
39345.74,upi,gateway_a,network_timeout,156,0.8187,0.9555,0,3,0.7427,0.8656,1663,0
44070.48,wallet,gateway_c,authentication_required,987,0.3647,0.0867,1,0,0.6893,0.7596,5072,0
34454.74,wallet,gateway_b,rate_limit,302,0.7572,0.4977,0,0,0.8605,0.8467,2700,0
81183.63,net_banking,gateway_a,temporary_gateway_error,216,0.5796,0.5942,0,2,0.9794,0.7083,110,1
7071.45,upi,gateway_c,network_timeout,611,0.4516,0.7724,0,2,0.5582,0.7998,5662,0
26445.36,net_banking,gateway_b,temporary_gateway_error,992,0.8177,0.8517,1,0,0.4524,0.5558,5949,1
24437.98,upi,gateway_c,network_timeout,510,0.2998,0.6153,0,2,0.7141,0.8934,2940,1
98922.34,upi,gateway_a,card_expired,927,0.673,0.5448,0,0,0.8838,0.8871,4492,0
88454.14,debit_card,gateway_c,network_timeout,864,0.7167,0.1037,0,2,0.5599,0.3755,3377,1
16278.79,upi,gateway_c,network_timeout,519,0.0482,0.4106,0,2,0.348,0.6815,5321,1
29487.43,upi,gateway_c,issuer_unavailable,936,0.0544,0.881,0,3,0.9157,0.4844,2612,0
28710.46,net_banking,gateway_c,temporary_gateway_error,90,0.8681,0.2313,0,3,0.5904,0.5012,2268,1
24584.17,wallet,gateway_a,network_timeout,616,0.2941,0.1309,0,3,0.7249,0.3846,3977,0
83220.59,debit_card,gateway_a,temporary_gateway_error,54,0.6952,0.3035,0,1,0.8074,0.4517,6024,0
6442.29,upi,gateway_a,authentication_required,672,0.9368,0.0837,1,3,0.8878,0.6176,4951,0
19465.77,debit_card,gateway_b,suspected_fraud,408,0.6413,0.3147,0,0,0.447,0.719,4320,0
47863.31,upi,gateway_a,suspected_fraud,377,0.5488,0.7657,0,2,0.4466,0.7458,5312,0
12242.96,debit_card,gateway_c,network_timeout,834,0.6232,0.8413,0,2,0.6896,0.6521,6194,1
59811.39,net_banking,gateway_b,issuer_unavailable,257,0.1127,0.3472,0,1,0.6822,0.8425,4326,0
66432.11,net_banking,gateway_b,card_expired,706,0.3137,0.4154,0,1,0.5117,0.5842,4684,0
26839.85,net_banking,gateway_c,temporary_gateway_error,524,0.6022,0.8502,0,1,0.9437,0.3032,2270,1
31195.23,credit_card,gateway_c,insufficient_funds,426,0.2413,0.0126,1,0,0.8144,0.6889,6653,0
6239.6,net_banking,gateway_c,rate_limit,928,0.4288,0.4534,0,4,0.519,0.7985,1472,0
95460.77,upi,gateway_c,rate_limit,891,0.8874,0.2122,0,0,0.7841,0.2335,4728,1
92718.87,debit_card,gateway_c,card_expired,570,0.6174,0.2433,0,0,0.8684,0.6281,3812,0
29622.72,upi,gateway_c,insufficient_funds,548,0.4698,0.0223,0,1,0.681,0.2373,4753,0
15105.14,upi,gateway_c,issuer_unavailable,21,0.3354,0.7797,0,2,0.6797,0.7309,6800,0
58327.45,debit_card,gateway_a,issuer_unavailable,354,0.0845,0.7935,1,0,0.8562,0.6469,6256,0
5664.93,wallet,gateway_b,rate_limit,742,0.1804,0.0204,0,0,0.4348,0.6976,2355,0
76193.05,wallet,gateway_c,authentication_required,830,0.9025,0.8064,1,1,0.4298,0.4813,850,1
52467.58,wallet,gateway_b,card_expired,879,0.3872,0.9065,0,4,0.9308,0.5147,3208,0
82938.1,debit_card,gateway_c,rate_limit,639,0.8119,0.5365,0,4,0.6971,0.6824,3806,1
35585.24,net_banking,gateway_a,temporary_gateway_error,32,0.6437,0.6136,0,1,0.623,0.8813,7188,1
67811.2,debit_card,gateway_c,rate_limit,212,0.9663,0.4411,1,1,0.3842,0.2622,4718,1
3464.42,wallet,gateway_c,suspected_fraud,546,0.4894,0.911,0,3,0.58,0.5315,6631,0
11530.39,credit_card,gateway_c,issuer_unavailable,924,0.0294,0.3829,0,3,0.9817,0.3162,604,0
49167.84,debit_card,gateway_b,insufficient_funds,772,0.6597,0.5717,0,1,0.5818,0.8337,949,0
84060.3,credit_card,gateway_b,insufficient_funds,832,0.802,0.8148,0,4,0.5687,0.8779,397,0
36249.34,net_banking,gateway_c,issuer_unavailable,227,0.9784,0.3617,0,2,0.9769,0.3809,1755,0
94697.87,debit_card,gateway_b,issuer_unavailable,380,0.8721,0.5998,0,0,0.8326,0.6673,2128,1
82900.39,credit_card,gateway_b,rate_limit,630,0.682,0.4791,0,4,0.3218,0.8606,2752,1
35779.89,upi,gateway_b,network_timeout,368,0.6856,0.6704,0,3,0.9118,0.8697,516,0
48721.07,credit_card,gateway_b,card_expired,941,0.7589,0.0602,0,4,0.8461,0.4883,6038,0
39725.31,net_banking,gateway_c,issuer_unavailable,789,0.2733,0.1836,0,3,0.3397,0.7829,2443,0
34154.27,wallet,gateway_a,network_timeout,611,0.0139,0.0023,0,4,0.7202,0.2934,3782,0
12009.29,wallet,gateway_a,rate_limit,828,0.6142,0.5024,0,3,0.4462,0.6263,5399,1
55332.68,credit_card,gateway_a,temporary_gateway_error,283,0.7427,0.6504,0,4,0.5429,0.6963,6204,1
86041.27,credit_card,gateway_a,rate_limit,921,0.3521,0.315,0,4,0.9049,0.206,1637,1
31850.58,credit_card,gateway_c,suspected_fraud,869,0.64,0.1075,0,3,0.7339,0.6156,2077,0
63263.28,net_banking,gateway_c,issuer_unavailable,984,0.5526,0.3273,0,3,0.3264,0.4441,6618,0
58274.13,upi,gateway_b,network_timeout,723,0.1283,0.7193,0,3,0.3251,0.894,219,1
31075.25,upi,gateway_a,suspected_fraud,565,0.7115,0.7599,0,3,0.6826,0.469,1876,0
89455.86,net_banking,gateway_c,issuer_unavailable,23,0.1018,0.7867,0,1,0.9598,0.6553,450,1
59641.91,net_banking,gateway_b,rate_limit,386,0.2966,0.4534,0,2,0.6311,0.2128,5127,0
84648.45,credit_card,gateway_c,temporary_gateway_error,714,0.5978,0.4542,0,4,0.3766,0.6232,4716,1
15200.82,upi,gateway_b,authentication_required,112,0.4709,0.7098,1,2,0.6484,0.7592,1717,0
22093.91,upi,gateway_b,authentication_required,142,0.149,0.9728,1,4,0.4061,0.344,623,0
79110.54,debit_card,gateway_c,card_expired,430,0.7947,0.8955,0,1,0.953,0.2108,7102,0
84332.11,net_banking,gateway_b,temporary_gateway_error,680,0.6883,0.2896,0,1,0.7602,0.3414,455,0
17561.02,net_banking,gateway_a,authentication_required,798,0.8375,0.053,1,1,0.4349,0.2885,3096,0
64435.24,debit_card,gateway_b,insufficient_funds,23,0.0795,0.6102,0,1,0.3576,0.6366,6334,0
68102.86,net_banking,gateway_a,card_expired,264,0.7672,0.5547,0,1,0.3889,0.4769,876,0
8212.33,credit_card,gateway_a,temporary_gateway_error,99,0.0524,0.0331,0,2,0.598,0.3307,6732,1
92932.22,wallet,gateway_b,suspected_fraud,254,0.0306,0.3086,0,0,0.777,0.2872,21,0
77101.17,net_banking,gateway_c,issuer_unavailable,200,0.7685,0.2975,0,1,0.4586,0.2271,881,0
4929.56,wallet,gateway_c,rate_limit,270,0.3462,0.3925,0,2,0.7299,0.5726,308,0
10271.81,debit_card,gateway_c,rate_limit,148,0.6306,0.5458,0,2,0.3297,0.5965,987,1
80351.43,wallet,gateway_b,insufficient_funds,196,0.5978,0.132,0,0,0.5224,0.6763,4244,1
23493.5,debit_card,gateway_c,card_expired,359,0.0853,0.968,0,3,0.3417,0.7914,6166,0
80653.64,net_banking,gateway_c,temporary_gateway_error,536,0.634,0.8998,0,4,0.9879,0.817,400,1
88203.89,net_banking,gateway_c,suspected_fraud,477,0.098,0.4806,0,3,0.9713,0.701,166,0
26990.18,upi,gateway_a,rate_limit,593,0.6803,0.5973,0,0,0.5083,0.4777,5858,1
31321.2,wallet,gateway_c,network_timeout,61,0.9725,0.9575,0,4,0.9437,0.2091,5969,0
82735.35,credit_card,gateway_a,card_expired,40,0.6912,0.8168,1,3,0.3831,0.2554,5451,0
74139.94,wallet,gateway_b,rate_limit,893,0.0167,0.5117,0,3,0.5569,0.4272,6428,0
78073.96,credit_card,gateway_a,network_timeout,264,0.5216,0.1926,0,3,0.6786,0.8655,6887,1
83877.18,debit_card,gateway_a,rate_limit,57,0.2812,0.6905,0,4,0.6375,0.3721,6412,1
70121.82,debit_card,gateway_c,suspected_fraud,127,0.8537,0.1488,0,2,0.5479,0.557,4512,0
53506.72,debit_card,gateway_b,issuer_unavailable,941,0.0025,0.5962,0,4,0.3676,0.2424,6207,0
744.56,net_banking,gateway_a,card_expired,815,0.3365,0.9203,0,1,0.8159,0.6206,5500,0
81729.12,credit_card,gateway_b,card_expired,574,0.782,0.4938,0,2,0.5971,0.4553,2459,0
93059.07,debit_card,gateway_c,authentication_required,833,0.8617,0.914,1,4,0.9243,0.5109,3139,1
6451.98,credit_card,gateway_a,card_expired,204,0.3598,0.9793,0,0,0.8673,0.8028,6574,0
12069.41,wallet,gateway_b,card_expired,489,0.3428,0.2842,0,3,0.9902,0.3853,3463,0
66538.13,credit_card,gateway_a,suspected_fraud,319,0.9604,0.6346,0,3,0.5057,0.8492,6650,0
27911.99,debit_card,gateway_b,rate_limit,694,0.798,0.6301,0,1,0.6458,0.4511,3122,1
55444.78,upi,gateway_a,insufficient_funds,638,0.2101,0.9017,0,2,0.8641,0.5678,5664,0
42056.28,debit_card,gateway_a,network_timeout,820,0.869,0.449,0,3,0.5716,0.8338,4559,1
81260.54,wallet,gateway_a,temporary_gateway_error,114,0.8711,0.1624,0,0,0.816,0.8446,5440,1
59359.93,debit_card,gateway_b,insufficient_funds,702,0.3646,0.2543,0,0,0.7413,0.8281,6468,0
79176.67,wallet,gateway_a,issuer_unavailable,367,0.4482,0.9978,0,4,0.8835,0.8368,2954,1
75732.83,upi,gateway_c,authentication_required,95,0.8057,0.211,1,3,0.5626,0.7181,3449,1
26631.35,upi,gateway_c,issuer_unavailable,73,0.8435,0.2245,0,0,0.6519,0.3883,336,1
4688.37,net_banking,gateway_b,authentication_required,216,0.3909,0.8798,1,2,0.8207,0.8675,790,1
76979.83,debit_card,gateway_a,rate_limit,937,0.2467,0.6419,0,4,0.7687,0.5844,2909,0
51709.73,upi,gateway_c,authentication_required,676,0.1523,0.531,1,2,0.7389,0.5743,364,0
43311.25,net_banking,gateway_b,issuer_unavailable,666,0.3033,0.3878,0,3,0.8731,0.8804,725,0
8925.0,credit_card,gateway_a,suspected_fraud,64,0.8788,0.4422,0,2,0.7116,0.6717,2612,0
79991.62,net_banking,gateway_b,card_expired,41,0.0588,0.5221,0,0,0.3767,0.7326,7008,0
4447.46,wallet,gateway_b,insufficient_funds,973,0.8217,0.6077,0,1,0.5426,0.8002,1729,0
42311.49,wallet,gateway_c,issuer_unavailable,919,0.8957,0.0185,0,2,0.7656,0.356,5759,0
60254.28,debit_card,gateway_c,temporary_gateway_error,936,0.2396,0.0554,0,0,0.5188,0.5279,5245,1
69338.61,wallet,gateway_c,authentication_required,287,0.273,0.325,1,3,0.394,0.7722,1051,0
85054.64,debit_card,gateway_c,insufficient_funds,579,0.7122,0.8804,0,2,0.516,0.832,4768,1
19183.55,net_banking,gateway_b,temporary_gateway_error,382,0.3514,0.7503,0,3,0.3066,0.4211,2357,1
40237.87,upi,gateway_c,issuer_unavailable,981,0.5461,0.0727,0,3,0.8861,0.4838,383,1
49593.01,wallet,gateway_a,card_expired,858,0.4206,0.4616,0,4,0.8554,0.2215,2656,0
55716.21,debit_card,gateway_a,rate_limit,231,0.3488,0.5333,0,0,0.4702,0.538,6811,1
36711.39,net_banking,gateway_b,insufficient_funds,115,0.6144,0.0356,1,0,0.9092,0.5939,6367,1
34692.14,debit_card,gateway_c,issuer_unavailable,727,0.8119,0.3542,0,1,0.8095,0.4444,1617,0
15705.75,net_banking,gateway_a,issuer_unavailable,888,0.8245,0.583,0,3,0.3645,0.5245,1204,1
43652.04,wallet,gateway_c,rate_limit,463,0.9219,0.5778,0,4,0.6237,0.6058,7081,1
77603.19,net_banking,gateway_a,issuer_unavailable,636,0.2484,0.9423,0,4,0.3062,0.5624,5948,0
11506.84,net_banking,gateway_c,authentication_required,716,0.015,0.3687,1,1,0.4763,0.229,1704,0
29254.22,net_banking,gateway_c,authentication_required,595,0.4974,0.9931,1,1,0.9622,0.777,5849,0
85803.64,credit_card,gateway_c,card_expired,766,0.2822,0.2694,0,4,0.9794,0.3355,2037,0
55303.84,credit_card,gateway_c,rate_limit,746,0.5863,0.2083,0,0,0.3986,0.3337,2731,1
60184.73,upi,gateway_a,rate_limit,91,0.8675,0.3364,0,1,0.7295,0.895,4951,1
97279.18,credit_card,gateway_a,insufficient_funds,492,0.6615,0.0423,0,0,0.9751,0.8889,7109,0
57244.73,upi,gateway_a,temporary_gateway_error,93,0.7933,0.7491,0,3,0.4861,0.7669,2754,0
5645.94,upi,gateway_c,temporary_gateway_error,903,0.6894,0.6714,0,2,0.7323,0.6971,4828,1
25253.59,debit_card,gateway_a,authentication_required,732,0.2426,0.9312,1,1,0.7435,0.23,2901,1
75490.33,debit_card,gateway_b,authentication_required,74,0.4024,0.8581,1,0,0.8442,0.7343,4813,0
39999.39,debit_card,gateway_c,issuer_unavailable,70,0.195,0.5581,0,3,0.5709,0.7824,4408,0
8099.28,debit_card,gateway_b,temporary_gateway_error,832,0.616,0.5808,0,2,0.5454,0.6323,4356,1
53777.62,debit_card,gateway_b,network_timeout,87,0.8218,0.0446,0,3,0.7765,0.3084,3272,0
25189.88,upi,gateway_a,authentication_required,116,0.9253,0.4034,1,2,0.4262,0.5544,2745,1
75311.73,credit_card,gateway_c,card_expired,901,0.3523,0.2865,0,0,0.7085,0.3161,6659,0
1839.15,upi,gateway_c,suspected_fraud,971,0.1149,0.4135,0,4,0.303,0.6255,4219,0
18475.9,wallet,gateway_a,card_expired,56,0.9444,0.6804,0,0,0.41,0.8709,5221,0
55715.17,wallet,gateway_b,suspected_fraud,805,0.3277,0.1331,0,1,0.7887,0.5194,6458,0
59331.03,upi,gateway_b,insufficient_funds,540,0.7378,0.2428,0,0,0.4439,0.4329,2220,0
27620.58,credit_card,gateway_c,card_expired,542,0.401,0.8277,0,0,0.4977,0.2149,4881,0
10234.61,net_banking,gateway_c,issuer_unavailable,827,0.9866,0.7376,0,3,0.4908,0.8679,5740,1
1989.72,net_banking,gateway_b,authentication_required,638,0.296,0.1021,1,3,0.3741,0.3295,3121,0
62537.07,credit_card,gateway_c,rate_limit,79,0.718,0.9779,0,4,0.749,0.6168,6971,1
86168.77,wallet,gateway_b,insufficient_funds,149,0.0286,0.3591,0,2,0.9709,0.8033,2420,0
57822.96,debit_card,gateway_c,authentication_required,939,0.7907,0.8678,1,1,0.6526,0.2991,5480,0
77290.43,net_banking,gateway_a,insufficient_funds,740,0.2461,0.2857,0,0,0.4244,0.6499,2932,1
59047.35,net_banking,gateway_c,card_expired,670,0.9934,0.2773,0,3,0.8988,0.7617,5497,0
10665.98,upi,gateway_a,card_expired,680,0.0596,0.0332,0,3,0.7366,0.5219,6603,0
5523.72,wallet,gateway_c,rate_limit,121,0.9051,0.0994,0,0,0.6651,0.2683,3985,0
92891.32,net_banking,gateway_b,network_timeout,491,0.9124,0.1839,0,2,0.3696,0.3656,6833,1
78046.03,net_banking,gateway_a,temporary_gateway_error,904,0.1468,0.3217,0,3,0.708,0.4362,7009,1
71246.9,debit_card,gateway_a,insufficient_funds,558,0.6236,0.4705,1,3,0.8069,0.3262,4947,0
60316.58,wallet,gateway_b,temporary_gateway_error,675,0.7007,0.3243,0,0,0.4623,0.6809,3403,0
95424.7,credit_card,gateway_b,authentication_required,927,0.1319,0.4778,1,1,0.9747,0.5962,1505,0
67332.82,wallet,gateway_b,suspected_fraud,874,0.2406,0.2294,0,3,0.3274,0.509,6347,0
61610.97,credit_card,gateway_c,issuer_unavailable,88,0.0104,0.3189,0,2,0.5554,0.71,297,0
50084.9,upi,gateway_b,issuer_unavailable,910,0.8759,0.0636,0,4,0.5482,0.5448,3909,0
56850.45,net_banking,gateway_a,insufficient_funds,192,0.6187,0.498,0,4,0.9948,0.866,6796,0
32011.39,upi,gateway_b,network_timeout,949,0.4556,0.2016,0,0,0.5297,0.7364,6018,0
85081.87,debit_card,gateway_c,issuer_unavailable,848,0.1718,0.1217,0,3,0.5325,0.8557,1680,1
29560.92,upi,gateway_b,suspected_fraud,361,0.3701,0.26,0,2,0.6777,0.8295,5846,0
82860.12,upi,gateway_b,card_expired,629,0.985,0.5957,0,3,0.3298,0.4496,710,0
25304.35,credit_card,gateway_b,temporary_gateway_error,986,0.641,0.3931,0,3,0.9477,0.7191,5438,1
40336.83,upi,gateway_a,rate_limit,906,0.7623,0.802,0,2,0.8316,0.6433,179,1
15015.13,net_banking,gateway_c,temporary_gateway_error,745,0.7136,0.0075,0,3,0.6546,0.8753,2935,0
70986.37,debit_card,gateway_a,temporary_gateway_error,523,0.8222,0.3197,0,3,0.9487,0.8305,809,1
37898.38,upi,gateway_a,network_timeout,172,0.045,0.8228,0,0,0.9319,0.2139,3711,1
80947.52,wallet,gateway_a,network_timeout,235,0.2009,0.7625,0,1,0.4639,0.7875,4316,1
79462.1,upi,gateway_c,insufficient_funds,106,0.601,0.9626,0,1,0.936,0.2903,588,1
72213.09,credit_card,gateway_c,rate_limit,279,0.2611,0.4136,0,0,0.6687,0.5891,5649,1
34953.67,wallet,gateway_c,suspected_fraud,390,0.2424,0.9602,0,3,0.4348,0.5363,438,0
30858.93,net_banking,gateway_a,suspected_fraud,362,0.7867,0.5244,0,4,0.9274,0.7923,2678,0
9241.74,wallet,gateway_b,network_timeout,139,0.0186,0.125,0,0,0.6256,0.373,273,0
76622.87,wallet,gateway_b,card_expired,391,0.9256,0.8959,0,0,0.5359,0.7151,4411,0
28664.37,debit_card,gateway_a,rate_limit,278,0.9832,0.5403,0,1,0.5054,0.6105,4445,1
44343.27,upi,gateway_a,insufficient_funds,585,0.3872,0.4551,0,4,0.9459,0.577,1298,0
14611.27,credit_card,gateway_a,card_expired,738,0.9007,0.5189,0,3,0.9423,0.6691,5738,0
93989.61,upi,gateway_c,authentication_required,207,0.1708,0.7018,1,3,0.4433,0.6316,3910,0
752.55,wallet,gateway_c,insufficient_funds,880,0.6269,0.2671,0,0,0.3203,0.3292,6993,0
26739.68,net_banking,gateway_b,authentication_required,743,0.7652,0.8027,1,3,0.3229,0.8246,5428,0
2540.91,upi,gateway_b,card_expired,599,0.1628,0.5477,0,3,0.3622,0.6203,4953,0
91723.82,debit_card,gateway_c,card_expired,536,0.7505,0.4445,0,2,0.5891,0.8772,6462,0
52630.9,wallet,gateway_b,authentication_required,155,0.6253,0.1313,1,3,0.8712,0.658,6390,1
85331.06,wallet,gateway_b,insufficient_funds,721,0.3654,0.4842,0,4,0.5162,0.3668,6116,0
62334.53,upi,gateway_a,suspected_fraud,835,0.9247,0.0801,1,3,0.8671,0.8352,2612,0
90205.98,debit_card,gateway_b,issuer_unavailable,584,0.4077,0.2435,0,1,0.7719,0.7043,780,1
15687.86,net_banking,gateway_c,suspected_fraud,40,0.0998,0.1059,0,0,0.3939,0.7568,1699,0
22115.3,debit_card,gateway_c,issuer_unavailable,156,0.0799,0.6801,0,1,0.8547,0.2134,1068,1
2874.35,credit_card,gateway_b,network_timeout,560,0.1554,0.0685,0,3,0.6399,0.2558,6075,1
28187.46,upi,gateway_c,suspected_fraud,351,0.5002,0.9425,0,4,0.8497,0.4762,1471,0
67930.53,net_banking,gateway_b,insufficient_funds,375,0.7132,0.5657,0,1,0.3391,0.532,3939,1
47611.67,credit_card,gateway_a,insufficient_funds,418,0.0479,0.1372,0,3,0.6405,0.7408,6968,0
2216.09,credit_card,gateway_a,issuer_unavailable,388,0.9195,0.3248,0,1,0.8158,0.6259,4988,1
35315.79,wallet,gateway_c,suspected_fraud,306,0.8432,0.9352,0,3,0.9086,0.3286,3839,0
39978.8,net_banking,gateway_a,suspected_fraud,260,0.7596,0.4306,0,0,0.8533,0.4337,6153,0
41003.87,net_banking,gateway_c,rate_limit,112,0.7353,0.2945,0,0,0.5291,0.557,307,1
89549.15,upi,gateway_a,temporary_gateway_error,606,0.5246,0.2323,0,0,0.9056,0.8173,4324,1
70766.57,credit_card,gateway_a,card_expired,952,0.9579,0.9957,0,0,0.3362,0.2105,6026,0
38897.15,credit_card,gateway_a,temporary_gateway_error,32,0.0868,0.2087,0,3,0.6947,0.6543,2390,1
5868.78,wallet,gateway_b,temporary_gateway_error,876,0.9761,0.9035,0,2,0.4209,0.856,5542,1
46172.78,upi,gateway_c,insufficient_funds,801,0.745,0.3302,0,2,0.9842,0.2685,5719,0
31267.42,upi,gateway_b,rate_limit,34,0.7241,0.132,0,4,0.7146,0.399,1905,0
34367.55,credit_card,gateway_c,card_expired,519,0.5855,0.5796,0,0,0.466,0.2264,243,0
52781.86,credit_card,gateway_a,rate_limit,122,0.4152,0.7696,0,0,0.3215,0.5757,4048,1
90850.27,upi,gateway_b,network_timeout,607,0.9406,0.2086,0,2,0.3548,0.2074,1071,0
93891.81,upi,gateway_c,suspected_fraud,867,0.7439,0.9178,0,1,0.776,0.6197,6166,0
92898.82,wallet,gateway_b,network_timeout,193,0.0808,0.2726,0,3,0.7632,0.4794,698,0
50828.66,wallet,gateway_a,authentication_required,393,0.8346,0.2443,1,4,0.9522,0.6226,3912,0
62966.77,upi,gateway_b,insufficient_funds,942,0.7373,0.9056,0,0,0.4809,0.719,560,0
31384.57,wallet,gateway_a,network_timeout,629,0.6614,0.4373,0,2,0.6813,0.3361,7100,1
68851.99,credit_card,gateway_a,network_timeout,904,0.6759,0.8776,0,2,0.6767,0.5728,3150,1
70211.38,credit_card,gateway_a,suspected_fraud,66,0.204,0.4539,0,1,0.8563,0.4936,2209,0
8935.92,credit_card,gateway_c,rate_limit,428,0.4002,0.6264,0,0,0.3164,0.8103,2044,1
71084.69,upi,gateway_c,suspected_fraud,282,0.1349,0.5803,0,2,0.5158,0.3863,6427,0
96454.9,debit_card,gateway_c,suspected_fraud,54,0.1913,0.0283,0,0,0.4596,0.4768,3395,0
94693.85,credit_card,gateway_b,rate_limit,702,0.6387,0.4728,0,1,0.3367,0.6672,5559,1
21645.59,debit_card,gateway_c,insufficient_funds,865,0.9316,0.0958,0,3,0.8418,0.5439,4803,0
12712.78,wallet,gateway_a,network_timeout,159,0.0859,0.8754,0,0,0.8105,0.7124,6778,1
93102.59,credit_card,gateway_c,authentication_required,493,0.9939,0.323,1,0,0.701,0.2477,4474,1
45441.61,wallet,gateway_b,rate_limit,483,0.7008,0.7807,0,1,0.6108,0.5313,3254,0
62312.61,wallet,gateway_b,network_timeout,298,0.9004,0.1709,0,1,0.7797,0.2368,2985,1
65956.02,net_banking,gateway_b,temporary_gateway_error,102,0.2018,0.7252,0,4,0.9949,0.6298,69,1
67051.33,upi,gateway_c,network_timeout,506,0.6581,0.7086,0,0,0.5132,0.7581,3051,0
43804.18,wallet,gateway_c,suspected_fraud,584,0.7056,0.3221,0,0,0.6759,0.7788,2726,0
40891.84,upi,gateway_c,temporary_gateway_error,644,0.4357,0.592,0,1,0.7881,0.2377,876,0
49388.15,debit_card,gateway_a,suspected_fraud,281,0.3219,0.6287,0,0,0.9993,0.2851,3510,0
81389.26,upi,gateway_a,suspected_fraud,297,0.3938,0.8213,0,0,0.345,0.401,6164,0
48230.53,credit_card,gateway_b,suspected_fraud,37,0.5047,0.9203,0,2,0.3024,0.8385,2297,0
81525.3,upi,gateway_a,card_expired,405,0.4201,0.8515,0,1,0.9335,0.4755,5298,0
92964.74,debit_card,gateway_c,issuer_unavailable,319,0.2342,0.7208,0,2,0.8181,0.8811,5531,0
3805.75,wallet,gateway_a,rate_limit,149,0.2715,0.9461,0,1,0.3249,0.2547,2758,0
89930.43,credit_card,gateway_b,network_timeout,888,0.6222,0.3963,0,2,0.4334,0.442,3512,1
40180.52,upi,gateway_b,issuer_unavailable,822,0.6265,0.2521,0,2,0.4696,0.2641,5208,0
12515.44,upi,gateway_a,network_timeout,490,0.5603,0.0258,0,3,0.3179,0.8033,3539,0
28193.7,wallet,gateway_b,authentication_required,424,0.6629,0.914,1,0,0.7501,0.7569,5697,1
57904.95,net_banking,gateway_c,network_timeout,289,0.2385,0.2883,0,1,0.3499,0.6709,1967,1
69749.82,credit_card,gateway_a,rate_limit,194,0.4949,0.9201,0,4,0.7094,0.2449,4206,1
47516.11,debit_card,gateway_b,insufficient_funds,953,0.7865,0.61,0,0,0.6195,0.8065,5261,0
1203.77,net_banking,gateway_c,rate_limit,547,0.3642,0.0554,0,2,0.8129,0.2559,6688,1
23930.92,debit_card,gateway_b,authentication_required,47,0.0401,0.3451,1,4,0.4363,0.8087,961,0
23353.41,wallet,gateway_b,network_timeout,192,0.5785,0.7839,0,0,0.6409,0.8914,5787,0
36469.08,credit_card,gateway_b,authentication_required,568,0.2242,0.4034,1,3,0.6865,0.803,4533,1
32282.22,wallet,gateway_c,suspected_fraud,922,0.2483,0.5075,0,1,0.8941,0.5509,1998,0
19935.26,net_banking,gateway_a,temporary_gateway_error,666,0.1766,0.7109,0,2,0.3705,0.6251,1007,1
99902.27,net_banking,gateway_c,rate_limit,140,0.4738,0.9244,0,0,0.8656,0.367,215,0
22566.41,debit_card,gateway_a,card_expired,481,0.1759,0.4242,0,3,0.6795,0.6879,6933,0
49818.3,wallet,gateway_c,authentication_required,93,0.6093,0.3181,1,4,0.5219,0.5153,2116,1
17978.03,net_banking,gateway_a,authentication_required,159,0.1045,0.4104,1,0,0.3175,0.4061,812,0
6480.47,credit_card,gateway_b,suspected_fraud,592,0.4979,0.1043,0,2,0.6463,0.5806,4856,0
93323.38,credit_card,gateway_a,card_expired,130,0.4585,0.2476,0,1,0.7317,0.3568,6047,0
16182.68,wallet,gateway_c,suspected_fraud,268,0.5296,0.7398,0,0,0.6969,0.7581,364,0
80364.82,upi,gateway_a,card_expired,48,0.3362,0.3032,0,3,0.8788,0.5841,4797,0
39665.44,upi,gateway_c,insufficient_funds,675,0.9539,0.4577,0,1,0.7021,0.7099,1279,0
98757.58,wallet,gateway_c,authentication_required,525,0.8606,0.7371,1,4,0.321,0.8839,3777,0
34509.21,upi,gateway_c,network_timeout,129,0.0551,0.8034,0,1,0.511,0.6298,4052,0
49658.82,wallet,gateway_b,network_timeout,314,0.0768,0.854,0,3,0.4451,0.6714,2544,0
7221.13,net_banking,gateway_a,issuer_unavailable,985,0.5445,0.6083,1,1,0.3884,0.4737,84,0
99922.95,net_banking,gateway_c,issuer_unavailable,686,0.0998,0.6945,0,4,0.681,0.3719,6382,0
51469.16,net_banking,gateway_a,rate_limit,113,0.4138,0.8399,0,4,0.4775,0.4301,5268,1
35181.33,credit_card,gateway_a,network_timeout,729,0.4013,0.2997,0,0,0.6051,0.7573,3711,1
3274.31,upi,gateway_b,network_timeout,352,0.2369,0.8857,1,1,0.8293,0.4328,5041,1
27782.7,credit_card,gateway_b,rate_limit,916,0.0433,0.4567,0,2,0.5337,0.4422,5010,1
52206.57,wallet,gateway_c,suspected_fraud,87,0.7517,0.78,0,3,0.4582,0.7909,7050,0
54056.78,upi,gateway_a,rate_limit,130,0.1332,0.4228,0,3,0.6325,0.245,1544,1
96291.75,debit_card,gateway_c,temporary_gateway_error,209,0.1007,0.0538,0,3,0.4371,0.3733,3740,1
81723.87,credit_card,gateway_b,rate_limit,778,0.3203,0.5743,0,2,0.7129,0.7051,192,1
26496.47,debit_card,gateway_c,card_expired,362,0.4676,0.7549,0,3,0.9752,0.3262,5086,0
60085.46,debit_card,gateway_b,authentication_required,884,0.8863,0.4431,1,3,0.6579,0.7404,5453,0
6169.59,net_banking,gateway_b,card_expired,260,0.7858,0.0196,0,3,0.874,0.7646,4395,0
79051.02,net_banking,gateway_c,card_expired,123,0.4854,0.6494,0,0,0.372,0.7421,2668,0
51686.52,upi,gateway_a,temporary_gateway_error,105,0.4311,0.1524,0,1,0.6428,0.5039,2565,1
4018.15,debit_card,gateway_a,issuer_unavailable,266,0.0851,0.1674,0,1,0.4363,0.7116,6677,1
40198.36,debit_card,gateway_b,rate_limit,126,0.6368,0.1457,0,0,0.8189,0.315,4259,1
45389.18,net_banking,gateway_a,insufficient_funds,640,0.4135,0.6722,0,3,0.9172,0.7127,2156,1
71640.68,credit_card,gateway_c,temporary_gateway_error,640,0.9245,0.6755,0,2,0.6727,0.5474,302,0
90015.14,net_banking,gateway_b,insufficient_funds,762,0.6606,0.5631,0,0,0.8873,0.3642,3654,0
43799.48,upi,gateway_c,card_expired,227,0.2761,0.5842,0,1,0.4815,0.4129,23,0
40635.93,upi,gateway_a,issuer_unavailable,984,0.3674,0.9581,0,3,0.6677,0.7752,4967,1
20767.76,debit_card,gateway_b,insufficient_funds,270,0.1365,0.8507,1,1,0.555,0.4714,3056,0
66373.36,wallet,gateway_c,temporary_gateway_error,696,0.8035,0.385,0,4,0.4666,0.8542,1762,0
3995.49,upi,gateway_b,rate_limit,748,0.9485,0.9267,0,3,0.3846,0.26,4664,1
91330.07,upi,gateway_a,network_timeout,874,0.3061,0.3662,0,1,0.8662,0.7482,3817,0
65849.7,upi,gateway_a,insufficient_funds,955,0.6756,0.1671,0,4,0.3773,0.5443,545,0
32069.54,credit_card,gateway_a,insufficient_funds,350,0.8401,0.184,1,2,0.6688,0.2019,4492,0
54827.39,upi,gateway_a,suspected_fraud,678,0.0513,0.1725,0,2,0.3816,0.4275,1237,0
59534.29,wallet,gateway_b,suspected_fraud,931,0.4572,0.4724,0,3,0.4204,0.2474,587,0
3248.56,debit_card,gateway_c,card_expired,757,0.2548,0.8935,0,4,0.465,0.8952,2187,0
1802.01,wallet,gateway_b,issuer_unavailable,606,0.2666,0.3747,0,4,0.668,0.7544,5388,1
34920.76,wallet,gateway_c,temporary_gateway_error,953,0.6765,0.1088,0,3,0.4321,0.3311,4037,0
57653.96,wallet,gateway_a,card_expired,203,0.3403,0.212,0,2,0.5646,0.761,2882,0
41500.94,credit_card,gateway_a,insufficient_funds,546,0.2459,0.4019,0,1,0.8505,0.4374,296,0
67099.62,credit_card,gateway_a,card_expired,660,0.8215,0.2046,0,3,0.4539,0.2874,6489,0
15823.33,wallet,gateway_b,temporary_gateway_error,137,0.9977,0.3932,0,0,0.3097,0.4979,4022,1
62514.53,upi,gateway_c,suspected_fraud,23,0.5127,0.945,0,3,0.9744,0.3682,6873,0
70944.81,wallet,gateway_b,card_expired,765,0.2609,0.9182,0,3,0.9193,0.4516,4643,0
92855.92,net_banking,gateway_b,suspected_fraud,459,0.6032,0.1418,0,0,0.6336,0.582,154,0
26703.47,credit_card,gateway_b,suspected_fraud,894,0.0993,0.4897,0,0,0.7852,0.3859,6266,0
77050.49,credit_card,gateway_a,suspected_fraud,310,0.3379,0.1755,0,1,0.5499,0.2237,2409,0
53614.12,credit_card,gateway_c,network_timeout,676,0.5461,0.1465,0,4,0.5516,0.3041,2972,0
45691.42,debit_card,gateway_c,card_expired,112,0.6755,0.2827,0,0,0.5078,0.722,483,0
78975.28,credit_card,gateway_c,network_timeout,967,0.3765,0.6216,0,0,0.817,0.643,3996,1
54478.99,credit_card,gateway_a,issuer_unavailable,666,0.5745,0.1281,0,0,0.4027,0.8184,5362,1
34146.48,net_banking,gateway_c,network_timeout,372,0.967,0.5674,0,2,0.5624,0.6972,6896,1
95911.37,wallet,gateway_a,network_timeout,395,0.1447,0.5576,0,4,0.7359,0.2975,3183,0
36191.9,net_banking,gateway_b,rate_limit,427,0.8481,0.476,0,0,0.4899,0.5629,447,1
52045.76,debit_card,gateway_c,authentication_required,276,0.1646,0.2683,1,2,0.4372,0.2427,594,0
226.69,credit_card,gateway_a,insufficient_funds,959,0.7586,0.267,0,2,0.8187,0.6146,6276,0
46568.27,wallet,gateway_c,rate_limit,813,0.1125,0.7008,0,4,0.4805,0.7495,71,0
98248.13,net_banking,gateway_b,card_expired,114,0.6751,0.6412,0,4,0.7551,0.6582,1533,0
68751.39,upi,gateway_b,issuer_unavailable,335,0.2358,0.5954,0,4,0.5913,0.7349,5849,0
54303.66,upi,gateway_a,issuer_unavailable,912,0.3003,0.7227,0,4,0.9049,0.3097,2981,1
87639.29,debit_card,gateway_b,temporary_gateway_error,357,0.684,0.2308,0,3,0.4718,0.4712,3765,1
43222.13,credit_card,gateway_c,temporary_gateway_error,572,0.0901,0.3579,0,0,0.7272,0.8596,6715,1
9715.55,wallet,gateway_a,temporary_gateway_error,573,0.3529,0.7284,0,2,0.3618,0.6347,5128,0
17055.83,credit_card,gateway_c,rate_limit,687,0.3149,0.0622,0,1,0.5614,0.895,6856,0
74748.91,upi,gateway_b,card_expired,938,0.7273,0.3375,0,4,0.4307,0.2151,3109,0
9618.51,debit_card,gateway_c,temporary_gateway_error,874,0.1229,0.6304,0,1,0.4777,0.3649,7049,0
81199.7,upi,gateway_c,suspected_fraud,189,0.3006,0.005,0,0,0.4653,0.6235,2343,0
23701.87,credit_card,gateway_b,temporary_gateway_error,853,0.5954,0.4712,0,0,0.322,0.3129,7179,0
99506.69,upi,gateway_c,issuer_unavailable,690,0.7234,0.5798,1,2,0.6661,0.2063,6538,1
28690.12,debit_card,gateway_b,issuer_unavailable,47,0.2802,0.8963,0,2,0.3617,0.7259,2354,0
99341.72,credit_card,gateway_c,card_expired,280,0.2624,0.301,0,2,0.7461,0.546,6056,0
32633.71,debit_card,gateway_a,insufficient_funds,866,0.6813,0.4068,0,0,0.3537,0.4577,1278,0
8192.0,credit_card,gateway_c,authentication_required,354,0.9874,0.3434,1,4,0.9048,0.6694,4882,1
25958.97,credit_card,gateway_c,issuer_unavailable,800,0.8019,0.1703,0,0,0.6312,0.455,1006,0
5098.01,debit_card,gateway_b,network_timeout,530,0.9072,0.3695,0,2,0.6979,0.5516,3000,0
37969.05,upi,gateway_a,card_expired,772,0.0503,0.2725,0,3,0.8839,0.5877,4096,0
97008.21,credit_card,gateway_b,suspected_fraud,309,0.1297,0.8329,0,1,0.684,0.7484,2150,0
32462.82,wallet,gateway_a,suspected_fraud,490,0.0506,0.0469,0,0,0.9451,0.5608,2312,0
26578.31,upi,gateway_b,card_expired,632,0.5072,0.3785,0,3,0.8646,0.6189,2820,0
25670.03,credit_card,gateway_c,network_timeout,920,0.8234,0.9722,0,4,0.5487,0.6339,6584,1
99697.68,wallet,gateway_b,network_timeout,751,0.7815,0.8809,0,0,0.8127,0.6235,3469,1
22122.97,debit_card,gateway_c,insufficient_funds,924,0.7341,0.6135,0,3,0.6026,0.288,804,1
29476.08,credit_card,gateway_b,insufficient_funds,30,0.7323,0.5993,0,4,0.6373,0.8088,7106,1
32920.05,debit_card,gateway_a,rate_limit,991,0.9076,0.4486,0,1,0.7148,0.3133,1679,1
58616.94,debit_card,gateway_c,suspected_fraud,440,0.5588,0.1612,0,3,0.4008,0.5503,2278,0
32382.02,upi,gateway_b,suspected_fraud,552,0.4838,0.1346,0,2,0.8837,0.2415,4009,0
34048.95,net_banking,gateway_b,rate_limit,271,0.2296,0.9707,0,3,0.5842,0.3825,1158,1
44565.41,wallet,gateway_b,authentication_required,698,0.8986,0.2056,1,2,0.4822,0.6988,921,1
2123.58,upi,gateway_b,rate_limit,24,0.4071,0.1504,0,2,0.948,0.5259,6850,1
10492.77,upi,gateway_c,suspected_fraud,945,0.6713,0.2865,0,3,0.826,0.4813,1764,0
32088.52,wallet,gateway_c,rate_limit,560,0.2379,0.8004,0,4,0.9208,0.3909,7084,1
31873.21,net_banking,gateway_a,temporary_gateway_error,268,0.5451,0.5382,0,3,0.4088,0.3286,2118,0
46989.88,upi,gateway_c,suspected_fraud,978,0.9179,0.065,0,3,0.8056,0.3213,1785,0
55874.66,wallet,gateway_b,issuer_unavailable,362,0.8911,0.2898,0,2,0.7951,0.6634,2842,1
52993.89,upi,gateway_b,insufficient_funds,387,0.083,0.1578,0,4,0.5769,0.4305,5833,0
56995.7,credit_card,gateway_c,temporary_gateway_error,480,0.4419,0.0014,0,4,0.3791,0.4701,1248,0
51229.76,net_banking,gateway_b,authentication_required,558,0.4552,0.0253,1,1,0.5723,0.5881,2000,0
50786.23,wallet,gateway_a,rate_limit,679,0.9606,0.2787,0,3,0.6956,0.8252,5191,0
14941.03,wallet,gateway_c,authentication_required,808,0.2133,0.0491,1,2,0.7065,0.4036,803,1
48846.98,net_banking,gateway_c,insufficient_funds,393,0.5357,0.8614,0,2,0.8758,0.8038,3565,0
11592.93,credit_card,gateway_b,card_expired,646,0.9363,0.0385,0,2,0.6721,0.7997,1398,0
48504.5,wallet,gateway_a,rate_limit,670,0.8985,0.6976,0,1,0.3945,0.3044,1768,0
81010.85,credit_card,gateway_c,network_timeout,475,0.6912,0.7456,0,4,0.7319,0.8696,1051,1
87453.21,debit_card,gateway_b,suspected_fraud,88,0.0101,0.8778,0,0,0.9765,0.6987,1828,0
86519.88,upi,gateway_b,suspected_fraud,675,0.5858,0.417,0,4,0.4077,0.7669,4418,0
7295.72,credit_card,gateway_b,suspected_fraud,819,0.4678,0.3987,0,3,0.9165,0.4407,4229,0
48109.76,wallet,gateway_a,card_expired,588,0.1582,0.8621,0,0,0.3141,0.2189,3223,0
43337.6,upi,gateway_c,authentication_required,578,0.2574,0.2097,1,2,0.4964,0.8626,7014,0
59541.63,credit_card,gateway_b,authentication_required,986,0.8397,0.3035,1,4,0.6223,0.2691,687,1
65390.0,wallet,gateway_a,authentication_required,788,0.5406,0.1681,1,4,0.836,0.5005,1083,0
36231.08,credit_card,gateway_b,suspected_fraud,149,0.2045,0.8889,0,2,0.9119,0.6127,6134,0
1984.11,upi,gateway_b,issuer_unavailable,821,0.8026,0.5083,0,3,0.3529,0.4275,1242,0
94918.99,credit_card,gateway_b,temporary_gateway_error,538,0.4409,0.123,0,1,0.719,0.5039,3920,1
26741.03,credit_card,gateway_c,rate_limit,721,0.606,0.1581,0,3,0.8568,0.5588,1069,0
74124.67,credit_card,gateway_c,temporary_gateway_error,727,0.1753,0.1375,0,2,0.7534,0.2063,2996,1
19966.72,net_banking,gateway_b,suspected_fraud,98,0.1751,0.8324,0,2,0.7042,0.4608,3817,0
15865.36,debit_card,gateway_a,insufficient_funds,912,0.7401,0.8231,0,4,0.8243,0.5374,15,0
35835.89,wallet,gateway_a,rate_limit,613,0.3046,0.8938,0,0,0.9216,0.2706,2529,1
57943.91,upi,gateway_b,authentication_required,137,0.0395,0.4166,1,4,0.9599,0.729,3268,0
90154.73,debit_card,gateway_a,rate_limit,209,0.9474,0.9459,0,2,0.3962,0.6401,2038,1
55675.21,debit_card,gateway_b,card_expired,696,0.3321,0.3351,0,2,0.79,0.7593,513,0
50723.68,net_banking,gateway_c,temporary_gateway_error,877,0.491,0.7871,0,3,0.3589,0.2194,5105,0
32579.29,credit_card,gateway_a,issuer_unavailable,779,0.5503,0.7334,0,1,0.9899,0.3415,3458,1
76274.73,debit_card,gateway_c,issuer_unavailable,114,0.4667,0.5713,0,0,0.4673,0.3919,6091,0
16919.01,wallet,gateway_c,issuer_unavailable,728,0.2377,0.1807,0,4,0.8198,0.5351,5722,0
21129.88,upi,gateway_c,network_timeout,846,0.0538,0.901,0,0,0.6984,0.767,5210,1
26177.92,upi,gateway_a,network_timeout,647,0.6747,0.2147,0,1,0.9584,0.6644,4230,1
81909.74,wallet,gateway_b,authentication_required,738,0.4374,0.4914,1,2,0.8718,0.3993,1905,0
55261.3,wallet,gateway_c,issuer_unavailable,173,0.0249,0.6732,0,4,0.5403,0.6075,281,0
60438.19,credit_card,gateway_b,suspected_fraud,422,0.4776,0.8744,0,0,0.4215,0.3279,3801,0
60661.9,net_banking,gateway_a,insufficient_funds,925,0.7947,0.1986,0,0,0.7526,0.5004,4467,0
78956.47,upi,gateway_b,card_expired,492,0.7874,0.3956,1,3,0.6836,0.2809,3599,0
86847.22,wallet,gateway_b,network_timeout,389,0.41,0.8584,0,0,0.3432,0.238,378,1
9458.82,net_banking,gateway_a,card_expired,695,0.1712,0.033,0,3,0.4983,0.4256,4276,0
86645.34,wallet,gateway_a,authentication_required,537,0.9635,0.5817,1,2,0.641,0.8262,731,0
53135.28,wallet,gateway_b,temporary_gateway_error,914,0.7666,0.8227,0,3,0.7396,0.3795,2176,0
17665.91,upi,gateway_c,issuer_unavailable,433,0.1817,0.458,0,2,0.7176,0.8935,6950,1
93130.79,debit_card,gateway_b,authentication_required,698,0.07,0.8832,1,1,0.4833,0.7122,1359,0
640.07,net_banking,gateway_c,network_timeout,264,0.3449,0.4003,0,2,0.9239,0.8928,4863,0
51177.45,debit_card,gateway_b,network_timeout,918,0.0666,0.2283,0,0,0.9661,0.5378,4389,1
85168.2,net_banking,gateway_b,issuer_unavailable,300,0.6262,0.9253,0,4,0.3783,0.8471,2755,0
8226.2,credit_card,gateway_a,network_timeout,201,0.6468,0.3026,0,1,0.4707,0.8723,5758,1
94369.14,upi,gateway_a,temporary_gateway_error,137,0.1149,0.4336,0,4,0.9684,0.8952,3658,1
55407.61,credit_card,gateway_c,suspected_fraud,952,0.2799,0.3671,0,3,0.4077,0.5952,6966,0
39306.04,net_banking,gateway_b,card_expired,574,0.0803,0.0911,0,3,0.8069,0.2899,6014,0
9953.7,upi,gateway_a,issuer_unavailable,844,0.3629,0.6705,0,2,0.8194,0.2241,6583,1
9392.69,upi,gateway_b,temporary_gateway_error,404,0.9774,0.2055,0,1,0.3239,0.2689,1871,1
96058.99,debit_card,gateway_a,authentication_required,628,0.123,0.0703,1,0,0.42,0.3893,6990,0
22744.65,upi,gateway_c,card_expired,671,0.3715,0.5816,0,0,0.7168,0.203,6338,0
90561.9,debit_card,gateway_b,temporary_gateway_error,155,0.3337,0.7645,0,1,0.8399,0.6986,2255,1
55279.9,upi,gateway_c,authentication_required,891,0.6615,0.5925,1,1,0.513,0.5108,5839,0
47960.06,upi,gateway_a,network_timeout,177,0.61,0.6402,0,0,0.9297,0.2602,615,0
40665.73,upi,gateway_b,network_timeout,925,0.4566,0.0247,0,4,0.8211,0.4508,3834,1
60300.87,debit_card,gateway_b,temporary_gateway_error,554,0.847,0.2702,0,1,0.5196,0.5053,7025,0
57401.51,credit_card,gateway_b,authentication_required,383,0.0461,0.7608,1,1,0.9244,0.4925,1431,1
83303.93,debit_card,gateway_b,network_timeout,386,0.2563,0.2489,0,4,0.9547,0.2346,1849,1
20906.8,upi,gateway_a,suspected_fraud,783,0.9165,0.6002,0,2,0.411,0.2547,5765,0
83207.58,wallet,gateway_c,issuer_unavailable,624,0.1109,0.7797,0,2,0.7966,0.2725,6724,0
42196.1,upi,gateway_b,rate_limit,640,0.8997,0.7598,1,4,0.5542,0.6793,1058,0
43070.29,upi,gateway_b,card_expired,794,0.0957,0.595,0,3,0.4416,0.6714,1961,0
92290.43,upi,gateway_a,authentication_required,79,0.9091,0.1904,1,1,0.3926,0.6969,3473,0
92476.97,debit_card,gateway_a,insufficient_funds,736,0.9654,0.6718,0,4,0.8092,0.7932,6795,0
64041.54,credit_card,gateway_b,rate_limit,267,0.4298,0.8556,0,3,0.5483,0.3964,6796,1
43020.82,wallet,gateway_c,rate_limit,922,0.3449,0.2877,0,0,0.6673,0.5082,4450,1
15396.01,wallet,gateway_b,suspected_fraud,70,0.0059,0.495,0,0,0.9933,0.627,4831,0
88229.08,upi,gateway_a,authentication_required,34,0.4665,0.4112,1,2,0.4311,0.2179,6864,0
32001.89,net_banking,gateway_b,issuer_unavailable,549,0.5967,0.353,0,3,0.8397,0.4724,1021,0
16309.34,upi,gateway_b,authentication_required,707,0.4173,0.1854,1,4,0.9253,0.709,6722,0
36084.69,net_banking,gateway_a,issuer_unavailable,277,0.5921,0.74,0,2,0.5719,0.4635,6448,1
2842.87,net_banking,gateway_c,card_expired,367,0.7429,0.5548,0,2,0.9308,0.5536,4729,0
47352.18,credit_card,gateway_a,suspected_fraud,305,0.9928,0.2187,0,0,0.6488,0.5667,2943,0
37665.78,debit_card,gateway_b,rate_limit,751,0.7008,0.9976,0,3,0.4365,0.5577,5467,1
50768.64,wallet,gateway_a,network_timeout,480,0.3074,0.449,0,4,0.6995,0.2697,4926,1
47363.42,debit_card,gateway_b,authentication_required,238,0.1313,0.0963,1,2,0.7407,0.6749,2197,1
62883.14,upi,gateway_b,card_expired,373,0.9786,0.6927,0,4,0.6444,0.4042,3585,0
90550.54,wallet,gateway_a,network_timeout,975,0.404,0.9464,0,0,0.943,0.878,3039,1
77682.21,net_banking,gateway_c,issuer_unavailable,617,0.4228,0.1343,0,0,0.3944,0.4624,516,1
7900.11,debit_card,gateway_a,temporary_gateway_error,902,0.5133,0.9698,0,2,0.5718,0.3785,3557,0
84087.72,net_banking,gateway_c,card_expired,985,0.2239,0.9248,0,2,0.9642,0.6129,3273,0
72816.82,credit_card,gateway_a,network_timeout,779,0.2069,0.3718,0,4,0.72,0.7938,4012,1
3253.62,credit_card,gateway_a,authentication_required,946,0.5129,0.246,1,1,0.3676,0.7041,137,0
26592.59,net_banking,gateway_a,authentication_required,451,0.6239,0.2123,1,1,0.3991,0.6983,2070,0
56776.96,upi,gateway_a,card_expired,186,0.8129,0.7555,0,2,0.5758,0.5245,6378,0
16484.55,net_banking,gateway_c,issuer_unavailable,279,0.9364,0.9378,0,2,0.7165,0.5122,1212,1
85698.0,credit_card,gateway_a,card_expired,108,0.2714,0.1507,0,4,0.4856,0.7474,5472,0
24363.84,debit_card,gateway_b,insufficient_funds,465,0.981,0.7368,0,3,0.7769,0.5179,6959,0
72946.42,net_banking,gateway_c,temporary_gateway_error,217,0.128,0.8656,0,1,0.836,0.8322,5884,1
23762.57,debit_card,gateway_c,suspected_fraud,123,0.4829,0.4982,0,4,0.5544,0.5194,4345,0
68537.02,debit_card,gateway_a,network_timeout,520,0.4414,0.4096,1,2,0.9765,0.2917,5553,1
70897.77,wallet,gateway_c,card_expired,326,0.6495,0.9172,0,1,0.8684,0.2667,4894,0
73333.43,wallet,gateway_b,issuer_unavailable,525,0.604,0.6484,0,3,0.3706,0.4593,2123,0
37190.56,wallet,gateway_b,authentication_required,624,0.5948,0.4725,1,2,0.4056,0.2524,4998,1
95316.5,wallet,gateway_b,authentication_required,641,0.5787,0.6332,1,1,0.5019,0.2039,3091,1
74483.54,wallet,gateway_c,network_timeout,697,0.8444,0.6069,0,0,0.3876,0.3313,5689,1
65976.41,credit_card,gateway_a,rate_limit,836,0.8376,0.3233,0,2,0.9387,0.4195,6903,0
33869.46,wallet,gateway_c,card_expired,376,0.9319,0.7419,0,3,0.9054,0.2523,6861,0
11205.19,wallet,gateway_b,issuer_unavailable,90,0.8591,0.7774,0,1,0.8828,0.3464,1304,1
80524.72,wallet,gateway_a,card_expired,416,0.626,0.4304,0,3,0.6819,0.6463,7105,0
28843.07,upi,gateway_a,insufficient_funds,441,0.6278,0.8121,0,4,0.6744,0.4613,82,0
77526.27,wallet,gateway_b,card_expired,344,0.7392,0.1014,0,0,0.5798,0.5575,1624,0
12505.21,net_banking,gateway_c,rate_limit,531,0.2724,0.3646,0,2,0.5718,0.7325,955,1
23167.72,net_banking,gateway_b,suspected_fraud,759,0.1944,0.9512,0,0,0.4603,0.6971,7199,0
2586.73,credit_card,gateway_c,rate_limit,164,0.4081,0.5802,0,4,0.3671,0.6735,4539,0
79212.31,debit_card,gateway_c,network_timeout,265,0.4441,0.8058,0,0,0.5588,0.5946,3627,1
82632.57,wallet,gateway_a,card_expired,134,0.4124,0.5873,0,4,0.8815,0.641,1277,0
68649.21,credit_card,gateway_a,rate_limit,761,0.3104,0.162,0,0,0.7423,0.3314,2824,0
80975.58,debit_card,gateway_c,authentication_required,926,0.1642,0.9177,1,0,0.921,0.4428,5079,0
19047.58,upi,gateway_b,card_expired,997,0.9481,0.1248,0,3,0.6839,0.548,7101,0
49869.59,upi,gateway_b,authentication_required,720,0.45,0.635,1,0,0.8346,0.2023,731,0
76702.62,wallet,gateway_a,rate_limit,164,0.8442,0.0792,0,3,0.4278,0.5129,5923,0
78080.32,debit_card,gateway_b,card_expired,593,0.4057,0.4592,0,4,0.8698,0.4614,5957,0
74847.04,upi,gateway_b,issuer_unavailable,69,0.336,0.3358,0,1,0.6722,0.8859,1495,1
13915.01,upi,gateway_a,network_timeout,591,0.2409,0.9025,0,3,0.3029,0.7825,6900,1
88426.15,debit_card,gateway_c,suspected_fraud,318,0.5839,0.7368,0,2,0.9456,0.6533,729,0
77420.77,net_banking,gateway_a,network_timeout,598,0.0062,0.8827,0,3,0.9147,0.3289,5235,1
64697.22,credit_card,gateway_c,insufficient_funds,450,0.1026,0.5756,0,0,0.483,0.3128,3532,0
40560.86,debit_card,gateway_a,suspected_fraud,395,0.9404,0.1868,0,0,0.5071,0.5362,5702,0
95660.25,credit_card,gateway_b,rate_limit,474,0.7594,0.9208,0,2,0.6886,0.4875,1586,1
35512.47,net_banking,gateway_b,card_expired,488,0.608,0.2706,0,3,0.7352,0.3003,1072,0
64647.22,credit_card,gateway_b,network_timeout,590,0.4253,0.6455,0,1,0.7735,0.4871,865,0
65318.47,wallet,gateway_c,suspected_fraud,176,0.4161,0.5494,0,0,0.7993,0.7338,4634,0
36681.77,net_banking,gateway_b,issuer_unavailable,227,0.5243,0.5727,0,1,0.4091,0.485,6054,1
33972.5,credit_card,gateway_a,rate_limit,724,0.5232,0.4187,0,0,0.3855,0.6133,2250,0
23410.85,net_banking,gateway_a,insufficient_funds,446,0.5521,0.8025,0,4,0.9521,0.302,952,0
49949.93,upi,gateway_b,insufficient_funds,205,0.8605,0.1722,0,3,0.3158,0.7107,345,1
72368.11,net_banking,gateway_a,suspected_fraud,502,0.6564,0.2411,0,4,0.7134,0.7851,1485,0
36781.53,credit_card,gateway_c,temporary_gateway_error,856,0.8509,0.6364,0,4,0.9728,0.2746,2911,0
74499.61,upi,gateway_a,issuer_unavailable,73,0.0103,0.3006,0,4,0.7283,0.8984,4895,0
11055.58,wallet,gateway_a,temporary_gateway_error,187,0.4781,0.9595,0,2,0.9684,0.736,810,0
39413.93,upi,gateway_a,suspected_fraud,127,0.6198,0.1277,0,0,0.7176,0.7787,3886,0
6091.99,upi,gateway_b,temporary_gateway_error,302,0.081,0.1418,0,3,0.9551,0.2835,2932,1
2337.62,net_banking,gateway_b,network_timeout,658,0.7476,0.629,0,2,0.9959,0.8015,745,0
43147.91,credit_card,gateway_b,rate_limit,716,0.1014,0.9573,0,4,0.4379,0.4549,1083,0
68851.6,upi,gateway_b,card_expired,481,0.1843,0.261,0,1,0.9461,0.2673,3739,0
72730.09,debit_card,gateway_a,issuer_unavailable,273,0.3851,0.4433,0,1,0.5426,0.57,1197,0
9563.15,credit_card,gateway_a,issuer_unavailable,724,0.3661,0.1656,0,2,0.9673,0.7123,4307,0
37181.03,net_banking,gateway_c,suspected_fraud,963,0.0813,0.8086,0,3,0.9877,0.7896,4377,0
45433.99,wallet,gateway_c,network_timeout,405,0.5185,0.2851,0,4,0.9248,0.715,913,1
75893.92,net_banking,gateway_b,network_timeout,865,0.3291,0.6307,0,0,0.9126,0.2536,6112,1
39936.21,credit_card,gateway_c,rate_limit,25,0.7828,0.4315,0,3,0.7986,0.4203,5347,0
21895.3,net_banking,gateway_c,issuer_unavailable,48,0.7562,0.1656,0,2,0.9452,0.7027,3027,0
83521.69,debit_card,gateway_b,temporary_gateway_error,427,0.9794,0.5698,0,4,0.9639,0.2124,6589,1
461.08,net_banking,gateway_b,suspected_fraud,331,0.1963,0.5235,0,3,0.6755,0.4777,1361,0
84084.45,credit_card,gateway_c,temporary_gateway_error,1000,0.5416,0.6806,0,4,0.427,0.6083,2526,0
49495.17,credit_card,gateway_a,insufficient_funds,729,0.4306,0.5389,0,1,0.348,0.5828,4302,0
53521.59,credit_card,gateway_c,suspected_fraud,474,0.5932,0.5638,0,2,0.5502,0.5322,5624,0
80038.27,upi,gateway_b,temporary_gateway_error,716,0.0422,0.4946,0,1,0.9907,0.6332,5251,1
33323.67,credit_card,gateway_b,issuer_unavailable,535,0.8809,0.513,0,2,0.3003,0.64,2658,1
1840.53,debit_card,gateway_c,card_expired,541,0.2475,0.9943,0,2,0.5477,0.2501,5193,0
44215.93,credit_card,gateway_a,rate_limit,71,0.5597,0.5595,0,2,0.4597,0.3695,5145,1
11763.57,net_banking,gateway_a,temporary_gateway_error,889,0.2522,0.1279,0,4,0.5861,0.2428,1984,0
17065.23,debit_card,gateway_a,card_expired,398,0.7701,0.7637,0,1,0.3881,0.7983,7015,0
6107.36,upi,gateway_c,network_timeout,923,0.437,0.1719,0,2,0.6496,0.5997,3073,0
88831.64,upi,gateway_b,insufficient_funds,186,0.6167,0.5255,0,3,0.349,0.3832,1530,0
72838.03,debit_card,gateway_b,insufficient_funds,878,0.6943,0.8051,0,4,0.8341,0.4259,6816,0
75166.77,net_banking,gateway_a,authentication_required,333,0.5096,0.8804,1,0,0.552,0.5407,7026,1
3974.99,net_banking,gateway_b,issuer_unavailable,955,0.5494,0.2709,1,2,0.7103,0.6867,4037,0
30482.54,upi,gateway_b,rate_limit,210,0.251,0.3748,0,0,0.7506,0.2266,851,1
35783.43,debit_card,gateway_b,insufficient_funds,206,0.8862,0.3047,0,2,0.4777,0.6332,7158,0
5842.46,debit_card,gateway_b,authentication_required,796,0.289,0.3213,1,0,0.3273,0.796,2986,0
18343.82,wallet,gateway_c,suspected_fraud,977,0.6615,0.5929,0,2,0.5913,0.6087,5443,0
1075.75,credit_card,gateway_b,suspected_fraud,481,0.5585,0.7072,0,1,0.4991,0.6335,4218,0
42389.27,wallet,gateway_a,rate_limit,897,0.1279,0.7055,0,2,0.6913,0.3483,917,1
36499.59,upi,gateway_b,network_timeout,401,0.397,0.017,0,2,0.7149,0.5366,2833,1
3604.79,upi,gateway_c,suspected_fraud,346,0.6201,0.624,0,4,0.6204,0.488,2442,0
4182.0,net_banking,gateway_a,issuer_unavailable,751,0.8785,0.9139,0,1,0.4146,0.4368,6363,1
29541.94,debit_card,gateway_c,card_expired,186,0.659,0.5805,0,0,0.4546,0.6104,3754,0
98775.18,credit_card,gateway_a,authentication_required,588,0.6383,0.5697,1,0,0.7598,0.7594,4973,1
22035.98,credit_card,gateway_a,issuer_unavailable,965,0.357,0.3162,0,0,0.9337,0.6719,3466,1
94555.92,wallet,gateway_a,issuer_unavailable,719,0.5936,0.6718,0,3,0.7611,0.572,6188,1
8550.92,debit_card,gateway_a,card_expired,734,0.9923,0.096,0,4,0.3209,0.5077,5041,0
66004.24,debit_card,gateway_c,card_expired,615,0.7,0.2402,0,0,0.6362,0.3308,121,0
83388.07,upi,gateway_b,issuer_unavailable,806,0.3612,0.2963,0,4,0.6473,0.4354,5446,0
47855.51,debit_card,gateway_a,network_timeout,447,0.2702,0.7904,0,4,0.7839,0.2626,3741,0
39442.38,net_banking,gateway_c,card_expired,720,0.5222,0.3829,0,3,0.3461,0.7867,5157,0
81040.06,credit_card,gateway_a,rate_limit,387,0.4594,0.3728,0,1,0.7823,0.333,4382,0
77504.42,credit_card,gateway_b,issuer_unavailable,708,0.9121,0.8135,0,1,0.891,0.7575,6896,1
63307.38,net_banking,gateway_b,issuer_unavailable,963,0.72,0.2596,0,3,0.6361,0.6568,2026,1
30256.29,debit_card,gateway_c,issuer_unavailable,811,0.3654,0.0784,0,3,0.7716,0.7895,42,1
67934.46,wallet,gateway_c,card_expired,116,0.2279,0.2273,0,2,0.9354,0.3569,2409,0
51751.92,upi,gateway_b,card_expired,680,0.8057,0.9576,1,1,0.4253,0.3062,2866,0
5208.98,net_banking,gateway_a,rate_limit,840,0.7526,0.4093,0,4,0.3075,0.471,4884,1
55103.96,credit_card,gateway_b,insufficient_funds,261,0.3752,0.7173,0,3,0.3347,0.2187,2376,0
79664.95,upi,gateway_b,issuer_unavailable,100,0.8499,0.2125,0,0,0.8864,0.5604,6192,1
76198.2,upi,gateway_c,temporary_gateway_error,277,0.1831,0.497,0,2,0.4676,0.8082,3635,0
7521.55,net_banking,gateway_b,network_timeout,247,0.6187,0.7813,0,4,0.9192,0.4669,2189,0
61466.47,upi,gateway_a,card_expired,142,0.2676,0.9747,0,3,0.665,0.2615,3435,0
38760.54,credit_card,gateway_a,card_expired,422,0.6031,0.4155,0,2,0.9715,0.5631,5745,0
8214.26,wallet,gateway_c,issuer_unavailable,929,0.0958,0.8069,0,4,0.8478,0.2616,4750,0
98154.93,debit_card,gateway_c,authentication_required,483,0.0497,0.2593,1,1,0.9242,0.8492,6078,1
40293.2,net_banking,gateway_b,network_timeout,741,0.8244,0.2613,0,1,0.6191,0.4034,2356,1
29914.39,debit_card,gateway_b,network_timeout,586,0.6003,0.9207,0,1,0.9758,0.5265,4734,0
78998.64,wallet,gateway_c,card_expired,98,0.1931,0.2949,0,3,0.396,0.5145,4835,0
26168.67,net_banking,gateway_a,insufficient_funds,253,0.5967,0.0828,0,3,0.6754,0.7614,3164,1
90117.93,debit_card,gateway_a,rate_limit,746,0.2627,0.7207,0,0,0.8507,0.2313,4445,1
51663.24,debit_card,gateway_a,rate_limit,376,0.941,0.5972,0,1,0.5552,0.7509,1848,1
66041.94,wallet,gateway_a,rate_limit,899,0.1045,0.4138,0,0,0.4013,0.7237,6991,0
97731.0,wallet,gateway_a,authentication_required,810,0.2522,0.8342,1,1,0.7573,0.3963,3793,0
80855.89,upi,gateway_c,network_timeout,439,0.6165,0.103,0,0,0.8082,0.3209,6862,1
59911.07,net_banking,gateway_a,card_expired,459,0.8352,0.0508,0,2,0.7537,0.4033,3406,0
86436.54,wallet,gateway_b,issuer_unavailable,911,0.7688,0.0649,0,1,0.534,0.3745,2746,1
12208.8,credit_card,gateway_a,temporary_gateway_error,718,0.9304,0.3803,0,4,0.8229,0.444,1592,0
75702.07,debit_card,gateway_a,temporary_gateway_error,662,0.2222,0.932,0,2,0.6967,0.4907,1583,0
88642.4,debit_card,gateway_b,insufficient_funds,748,0.6799,0.1838,0,3,0.6994,0.8757,6224,0
99711.16,upi,gateway_b,insufficient_funds,722,0.36,0.8278,0,3,0.4666,0.8963,3781,0
40174.09,wallet,gateway_b,card_expired,734,0.2608,0.39,0,3,0.3347,0.6628,406,0
67500.17,debit_card,gateway_a,authentication_required,905,0.1,0.8305,1,4,0.5956,0.2362,4189,0
54242.24,net_banking,gateway_c,issuer_unavailable,192,0.2322,0.8476,0,2,0.9813,0.3774,687,0
25724.43,credit_card,gateway_c,issuer_unavailable,350,0.8594,0.7479,0,4,0.867,0.5584,5670,0
16822.95,upi,gateway_b,issuer_unavailable,817,0.7146,0.8494,0,3,0.8463,0.8611,5655,0
80153.95,wallet,gateway_c,rate_limit,285,0.5657,0.7297,0,1,0.302,0.3682,3820,1
77131.88,debit_card,gateway_a,network_timeout,645,0.2675,0.0171,0,3,0.8336,0.6224,3737,1
95955.5,upi,gateway_c,temporary_gateway_error,906,0.7424,0.2838,1,0,0.5621,0.6731,3286,1
73612.37,wallet,gateway_c,issuer_unavailable,972,0.8653,0.4302,0,0,0.4427,0.2067,6089,1
62494.6,upi,gateway_b,network_timeout,278,0.4421,0.6487,0,1,0.8599,0.8574,1634,1
1097.39,upi,gateway_b,card_expired,716,0.872,0.02,0,4,0.8895,0.5793,1073,0
61274.56,wallet,gateway_c,issuer_unavailable,57,0.766,0.1824,0,4,0.6414,0.5658,1198,0
43960.68,upi,gateway_b,temporary_gateway_error,719,0.1556,0.7873,1,4,0.8249,0.7568,6063,1
69146.66,wallet,gateway_a,insufficient_funds,970,0.02,0.7905,0,1,0.6101,0.3958,7122,0
70308.54,debit_card,gateway_b,insufficient_funds,345,0.9457,0.5261,0,0,0.3437,0.2656,5922,0
17737.84,debit_card,gateway_a,card_expired,595,0.2546,0.9872,0,3,0.8835,0.8201,6402,0
90707.57,net_banking,gateway_c,card_expired,692,0.9972,0.8655,0,3,0.4929,0.8125,3612,0
5908.24,upi,gateway_a,authentication_required,360,0.1886,0.5293,1,2,0.5403,0.7138,7091,0
15037.72,wallet,gateway_b,authentication_required,252,0.2233,0.2973,1,4,0.6776,0.7187,337,1
54604.08,net_banking,gateway_b,card_expired,117,0.2398,0.2415,0,4,0.511,0.289,4521,0
74891.67,credit_card,gateway_c,insufficient_funds,706,0.6707,0.6178,0,0,0.7193,0.7128,831,0
65900.55,net_banking,gateway_c,rate_limit,828,0.7618,0.9449,1,3,0.7058,0.4807,1056,1
53610.11,net_banking,gateway_c,suspected_fraud,536,0.0498,0.4613,0,4,0.4673,0.5854,2016,0
30980.38,credit_card,gateway_a,network_timeout,77,0.3254,0.6948,0,3,0.9548,0.443,2869,0
50900.41,wallet,gateway_c,suspected_fraud,186,0.1431,0.8989,0,2,0.7362,0.3166,1807,0
40236.42,wallet,gateway_a,insufficient_funds,224,0.5241,0.851,0,2,0.8694,0.7457,4767,0
59830.22,net_banking,gateway_a,insufficient_funds,908,0.3615,0.4929,0,3,0.5949,0.6129,7049,0
40513.15,upi,gateway_a,suspected_fraud,83,0.2121,0.3314,0,0,0.4168,0.2507,5589,0
93093.35,credit_card,gateway_b,temporary_gateway_error,271,0.8336,0.3795,0,4,0.974,0.5282,3609,0
44552.28,credit_card,gateway_a,temporary_gateway_error,285,0.7932,0.5324,0,1,0.3818,0.6764,1827,1
96397.55,upi,gateway_b,temporary_gateway_error,136,0.6438,0.0603,0,2,0.8088,0.7256,4029,1
25314.24,debit_card,gateway_c,rate_limit,616,0.2584,0.5159,0,3,0.546,0.8475,4217,0
91434.43,debit_card,gateway_a,network_timeout,797,0.2261,0.5628,0,2,0.9257,0.6357,5767,0
49557.68,net_banking,gateway_a,temporary_gateway_error,481,0.5632,0.8184,0,0,0.3983,0.4911,1036,1
38236.29,debit_card,gateway_a,insufficient_funds,898,0.8682,0.4757,0,1,0.7222,0.3922,3255,0
44233.65,net_banking,gateway_a,rate_limit,764,0.2673,0.0129,0,1,0.4765,0.5332,2599,1
30748.97,net_banking,gateway_c,network_timeout,992,0.2762,0.3619,0,4,0.3029,0.3636,24,1
87194.56,net_banking,gateway_a,suspected_fraud,425,0.5165,0.6127,0,4,0.9716,0.3455,3383,0
54837.69,debit_card,gateway_c,authentication_required,871,0.3548,0.3448,1,4,0.8886,0.5285,2470,0
12647.57,credit_card,gateway_c,rate_limit,975,0.4864,0.0722,0,0,0.466,0.4212,6870,0
32498.91,credit_card,gateway_b,card_expired,441,0.7704,0.3678,0,4,0.8945,0.2653,5252,0
31502.68,net_banking,gateway_a,network_timeout,675,0.1739,0.804,0,4,0.4252,0.348,2413,0
82457.73,upi,gateway_b,authentication_required,638,0.4278,0.8034,1,3,0.7913,0.5802,119,1
98667.06,net_banking,gateway_c,issuer_unavailable,359,0.6385,0.4394,0,4,0.4603,0.3649,2211,0
53004.63,debit_card,gateway_a,temporary_gateway_error,229,0.2125,0.5871,0,0,0.7852,0.6459,3638,1
27040.35,credit_card,gateway_b,rate_limit,443,0.2083,0.4824,1,4,0.5461,0.8714,3435,0
65917.1,wallet,gateway_b,issuer_unavailable,973,0.1895,0.5324,0,2,0.4496,0.6577,3473,0
24886.3,upi,gateway_c,rate_limit,59,0.1041,0.7772,0,1,0.9021,0.5053,1502,0
71819.91,wallet,gateway_a,issuer_unavailable,974,0.8969,0.1254,0,4,0.7589,0.5106,6871,0
37120.24,net_banking,gateway_c,temporary_gateway_error,286,0.8511,0.8468,0,4,0.4293,0.4719,5649,1
79493.11,debit_card,gateway_c,issuer_unavailable,142,0.4792,0.8656,0,2,0.3249,0.4897,1925,0
52874.11,wallet,gateway_a,rate_limit,280,0.6908,0.4017,0,3,0.5933,0.4955,170,0
40277.25,debit_card,gateway_a,issuer_unavailable,740,0.1713,0.2384,0,3,0.6538,0.3324,1855,1
45575.09,wallet,gateway_c,suspected_fraud,835,0.7388,0.1654,0,4,0.4105,0.2783,4089,0
27830.79,debit_card,gateway_b,rate_limit,267,0.5468,0.2944,0,0,0.7351,0.7407,377,1
30378.47,debit_card,gateway_a,suspected_fraud,341,0.1174,0.5811,0,4,0.9691,0.838,2806,0
11719.95,net_banking,gateway_c,authentication_required,763,0.7357,0.3566,1,0,0.7102,0.3962,2786,1
44539.27,wallet,gateway_c,card_expired,220,0.558,0.6528,0,1,0.7685,0.2258,170,0
84655.97,upi,gateway_c,card_expired,866,0.775,0.8197,0,3,0.8245,0.7447,5157,0
25766.81,credit_card,gateway_b,rate_limit,788,0.1473,0.124,0,2,0.5357,0.206,6969,0
14428.44,credit_card,gateway_b,rate_limit,239,0.8392,0.3753,1,1,0.3494,0.8259,4586,1
39764.69,debit_card,gateway_a,insufficient_funds,125,0.0231,0.9144,0,2,0.7736,0.2091,6598,0
41581.7,net_banking,gateway_b,suspected_fraud,738,0.5671,0.6717,0,2,0.8577,0.8271,6741,0
67001.98,debit_card,gateway_c,rate_limit,565,0.0562,0.5759,0,3,0.8071,0.8196,2661,1
17042.52,net_banking,gateway_a,card_expired,585,0.8482,0.9058,0,0,0.9152,0.3209,5896,0
1570.4,net_banking,gateway_b,insufficient_funds,633,0.4146,0.5175,0,1,0.5439,0.8027,1406,0
70634.63,upi,gateway_a,rate_limit,200,0.0835,0.5486,1,0,0.8019,0.8311,1067,1
68134.01,debit_card,gateway_b,issuer_unavailable,809,0.2602,0.8262,0,0,0.457,0.7083,633,1
84468.09,debit_card,gateway_c,issuer_unavailable,688,0.6407,0.612,0,1,0.9057,0.7569,5521,1
75559.39,net_banking,gateway_c,authentication_required,467,0.3341,0.4101,1,2,0.4029,0.3529,3551,1
56655.32,credit_card,gateway_c,suspected_fraud,704,0.6136,0.7269,0,4,0.8234,0.6977,5754,0
56987.05,debit_card,gateway_c,authentication_required,780,0.0989,0.2471,1,1,0.5899,0.84,3534,0
46584.1,credit_card,gateway_b,card_expired,768,0.669,0.5377,0,3,0.5906,0.3016,6589,0
61313.45,net_banking,gateway_a,network_timeout,266,0.533,0.9465,0,2,0.5155,0.3276,2812,0
5556.16,credit_card,gateway_b,network_timeout,160,0.1825,0.4248,0,4,0.4023,0.5061,970,0
95088.04,wallet,gateway_b,card_expired,144,0.7055,0.6474,1,2,0.7879,0.6597,4841,0
55420.65,debit_card,gateway_a,authentication_required,155,0.1588,0.6987,1,4,0.3117,0.3296,1193,1
76057.07,debit_card,gateway_a,temporary_gateway_error,791,0.0714,0.5703,0,2,0.8489,0.8804,1347,1
34270.81,net_banking,gateway_a,card_expired,789,0.5703,0.5463,0,4,0.9795,0.4539,5013,0
49404.37,wallet,gateway_b,insufficient_funds,511,0.902,0.5874,0,0,0.5097,0.3521,297,1
39630.25,net_banking,gateway_c,insufficient_funds,112,0.327,0.1404,0,2,0.9539,0.6261,3074,0
75472.5,debit_card,gateway_c,temporary_gateway_error,740,0.9909,0.6612,0,4,0.9431,0.6012,6242,1
92175.08,upi,gateway_a,suspected_fraud,974,0.9462,0.4411,0,1,0.7842,0.5021,3518,0
30767.28,upi,gateway_c,card_expired,435,0.6777,0.2007,0,1,0.3011,0.3631,530,0
75628.53,wallet,gateway_a,suspected_fraud,673,0.7063,0.663,0,4,0.3124,0.8043,3844,0
89311.1,wallet,gateway_c,issuer_unavailable,411,0.9331,0.0586,0,2,0.8881,0.53,4907,1
46782.35,credit_card,gateway_c,suspected_fraud,464,0.3564,0.6364,0,3,0.3337,0.8235,832,0
49655.03,upi,gateway_c,network_timeout,132,0.2635,0.8248,0,4,0.6907,0.7882,751,1
90224.36,net_banking,gateway_c,issuer_unavailable,894,0.4679,0.2956,0,2,0.7766,0.8686,6655,0
44847.62,credit_card,gateway_b,issuer_unavailable,906,0.0338,0.618,0,4,0.6973,0.4881,2906,0
75952.21,debit_card,gateway_c,authentication_required,110,0.3328,0.1579,1,4,0.6951,0.4394,1582,1
67571.87,wallet,gateway_a,insufficient_funds,957,0.8004,0.5594,0,3,0.5968,0.5814,6816,0
84570.97,debit_card,gateway_c,insufficient_funds,262,0.144,0.728,0,3,0.7669,0.4439,6680,0
21289.1,credit_card,gateway_c,network_timeout,899,0.8488,0.279,0,0,0.5744,0.4292,6904,1
36425.75,upi,gateway_c,temporary_gateway_error,740,0.347,0.4583,0,3,0.4759,0.5487,2299,1
93062.09,credit_card,gateway_b,card_expired,362,0.7575,0.9069,1,2,0.4334,0.8201,887,0
4507.35,debit_card,gateway_b,suspected_fraud,54,0.5775,0.7031,0,2,0.8646,0.8059,2070,0
86958.32,net_banking,gateway_a,temporary_gateway_error,393,0.1607,0.3684,0,1,0.8774,0.7969,256,0
93553.1,wallet,gateway_a,card_expired,693,0.9116,0.9196,0,1,0.9887,0.3958,6840,0
39436.16,debit_card,gateway_c,card_expired,632,0.0374,0.6464,0,1,0.7792,0.8597,891,1
12701.53,upi,gateway_c,insufficient_funds,223,0.4916,0.2913,0,0,0.8434,0.3284,1901,0
5640.39,upi,gateway_b,suspected_fraud,117,0.5329,0.911,0,2,0.841,0.3588,3241,0
84548.78,debit_card,gateway_a,insufficient_funds,884,0.1946,0.1436,0,2,0.7352,0.5566,4701,1
16316.49,net_banking,gateway_c,insufficient_funds,552,0.3466,0.3316,0,1,0.6454,0.8273,3285,0
86300.57,wallet,gateway_a,rate_limit,701,0.144,0.1193,0,2,0.5105,0.3459,455,1
24983.1,debit_card,gateway_a,card_expired,120,0.7303,0.9126,0,2,0.4165,0.7377,6692,0
66461.91,upi,gateway_b,rate_limit,788,0.0598,0.3882,0,2,0.5392,0.2284,3852,1
48410.85,upi,gateway_a,insufficient_funds,244,0.7996,0.7235,0,0,0.9054,0.8434,1353,0
92899.32,net_banking,gateway_b,card_expired,165,0.1557,0.0415,0,2,0.6982,0.2054,1593,0
72618.68,wallet,gateway_a,network_timeout,380,0.0682,0.2451,0,4,0.8435,0.8546,1853,1
8498.81,credit_card,gateway_c,card_expired,807,0.0537,0.7463,0,3,0.8115,0.424,3068,0
71893.92,credit_card,gateway_a,temporary_gateway_error,906,0.1643,0.5549,0,4,0.6803,0.3766,956,0
41115.69,upi,gateway_b,issuer_unavailable,748,0.7318,0.2105,1,3,0.9178,0.4778,1787,1
38376.94,debit_card,gateway_a,temporary_gateway_error,465,0.45,0.2981,0,4,0.7641,0.6756,5759,1
8783.98,wallet,gateway_b,card_expired,689,0.7434,0.2672,0,0,0.6959,0.8759,5310,0
63466.17,wallet,gateway_c,authentication_required,508,0.9447,0.8188,1,4,0.7081,0.3046,252,0
45189.72,net_banking,gateway_a,insufficient_funds,961,0.3364,0.4441,0,4,0.4049,0.6137,949,1
32831.45,wallet,gateway_c,network_timeout,334,0.1397,0.351,0,4,0.4348,0.3243,6893,1
11781.61,upi,gateway_b,rate_limit,106,0.7439,0.7932,0,0,0.8197,0.2343,4187,1
40970.8,debit_card,gateway_c,temporary_gateway_error,369,0.7183,0.4688,0,0,0.6789,0.8349,2268,1
67083.43,upi,gateway_b,temporary_gateway_error,914,0.6361,0.6124,0,4,0.9293,0.2874,7142,0
41505.31,debit_card,gateway_a,card_expired,653,0.1451,0.6927,0,1,0.5602,0.235,5899,0
61708.7,net_banking,gateway_a,insufficient_funds,783,0.8041,0.0423,1,3,0.4573,0.5941,1615,0
45420.68,debit_card,gateway_a,suspected_fraud,609,0.9967,0.6885,0,1,0.3306,0.4937,2526,0
26867.6,wallet,gateway_a,suspected_fraud,258,0.0172,0.5747,0,4,0.6485,0.2408,2672,0
1644.28,debit_card,gateway_c,issuer_unavailable,690,0.1477,0.1012,0,4,0.736,0.3869,990,0
35427.95,upi,gateway_a,rate_limit,209,0.6727,0.5244,0,4,0.8614,0.5848,3644,0
96178.13,upi,gateway_a,authentication_required,856,0.2541,0.7281,1,1,0.9378,0.4419,950,1
86775.74,credit_card,gateway_c,insufficient_funds,950,0.4705,0.1879,0,4,0.972,0.4178,2138,0
98981.87,credit_card,gateway_c,suspected_fraud,585,0.9753,0.3007,0,1,0.8396,0.3166,132,0
8303.96,net_banking,gateway_b,rate_limit,788,0.8058,0.5313,0,4,0.6142,0.7888,678,1
48643.13,wallet,gateway_a,rate_limit,32,0.3399,0.5006,0,2,0.7067,0.8766,5078,1
76844.56,debit_card,gateway_c,issuer_unavailable,603,0.219,0.7511,0,2,0.8994,0.3926,4024,0
31783.13,wallet,gateway_c,authentication_required,212,0.8658,0.4664,1,4,0.3073,0.3358,2242,0
50279.77,wallet,gateway_a,card_expired,291,0.9291,0.3692,0,2,0.5775,0.5377,6807,0
52919.16,debit_card,gateway_a,suspected_fraud,869,0.2561,0.8943,0,0,0.5754,0.5837,6152,0
17382.17,debit_card,gateway_c,network_timeout,717,0.8254,0.1369,0,2,0.7161,0.5742,2354,0
9432.33,upi,gateway_a,network_timeout,293,0.3979,0.572,0,2,0.3443,0.4258,2429,1
17856.31,wallet,gateway_b,temporary_gateway_error,47,0.3772,0.6076,0,3,0.3263,0.8432,2488,1
39750.52,net_banking,gateway_b,insufficient_funds,835,0.7847,0.0953,0,3,0.876,0.3887,1076,0
65222.72,upi,gateway_b,suspected_fraud,438,0.4492,0.3281,0,2,0.9229,0.8824,1068,0
17917.13,debit_card,gateway_c,card_expired,519,0.0946,0.915,0,1,0.8991,0.4862,7010,0
58831.07,wallet,gateway_c,network_timeout,881,0.3252,0.5465,0,4,0.6788,0.2584,1319,1
14609.55,upi,gateway_b,issuer_unavailable,759,0.1908,0.7285,1,4,0.5803,0.7531,4960,0
66413.81,debit_card,gateway_b,authentication_required,400,0.3562,0.4256,1,4,0.7305,0.8416,5115,1
49452.6,credit_card,gateway_c,issuer_unavailable,676,0.0896,0.2942,0,0,0.5661,0.3672,2359,1
16189.63,debit_card,gateway_b,temporary_gateway_error,393,0.2324,0.4039,0,1,0.504,0.332,6593,0
56344.32,wallet,gateway_b,suspected_fraud,358,0.8342,0.6699,0,0,0.3017,0.2404,2820,0
92614.46,debit_card,gateway_b,issuer_unavailable,826,0.0408,0.0149,0,0,0.8612,0.881,2711,0
89288.0,credit_card,gateway_c,insufficient_funds,434,0.4171,0.7039,0,0,0.8192,0.3301,1691,1
3490.21,upi,gateway_b,insufficient_funds,795,0.9774,0.9486,0,0,0.3783,0.4481,6711,1
22451.88,wallet,gateway_a,insufficient_funds,672,0.7627,0.3808,0,1,0.4038,0.5219,2344,0
80643.85,credit_card,gateway_c,rate_limit,270,0.6812,0.114,0,3,0.6279,0.3913,3348,0
16736.68,debit_card,gateway_a,insufficient_funds,150,0.8947,0.1306,0,2,0.7312,0.442,1813,1
99674.95,wallet,gateway_c,network_timeout,150,0.6928,0.8898,0,1,0.8491,0.4294,2146,1
70778.53,upi,gateway_c,temporary_gateway_error,915,0.1128,0.2228,0,3,0.6905,0.748,2572,0
16202.56,net_banking,gateway_a,rate_limit,49,0.8717,0.4515,0,0,0.7954,0.2712,525,0
8411.74,credit_card,gateway_b,card_expired,356,0.212,0.9844,0,4,0.3325,0.544,3376,0
98157.68,net_banking,gateway_a,rate_limit,343,0.808,0.9655,0,0,0.909,0.446,5371,1
21815.63,net_banking,gateway_b,network_timeout,327,0.3614,0.0657,0,3,0.7548,0.6376,5640,0
429.27,credit_card,gateway_a,insufficient_funds,185,0.9133,0.8571,0,1,0.9745,0.2462,2775,1
54797.02,net_banking,gateway_c,insufficient_funds,982,0.8025,0.9382,0,1,0.7808,0.568,6674,0
10556.01,wallet,gateway_b,network_timeout,574,0.3923,0.663,0,4,0.7825,0.5752,2877,1
2765.22,net_banking,gateway_a,rate_limit,827,0.9065,0.0779,0,1,0.8403,0.2497,913,1
75111.72,debit_card,gateway_b,rate_limit,646,0.5442,0.5035,0,1,0.5939,0.2177,3436,1
57917.8,debit_card,gateway_a,suspected_fraud,680,0.9627,0.2767,0,2,0.5174,0.584,5444,0
6361.89,debit_card,gateway_b,suspected_fraud,43,0.2954,0.9123,0,3,0.7341,0.871,453,0
10939.13,net_banking,gateway_a,insufficient_funds,152,0.9361,0.7012,0,0,0.6913,0.2436,1185,1
56875.81,net_banking,gateway_b,suspected_fraud,682,0.1158,0.7586,0,3,0.3616,0.269,6535,0
85726.92,upi,gateway_a,authentication_required,381,0.5145,0.2037,1,2,0.3846,0.8329,6816,0
77564.2,credit_card,gateway_b,suspected_fraud,351,0.2247,0.4024,0,0,0.4699,0.5672,2872,0
18710.98,credit_card,gateway_a,temporary_gateway_error,36,0.5222,0.6413,0,4,0.8635,0.4877,1497,1
69375.05,wallet,gateway_c,suspected_fraud,571,0.0402,0.014,0,3,0.7532,0.2039,6328,0
12290.89,debit_card,gateway_a,network_timeout,816,0.5765,0.7242,0,4,0.6602,0.5695,836,0
66393.39,net_banking,gateway_b,temporary_gateway_error,683,0.175,0.4181,0,4,0.513,0.861,3734,1
78228.0,wallet,gateway_b,issuer_unavailable,604,0.1275,0.5639,0,2,0.4999,0.4797,6710,0
54239.72,credit_card,gateway_b,insufficient_funds,721,0.2073,0.154,0,3,0.6073,0.4069,3863,0
25041.18,debit_card,gateway_b,network_timeout,483,0.3956,0.4354,1,3,0.3328,0.3447,4988,0
99148.62,wallet,gateway_a,insufficient_funds,600,0.2594,0.8348,0,0,0.6844,0.5683,7101,1
66725.48,credit_card,gateway_c,insufficient_funds,994,0.4756,0.0291,0,2,0.9718,0.2989,909,1
54237.14,upi,gateway_a,suspected_fraud,723,0.368,0.897,0,1,0.3239,0.5281,340,0
5813.31,upi,gateway_a,issuer_unavailable,72,0.0608,0.7339,0,1,0.6017,0.8601,982,1
39022.5,credit_card,gateway_c,insufficient_funds,251,0.1585,0.9733,0,2,0.9526,0.3309,5250,0
58673.06,wallet,gateway_a,authentication_required,906,0.8161,0.3179,1,0,0.7731,0.5865,2393,1
2392.55,credit_card,gateway_b,suspected_fraud,116,0.4041,0.0274,0,3,0.6154,0.8533,6971,0
67153.9,debit_card,gateway_a,temporary_gateway_error,991,0.6998,0.9022,1,3,0.918,0.5663,2187,1
75889.7,credit_card,gateway_a,temporary_gateway_error,174,0.4977,0.1813,0,0,0.3827,0.6615,2860,1
52178.69,net_banking,gateway_b,rate_limit,359,0.6142,0.4076,0,0,0.6673,0.273,2225,0
20558.33,debit_card,gateway_c,card_expired,27,0.0849,0.2373,0,4,0.6815,0.3361,1103,0
79682.56,upi,gateway_c,rate_limit,433,0.2049,0.4496,0,2,0.9374,0.3661,4490,1
139.2,net_banking,gateway_a,issuer_unavailable,799,0.7279,0.8258,0,0,0.6862,0.4291,1466,0
43005.56,upi,gateway_a,issuer_unavailable,201,0.562,0.3459,0,2,0.7262,0.7866,1953,1
67767.06,debit_card,gateway_c,card_expired,713,0.2943,0.2862,0,1,0.5723,0.2388,4020,0
57751.55,debit_card,gateway_c,card_expired,728,0.4633,0.2533,0,1,0.9241,0.886,5076,0
86446.11,net_banking,gateway_a,temporary_gateway_error,402,0.8822,0.4302,0,3,0.648,0.439,1223,1
88200.01,upi,gateway_a,authentication_required,830,0.349,0.7338,1,2,0.5438,0.8356,3943,1
21301.79,wallet,gateway_a,network_timeout,895,0.7213,0.4649,0,0,0.4155,0.7331,1297,1
36830.5,debit_card,gateway_a,authentication_required,323,0.6525,0.3304,1,1,0.7865,0.3698,5534,1
90795.23,upi,gateway_b,authentication_required,129,0.3586,0.5992,1,1,0.5027,0.5024,2337,1
87844.08,net_banking,gateway_b,temporary_gateway_error,913,0.4714,0.2934,0,0,0.719,0.2943,1644,1
20606.59,credit_card,gateway_c,temporary_gateway_error,678,0.9927,0.6754,0,3,0.7396,0.8072,2935,0
60431.99,credit_card,gateway_a,card_expired,213,0.3743,0.9648,0,0,0.81,0.4307,1849,1
82267.07,wallet,gateway_b,temporary_gateway_error,308,0.7721,0.0315,0,2,0.8519,0.6029,7068,1
97543.31,net_banking,gateway_b,temporary_gateway_error,208,0.0495,0.3773,0,2,0.7316,0.4141,1765,0
80317.68,debit_card,gateway_a,card_expired,966,0.4995,0.1993,0,3,0.6809,0.2343,2897,0
69329.27,upi,gateway_b,issuer_unavailable,953,0.5835,0.2714,0,4,0.4037,0.4463,510,1
833.56,credit_card,gateway_c,suspected_fraud,198,0.8255,0.3514,0,2,0.9044,0.3483,6372,0
43216.14,upi,gateway_c,temporary_gateway_error,98,0.2389,0.6202,0,1,0.5079,0.6102,2625,0
81115.05,net_banking,gateway_b,issuer_unavailable,592,0.3789,0.3479,1,2,0.9081,0.6394,2998,0
59648.2,debit_card,gateway_a,rate_limit,196,0.341,0.5845,1,1,0.362,0.3148,2242,1
26815.81,net_banking,gateway_a,issuer_unavailable,39,0.3991,0.221,0,2,0.7697,0.6291,5918,0
65149.64,debit_card,gateway_b,temporary_gateway_error,431,0.4298,0.7887,0,2,0.956,0.5791,2883,1
77958.56,upi,gateway_a,issuer_unavailable,969,0.6901,0.3413,0,2,0.7576,0.8995,2212,0
34284.23,upi,gateway_c,insufficient_funds,464,0.3162,0.9916,0,3,0.59,0.6562,5831,0
61721.32,upi,gateway_a,issuer_unavailable,55,0.1288,0.5405,0,0,0.569,0.3225,4386,0
96806.42,wallet,gateway_c,temporary_gateway_error,216,0.3115,0.2808,0,4,0.9457,0.8232,4301,1
41420.93,upi,gateway_b,network_timeout,497,0.9977,0.1738,0,1,0.8176,0.3419,1639,1
43244.71,net_banking,gateway_c,card_expired,967,0.7055,0.1573,0,0,0.5069,0.3482,2261,0
98934.49,wallet,gateway_c,insufficient_funds,176,0.7913,0.2275,0,1,0.4898,0.4875,1419,0
81024.45,upi,gateway_a,temporary_gateway_error,114,0.5718,0.1067,0,1,0.3735,0.7428,2224,1
5720.64,net_banking,gateway_a,insufficient_funds,240,0.5233,0.082,0,1,0.938,0.5019,157,1
88765.96,upi,gateway_b,issuer_unavailable,206,0.2379,0.9822,0,4,0.4302,0.3537,3949,0
35159.31,net_banking,gateway_c,network_timeout,45,0.136,0.7292,0,0,0.7144,0.7286,2583,1
95155.29,debit_card,gateway_c,rate_limit,43,0.5563,0.2233,0,4,0.437,0.5541,4045,0
4313.01,upi,gateway_b,card_expired,222,0.9688,0.1885,0,3,0.8298,0.6047,2117,0
50419.54,net_banking,gateway_a,suspected_fraud,962,0.7032,0.6888,0,2,0.7499,0.6232,3361,0
48355.6,wallet,gateway_a,card_expired,609,0.2903,0.8454,0,4,0.7235,0.6961,6653,0
37740.89,net_banking,gateway_b,authentication_required,518,0.3266,0.2872,1,4,0.6903,0.3772,5909,0
29385.77,credit_card,gateway_a,card_expired,349,0.1776,0.8427,0,4,0.7149,0.4648,4826,0
53894.26,net_banking,gateway_a,temporary_gateway_error,481,0.2235,0.084,1,0,0.5441,0.6959,5143,1
62929.81,upi,gateway_b,network_timeout,199,0.9797,0.3302,0,2,0.6276,0.5495,1784,1
43585.25,debit_card,gateway_c,network_timeout,840,0.5001,0.0886,0,0,0.3629,0.6534,7100,1
35766.27,upi,gateway_c,network_timeout,978,0.5513,0.2499,0,3,0.9487,0.441,514,0
18760.19,wallet,gateway_b,insufficient_funds,964,0.9917,0.8053,0,2,0.3565,0.8448,4842,1
80173.0,net_banking,gateway_a,temporary_gateway_error,971,0.8238,0.818,0,4,0.3293,0.8809,4152,1
37790.8,net_banking,gateway_b,issuer_unavailable,467,0.4624,0.99,0,2,0.4083,0.5459,3613,0
69855.69,credit_card,gateway_b,card_expired,832,0.816,0.7292,0,4,0.7889,0.7315,4475,0
72801.5,net_banking,gateway_a,card_expired,856,0.5693,0.1453,0,0,0.7806,0.4059,4759,0
5037.05,net_banking,gateway_c,authentication_required,414,0.5089,0.0174,1,1,0.3837,0.369,4299,0
96830.41,upi,gateway_c,network_timeout,503,0.8034,0.038,0,4,0.3489,0.8665,2039,0
52094.07,upi,gateway_a,insufficient_funds,263,0.9243,0.669,0,4,0.301,0.6723,3325,0
94738.93,wallet,gateway_b,network_timeout,116,0.0895,0.8991,0,3,0.6996,0.5265,3382,0
60637.68,wallet,gateway_b,issuer_unavailable,334,0.2134,0.9661,0,1,0.3233,0.8429,4080,1
16869.74,wallet,gateway_c,rate_limit,340,0.2101,0.3789,0,4,0.879,0.7287,2986,1
85185.66,upi,gateway_a,temporary_gateway_error,619,0.2649,0.8632,0,0,0.7589,0.5142,7057,1
98061.32,wallet,gateway_c,rate_limit,422,0.163,0.0398,0,2,0.5981,0.3015,2462,0
23326.17,wallet,gateway_b,rate_limit,691,0.038,0.6438,0,4,0.8714,0.2577,2033,0
35575.43,credit_card,gateway_b,card_expired,323,0.6928,0.2945,0,3,0.4563,0.5462,2098,0
81369.54,wallet,gateway_a,network_timeout,534,0.9783,0.2965,0,1,0.4837,0.468,2773,1
5113.74,upi,gateway_c,authentication_required,369,0.4918,0.6633,1,2,0.9691,0.5598,6862,0
83549.16,net_banking,gateway_c,suspected_fraud,751,0.7205,0.4473,0,3,0.4114,0.6189,4771,0
64920.04,debit_card,gateway_a,insufficient_funds,650,0.9547,0.9762,0,2,0.3983,0.882,1285,0
62152.54,debit_card,gateway_c,temporary_gateway_error,76,0.6468,0.8758,0,4,0.3813,0.3689,3006,1
13421.36,debit_card,gateway_b,rate_limit,584,0.3663,0.4964,0,1,0.7989,0.2618,3268,1
66800.84,net_banking,gateway_c,network_timeout,925,0.7811,0.739,0,0,0.8875,0.6298,6584,0
95202.49,debit_card,gateway_c,rate_limit,190,0.2292,0.1585,0,3,0.8166,0.557,3128,1
43271.23,wallet,gateway_c,insufficient_funds,626,0.8586,0.2126,0,4,0.6799,0.7527,1043,1
74145.05,credit_card,gateway_b,network_timeout,716,0.4022,0.3607,0,1,0.6595,0.6313,444,0
15280.44,upi,gateway_a,temporary_gateway_error,322,0.785,0.6182,0,4,0.3473,0.8245,2977,1
58730.1,credit_card,gateway_b,suspected_fraud,749,0.478,0.6139,0,3,0.8486,0.704,5859,0
78556.09,upi,gateway_c,network_timeout,260,0.2592,0.9042,0,2,0.6482,0.287,7115,1
81685.59,net_banking,gateway_b,suspected_fraud,440,0.4258,0.8403,0,3,0.976,0.5797,456,0
81060.96,wallet,gateway_c,card_expired,478,0.6481,0.6322,0,0,0.787,0.804,1015,0
25059.64,net_banking,gateway_b,network_timeout,106,0.0254,0.5299,0,4,0.5629,0.2048,4266,1
37941.72,net_banking,gateway_b,rate_limit,731,0.815,0.7969,0,4,0.6989,0.5253,5376,1
84040.35,wallet,gateway_c,insufficient_funds,679,0.6441,0.5768,0,1,0.5377,0.7556,2300,0
32876.06,debit_card,gateway_c,issuer_unavailable,857,0.7856,0.8131,0,2,0.7013,0.3343,3451,1
67070.49,upi,gateway_b,rate_limit,460,0.1546,0.4251,0,0,0.8977,0.3627,4686,1
68726.28,upi,gateway_c,insufficient_funds,877,0.4771,0.8442,1,1,0.8519,0.2937,6568,0
97073.07,upi,gateway_a,temporary_gateway_error,318,0.609,0.5229,0,0,0.8201,0.5809,5859,0
81817.23,wallet,gateway_a,issuer_unavailable,169,0.8942,0.3058,0,1,0.4617,0.3398,7019,0
17505.73,credit_card,gateway_b,card_expired,341,0.7383,0.4805,0,4,0.8291,0.643,6615,0
25383.69,wallet,gateway_b,card_expired,947,0.2605,0.8201,0,4,0.4606,0.255,1631,0
8687.23,upi,gateway_b,authentication_required,163,0.4222,0.1801,1,0,0.5257,0.2324,5569,1
14664.55,debit_card,gateway_a,suspected_fraud,231,0.2066,0.4187,0,1,0.9366,0.6816,4483,0
72978.06,upi,gateway_a,card_expired,564,0.1694,0.7875,0,0,0.8136,0.8785,2479,0
39734.86,wallet,gateway_b,temporary_gateway_error,447,0.1629,0.4726,0,0,0.5233,0.8479,496,1
93512.41,debit_card,gateway_b,authentication_required,358,0.8309,0.2871,1,2,0.431,0.2439,1850,1
50583.86,net_banking,gateway_c,suspected_fraud,419,0.2044,0.6835,0,3,0.9752,0.8597,231,0
58052.3,debit_card,gateway_a,card_expired,439,0.8878,0.4269,0,1,0.3793,0.513,3936,0
29406.32,wallet,gateway_c,card_expired,657,0.0002,0.8714,0,0,0.3718,0.7497,1734,0
31621.65,net_banking,gateway_b,issuer_unavailable,717,0.9658,0.2749,0,3,0.6566,0.2583,2668,1
34559.23,net_banking,gateway_c,network_timeout,20,0.3209,0.6697,0,3,0.8298,0.8505,6150,0
54005.39,upi,gateway_a,suspected_fraud,946,0.0021,0.5157,0,1,0.8762,0.7908,274,0
14349.21,wallet,gateway_a,card_expired,945,0.0488,0.0373,0,3,0.79,0.5851,5294,0
85035.04,net_banking,gateway_c,authentication_required,133,0.9814,0.8807,1,3,0.5545,0.8628,6446,1
39931.81,credit_card,gateway_a,insufficient_funds,935,0.9679,0.4935,0,4,0.3794,0.6572,3875,1
24120.21,net_banking,gateway_b,temporary_gateway_error,278,0.6749,0.4649,0,2,0.5065,0.744,4898,1
38600.54,net_banking,gateway_c,suspected_fraud,316,0.5227,0.9071,0,0,0.7122,0.3765,7196,0
53198.65,net_banking,gateway_a,issuer_unavailable,148,0.8151,0.8102,0,4,0.5669,0.5449,5441,0
60462.16,credit_card,gateway_a,authentication_required,128,0.8478,0.1198,1,1,0.4554,0.8499,5562,0
4459.15,upi,gateway_c,card_expired,615,0.378,0.7983,0,2,0.4875,0.3211,4947,0
67327.19,upi,gateway_b,insufficient_funds,542,0.4949,0.4808,0,3,0.4196,0.2131,6280,0
61280.56,debit_card,gateway_a,issuer_unavailable,846,0.7131,0.9983,1,3,0.361,0.6645,1369,0
31334.37,debit_card,gateway_b,network_timeout,896,0.0755,0.3134,0,0,0.7813,0.6252,2963,0
40053.96,wallet,gateway_c,rate_limit,869,0.6322,0.8604,0,0,0.7606,0.8762,184,0
49006.17,credit_card,gateway_c,insufficient_funds,876,0.4165,0.5182,0,1,0.433,0.2271,3475,0
92001.36,upi,gateway_b,insufficient_funds,796,0.0629,0.8168,0,0,0.6829,0.5709,101,1
92045.17,upi,gateway_c,card_expired,683,0.3424,0.934,0,0,0.4631,0.3627,1261,0
54910.4,debit_card,gateway_a,suspected_fraud,238,0.1068,0.6505,0,1,0.4736,0.7293,4704,0
63972.82,debit_card,gateway_c,rate_limit,770,0.5433,0.2911,0,2,0.6359,0.7861,4656,1
37147.94,credit_card,gateway_c,network_timeout,485,0.6396,0.114,0,0,0.9367,0.8298,5854,1
53807.28,wallet,gateway_a,insufficient_funds,91,0.9737,0.0026,0,2,0.6806,0.5972,333,0
1840.6,credit_card,gateway_c,network_timeout,280,0.0515,0.0353,0,3,0.8624,0.4532,7192,1
66231.68,wallet,gateway_b,suspected_fraud,841,0.8645,0.1693,1,3,0.7161,0.836,1931,0
66252.62,wallet,gateway_c,network_timeout,662,0.7163,0.5115,0,1,0.7126,0.2275,5712,1
87548.03,upi,gateway_a,temporary_gateway_error,25,0.0486,0.3679,0,3,0.5137,0.6853,3487,0
42890.48,upi,gateway_a,rate_limit,731,0.0156,0.0017,0,1,0.536,0.4564,191,0
82200.1,net_banking,gateway_a,issuer_unavailable,294,0.1623,0.9808,1,4,0.3141,0.5396,5860,0
56514.12,upi,gateway_a,rate_limit,44,0.1542,0.5533,0,1,0.6496,0.8917,3949,1
7494.62,debit_card,gateway_a,issuer_unavailable,788,0.0677,0.1362,0,0,0.6072,0.2294,1385,0
11168.7,upi,gateway_b,insufficient_funds,74,0.3144,0.6505,0,3,0.3643,0.3308,911,0
52208.68,wallet,gateway_c,suspected_fraud,905,0.1314,0.6572,0,1,0.8165,0.5325,3235,0
1829.96,credit_card,gateway_b,insufficient_funds,390,0.1286,0.1791,1,2,0.8161,0.5897,3100,0
50955.48,credit_card,gateway_a,issuer_unavailable,341,0.2389,0.4515,0,0,0.9483,0.6276,2315,0
9787.97,net_banking,gateway_a,suspected_fraud,673,0.8659,0.9127,0,2,0.7501,0.3001,865,0
9793.62,debit_card,gateway_c,rate_limit,456,0.9439,0.6604,0,3,0.4675,0.6007,5786,0
38818.05,debit_card,gateway_c,network_timeout,708,0.8085,0.3616,0,1,0.9502,0.7512,4783,1
95777.65,net_banking,gateway_a,rate_limit,391,0.7653,0.5392,0,2,0.5976,0.4226,4106,0
93493.44,upi,gateway_c,card_expired,28,0.7694,0.1573,0,4,0.8488,0.6157,6266,0
32702.33,wallet,gateway_c,issuer_unavailable,47,0.0019,0.7386,0,3,0.6913,0.6423,5782,0
35183.82,net_banking,gateway_c,authentication_required,952,0.9656,0.6279,1,2,0.9558,0.7447,4076,1
72464.22,wallet,gateway_b,network_timeout,744,0.4009,0.0084,0,4,0.6191,0.6909,2384,0
24887.51,debit_card,gateway_a,authentication_required,773,0.7875,0.3632,1,3,0.454,0.664,1566,0
87079.45,net_banking,gateway_a,network_timeout,760,0.4859,0.2674,0,2,0.3696,0.3007,2043,1
83537.39,credit_card,gateway_c,rate_limit,546,0.3894,0.2374,0,0,0.5436,0.7933,7009,0
59184.46,net_banking,gateway_b,suspected_fraud,316,0.0334,0.7366,0,1,0.3254,0.2976,4962,0
8581.1,wallet,gateway_a,network_timeout,331,0.5519,0.112,0,2,0.6519,0.4006,494,1
73072.0,upi,gateway_c,rate_limit,676,0.6843,0.5506,0,1,0.4335,0.6923,449,1
2801.94,debit_card,gateway_b,authentication_required,871,0.838,0.0605,1,2,0.4502,0.3447,2191,1
70681.85,debit_card,gateway_a,rate_limit,971,0.0454,0.3229,0,1,0.4338,0.3175,2202,0
9745.08,credit_card,gateway_a,temporary_gateway_error,755,0.3438,0.8945,0,4,0.4349,0.817,948,1
30411.71,debit_card,gateway_a,issuer_unavailable,988,0.9744,0.6921,0,2,0.3421,0.2429,1290,0
19910.74,net_banking,gateway_c,temporary_gateway_error,786,0.0764,0.5224,0,1,0.4603,0.2956,3230,0
49379.8,wallet,gateway_a,rate_limit,791,0.2018,0.397,0,3,0.5967,0.7214,603,0
44687.44,upi,gateway_b,temporary_gateway_error,611,0.9331,0.1501,0,4,0.6841,0.755,6521,1
89037.48,wallet,gateway_a,issuer_unavailable,457,0.005,0.5662,0,4,0.6008,0.515,1732,0
29578.47,credit_card,gateway_b,rate_limit,640,0.622,0.3178,0,1,0.9246,0.384,1994,1
11929.97,wallet,gateway_b,network_timeout,874,0.7434,0.4854,0,4,0.8982,0.3384,535,1
49579.39,credit_card,gateway_b,temporary_gateway_error,185,0.2551,0.0596,0,0,0.7797,0.6467,1179,0
10405.81,net_banking,gateway_c,card_expired,229,0.7375,0.4822,0,1,0.5704,0.5066,407,0
57496.02,wallet,gateway_b,rate_limit,766,0.6435,0.9099,0,0,0.4556,0.8383,1780,1
70043.97,upi,gateway_b,card_expired,296,0.8086,0.5277,0,2,0.4822,0.8758,4635,0
25627.8,net_banking,gateway_c,card_expired,429,0.7383,0.6963,0,2,0.5269,0.8043,5745,0
90055.93,wallet,gateway_b,temporary_gateway_error,702,0.7958,0.6479,0,0,0.4593,0.5019,5876,1
79911.02,credit_card,gateway_a,network_timeout,482,0.527,0.502,0,3,0.6506,0.3822,1266,0
92847.28,credit_card,gateway_c,insufficient_funds,78,0.1093,0.9063,0,1,0.7119,0.3163,2336,1
27075.28,credit_card,gateway_a,temporary_gateway_error,195,0.4033,0.8767,0,3,0.3845,0.8921,2870,1
94579.62,debit_card,gateway_c,issuer_unavailable,466,0.3381,0.7152,1,2,0.7062,0.8937,2312,0
34077.26,net_banking,gateway_b,rate_limit,559,0.9339,0.6672,0,2,0.9315,0.3517,6996,0
22129.95,wallet,gateway_a,card_expired,926,0.18,0.3572,0,1,0.3163,0.8065,6816,0
46245.34,wallet,gateway_b,rate_limit,982,0.7482,0.7594,0,4,0.4439,0.2408,2825,0
55855.75,upi,gateway_c,rate_limit,351,0.7397,0.4069,0,2,0.4732,0.3984,574,1
70191.78,net_banking,gateway_a,rate_limit,425,0.7955,0.9537,0,0,0.6147,0.5874,4848,1
2718.45,debit_card,gateway_a,authentication_required,491,0.2251,0.4674,1,1,0.557,0.4253,5849,1
27339.61,upi,gateway_b,issuer_unavailable,608,0.029,0.4861,0,3,0.9848,0.3085,3357,0
90332.05,debit_card,gateway_c,network_timeout,196,0.5214,0.4243,0,2,0.626,0.6106,4015,0
24751.65,credit_card,gateway_c,network_timeout,251,0.4156,0.5764,0,2,0.427,0.5681,4074,1
63718.96,net_banking,gateway_a,suspected_fraud,667,0.9973,0.0276,0,0,0.4716,0.7302,6155,0
32307.27,upi,gateway_b,rate_limit,243,0.6472,0.4026,0,2,0.6548,0.2296,4368,0
34291.68,wallet,gateway_a,network_timeout,988,0.9958,0.4644,0,1,0.8841,0.2858,5633,0
74773.24,debit_card,gateway_c,suspected_fraud,251,0.7839,0.8938,0,2,0.402,0.3652,3119,0
76932.32,net_banking,gateway_c,network_timeout,818,0.5836,0.4411,0,3,0.8668,0.8054,196,1
57844.43,upi,gateway_c,suspected_fraud,664,0.6499,0.1967,0,0,0.3121,0.6325,5419,0
94378.86,wallet,gateway_b,network_timeout,592,0.3996,0.9381,0,1,0.5472,0.3075,3546,0
79554.57,debit_card,gateway_a,rate_limit,758,0.6668,0.109,0,1,0.5561,0.2142,6674,0
58056.92,net_banking,gateway_b,authentication_required,375,0.3228,0.2295,1,0,0.9973,0.7484,4261,0
70562.36,upi,gateway_a,suspected_fraud,512,0.8474,0.5819,0,2,0.4718,0.575,4056,0
27108.45,net_banking,gateway_c,suspected_fraud,735,0.1238,0.6453,0,3,0.9037,0.2936,4444,0
75716.79,net_banking,gateway_a,temporary_gateway_error,970,0.483,0.1363,0,4,0.8683,0.7551,3926,0
47621.78,debit_card,gateway_a,temporary_gateway_error,918,0.436,0.5866,0,0,0.8386,0.2105,833,0
16889.03,upi,gateway_c,network_timeout,789,0.8445,0.2048,1,2,0.7484,0.3178,3776,0
86373.53,upi,gateway_b,suspected_fraud,820,0.132,0.707,0,0,0.4136,0.7234,3357,0
3037.65,debit_card,gateway_a,network_timeout,617,0.9813,0.6788,0,3,0.6766,0.5568,6284,1
57972.17,credit_card,gateway_a,issuer_unavailable,811,0.7532,0.9408,0,0,0.739,0.4661,4469,1
6802.48,wallet,gateway_a,network_timeout,961,0.8439,0.1038,0,4,0.6806,0.6542,5307,1
54342.91,wallet,gateway_c,temporary_gateway_error,574,0.9906,0.7715,0,2,0.9937,0.7688,6240,0
87347.11,credit_card,gateway_b,network_timeout,884,0.5971,0.6506,0,4,0.4284,0.6604,3924,1
90121.08,upi,gateway_a,authentication_required,127,0.9555,0.5682,1,3,0.4405,0.238,6839,0
73515.19,upi,gateway_a,issuer_unavailable,610,0.5143,0.9025,0,2,0.8628,0.4461,1955,0
29517.04,net_banking,gateway_b,card_expired,368,0.0407,0.2795,0,0,0.8762,0.8197,121,0
44252.44,net_banking,gateway_c,card_expired,145,0.025,0.6636,0,0,0.8528,0.707,6416,0
62727.55,credit_card,gateway_a,insufficient_funds,222,0.5198,0.3586,0,4,0.5113,0.286,5289,0
20621.11,credit_card,gateway_b,suspected_fraud,43,0.5186,0.8253,0,0,0.6299,0.8226,5355,0
24022.71,wallet,gateway_c,suspected_fraud,609,0.0216,0.5215,0,4,0.8433,0.422,5317,0
26800.83,wallet,gateway_c,rate_limit,104,0.389,0.7672,0,1,0.7653,0.7149,314,1
19186.38,credit_card,gateway_b,authentication_required,419,0.3582,0.1019,1,1,0.9472,0.3007,6188,0
40959.85,upi,gateway_a,authentication_required,589,0.4549,0.4515,1,4,0.7974,0.606,1034,1
21856.27,debit_card,gateway_a,card_expired,402,0.1189,0.6105,0,2,0.5563,0.7054,4268,0
43361.92,upi,gateway_b,insufficient_funds,901,0.6052,0.5097,0,2,0.3229,0.6913,2233,0
4680.08,upi,gateway_c,suspected_fraud,942,0.7308,0.3855,0,1,0.3149,0.52,3999,0
98494.55,net_banking,gateway_c,authentication_required,408,0.0871,0.9651,1,0,0.6938,0.3609,6230,0
91451.61,credit_card,gateway_b,insufficient_funds,703,0.1758,0.1645,0,2,0.3895,0.564,5548,0
69511.44,upi,gateway_c,rate_limit,225,0.2005,0.3376,0,2,0.4799,0.5637,3197,1
31995.28,net_banking,gateway_c,suspected_fraud,983,0.6299,0.6116,0,4,0.3544,0.799,1284,0
99343.38,debit_card,gateway_b,suspected_fraud,624,0.7867,0.9884,0,4,0.6689,0.673,4090,0
82775.66,debit_card,gateway_b,card_expired,127,0.4591,0.3157,0,2,0.9496,0.7542,1363,0
4414.96,debit_card,gateway_a,insufficient_funds,140,0.4236,0.3295,0,3,0.5325,0.8707,2094,0
60267.38,credit_card,gateway_a,suspected_fraud,159,0.7894,0.836,0,3,0.896,0.2713,4847,0
4326.47,credit_card,gateway_b,issuer_unavailable,646,0.2721,0.0459,0,3,0.4562,0.4855,7054,0
7474.78,wallet,gateway_a,network_timeout,552,0.4778,0.6921,0,1,0.3116,0.4641,2,1
27958.7,wallet,gateway_c,network_timeout,852,0.0893,0.0774,0,0,0.3661,0.8951,5491,1
19472.75,wallet,gateway_b,temporary_gateway_error,41,0.8548,0.1843,0,0,0.4083,0.7187,5953,1
4251.48,debit_card,gateway_b,issuer_unavailable,277,0.4248,0.3679,0,0,0.5662,0.7686,2951,1
57488.73,wallet,gateway_a,rate_limit,939,0.8822,0.414,0,4,0.6689,0.4968,1013,0
86635.52,credit_card,gateway_a,authentication_required,98,0.7812,0.9441,1,2,0.6036,0.6095,765,0
41481.47,wallet,gateway_a,issuer_unavailable,969,0.3313,0.34,0,0,0.4345,0.7197,5613,1
97449.43,debit_card,gateway_a,insufficient_funds,663,0.4626,0.7318,0,3,0.6483,0.8688,768,0
74160.51,credit_card,gateway_a,temporary_gateway_error,465,0.3347,0.4875,0,1,0.4404,0.5737,1802,1
58107.67,credit_card,gateway_c,card_expired,583,0.6054,0.4136,0,3,0.884,0.6376,2364,0
35026.43,net_banking,gateway_b,issuer_unavailable,866,0.7276,0.1009,0,1,0.3193,0.5478,240,1
48327.96,net_banking,gateway_c,network_timeout,111,0.0058,0.0367,0,3,0.5471,0.2552,4224,0
42987.93,upi,gateway_b,temporary_gateway_error,394,0.0595,0.7104,0,3,0.488,0.5828,1184,1
49698.12,wallet,gateway_b,temporary_gateway_error,885,0.2046,0.5562,0,0,0.6858,0.6578,6729,1
57989.36,upi,gateway_c,network_timeout,304,0.7358,0.4666,0,2,0.7736,0.2722,2599,1
23594.87,wallet,gateway_c,insufficient_funds,871,0.8851,0.2304,0,0,0.971,0.379,5504,0
35994.54,debit_card,gateway_b,insufficient_funds,889,0.3041,0.7557,0,1,0.9585,0.3584,2727,0
78516.98,wallet,gateway_a,temporary_gateway_error,949,0.9437,0.1136,0,2,0.7779,0.7198,3074,1
40979.35,net_banking,gateway_b,suspected_fraud,664,0.4277,0.3461,0,3,0.897,0.7502,3902,0
91692.43,net_banking,gateway_a,authentication_required,173,0.6405,0.0824,1,0,0.9029,0.7079,3597,1
17411.58,net_banking,gateway_a,network_timeout,933,0.2125,0.167,0,2,0.6226,0.5731,6741,1
6759.59,credit_card,gateway_b,network_timeout,35,0.539,0.1935,0,0,0.6728,0.825,3314,1
13273.23,upi,gateway_a,rate_limit,928,0.9175,0.1399,0,1,0.3687,0.3107,791,1
14942.73,credit_card,gateway_b,temporary_gateway_error,390,0.2539,0.4171,0,1,0.5005,0.84,2534,1
61936.6,credit_card,gateway_b,temporary_gateway_error,296,0.52,0.768,0,2,0.5413,0.3181,5823,1
71625.23,upi,gateway_c,card_expired,693,0.3094,0.9293,0,0,0.3229,0.6716,7175,0
77935.9,upi,gateway_a,rate_limit,599,0.6099,0.8774,0,0,0.7985,0.4155,3824,1
26342.57,credit_card,gateway_a,rate_limit,673,0.615,0.1718,0,2,0.9552,0.7069,1539,1
85322.63,debit_card,gateway_c,insufficient_funds,566,0.356,0.5984,0,4,0.9115,0.3123,6563,0
21203.25,wallet,gateway_b,network_timeout,874,0.4196,0.3077,0,1,0.5034,0.5708,4954,0
21018.13,net_banking,gateway_a,insufficient_funds,624,0.8473,0.8037,0,0,0.3088,0.7453,6986,1
86119.56,wallet,gateway_b,rate_limit,884,0.2519,0.7964,0,1,0.933,0.7043,3220,0
53874.5,credit_card,gateway_c,issuer_unavailable,141,0.075,0.9466,0,0,0.6283,0.4007,44,1
15445.54,wallet,gateway_b,authentication_required,183,0.2326,0.7124,1,4,0.525,0.8316,1373,0
86004.31,credit_card,gateway_a,issuer_unavailable,522,0.8342,0.0787,0,3,0.6369,0.4712,661,0
42472.51,debit_card,gateway_c,temporary_gateway_error,393,0.1597,0.5691,0,4,0.3821,0.4879,7158,1
36100.5,upi,gateway_a,rate_limit,881,0.9352,0.3251,0,4,0.7449,0.7267,3852,1
67854.98,credit_card,gateway_c,insufficient_funds,489,0.6728,0.3016,0,0,0.8504,0.4821,801,1
86165.73,debit_card,gateway_c,rate_limit,492,0.8533,0.9453,0,1,0.5597,0.6888,6792,1
67009.62,net_banking,gateway_c,authentication_required,150,0.4311,0.2066,1,4,0.7144,0.6762,859,1
97078.89,credit_card,gateway_c,suspected_fraud,485,0.6518,0.0752,0,2,0.3332,0.5665,5491,0
61518.69,credit_card,gateway_b,suspected_fraud,627,0.5538,0.5102,0,1,0.5341,0.3801,3465,0
26744.12,wallet,gateway_c,temporary_gateway_error,387,0.5041,0.7427,0,4,0.5121,0.3142,5196,0
91301.28,wallet,gateway_c,temporary_gateway_error,862,0.3614,0.1535,0,2,0.4735,0.6342,4676,0
37919.96,credit_card,gateway_a,issuer_unavailable,403,0.2135,0.7881,0,1,0.9005,0.4981,1562,0
87428.39,net_banking,gateway_c,temporary_gateway_error,242,0.5923,0.6716,0,3,0.9401,0.2527,5561,1
49768.61,debit_card,gateway_a,network_timeout,815,0.4926,0.0352,0,3,0.3684,0.7094,74,0
56943.73,debit_card,gateway_c,issuer_unavailable,556,0.0556,0.5448,1,1,0.8237,0.3986,5904,1
95280.99,credit_card,gateway_c,rate_limit,849,0.8377,0.4662,0,4,0.5096,0.5013,4259,1
24305.44,debit_card,gateway_a,network_timeout,410,0.5993,0.1962,0,3,0.6684,0.4465,4970,0
33240.48,upi,gateway_b,network_timeout,232,0.3232,0.2737,0,4,0.5888,0.3827,6423,1
87920.79,net_banking,gateway_a,authentication_required,423,0.8749,0.2475,1,2,0.3568,0.5942,4383,0
77900.63,net_banking,gateway_a,suspected_fraud,112,0.2786,0.6931,0,3,0.8489,0.5297,6837,0
1121.8,net_banking,gateway_c,authentication_required,377,0.1219,0.2394,1,3,0.6839,0.8023,5973,0
76231.32,wallet,gateway_c,rate_limit,182,0.2693,0.7041,0,0,0.9554,0.6941,2701,1
79399.36,net_banking,gateway_b,authentication_required,915,0.6851,0.0957,1,1,0.7594,0.5193,5510,0
93235.85,upi,gateway_c,card_expired,933,0.2254,0.4406,0,0,0.4562,0.5583,2381,1
15978.13,net_banking,gateway_c,temporary_gateway_error,288,0.1749,0.354,0,2,0.5905,0.847,6184,1
83599.08,credit_card,gateway_a,suspected_fraud,474,0.0594,0.0467,0,1,0.5876,0.8279,1884,0
47202.91,net_banking,gateway_a,issuer_unavailable,702,0.5843,0.1703,0,1,0.5417,0.5457,6665,1
62739.05,net_banking,gateway_b,insufficient_funds,487,0.0473,0.2645,0,3,0.5774,0.4648,5274,0
71795.33,upi,gateway_c,card_expired,677,0.7629,0.2074,0,1,0.3,0.6477,2132,0
4209.07,credit_card,gateway_c,network_timeout,614,0.2079,0.8092,0,1,0.6604,0.7425,2413,0
76374.41,debit_card,gateway_c,temporary_gateway_error,517,0.9874,0.5168,0,3,0.3205,0.7072,5480,1
2507.93,credit_card,gateway_a,temporary_gateway_error,65,0.0818,0.4877,0,0,0.4113,0.7698,963,1
9594.98,wallet,gateway_b,temporary_gateway_error,841,0.7326,0.1477,0,0,0.3937,0.464,2398,0
20370.11,net_banking,gateway_c,authentication_required,728,0.2667,0.0425,1,4,0.5396,0.2251,1401,1
92466.26,debit_card,gateway_a,temporary_gateway_error,643,0.9344,0.0372,0,1,0.4659,0.2702,977,1
73961.31,debit_card,gateway_a,network_timeout,760,0.2905,0.7998,0,4,0.4155,0.372,289,1
30340.0,credit_card,gateway_b,issuer_unavailable,856,0.8555,0.9936,0,1,0.6959,0.6223,13,1
95599.67,net_banking,gateway_c,issuer_unavailable,345,0.9458,0.1043,0,3,0.7091,0.2498,1419,0
41803.34,credit_card,gateway_b,issuer_unavailable,694,0.3338,0.5404,0,4,0.9979,0.3239,6303,0
92907.4,net_banking,gateway_c,temporary_gateway_error,256,0.9878,0.4414,0,3,0.5083,0.2762,3732,1
55431.38,net_banking,gateway_c,issuer_unavailable,444,0.6261,0.5074,0,0,0.6023,0.4785,1883,0
53451.99,wallet,gateway_b,rate_limit,280,0.7989,0.1818,0,3,0.9123,0.8507,7159,1
76933.45,upi,gateway_c,network_timeout,173,0.769,0.3418,0,2,0.4752,0.8418,3007,0
96106.78,upi,gateway_a,network_timeout,610,0.587,0.3612,0,2,0.7352,0.8553,4214,1
81095.66,net_banking,gateway_c,temporary_gateway_error,82,0.7223,0.8304,0,0,0.3552,0.2165,800,1
57055.29,net_banking,gateway_c,authentication_required,520,0.4173,0.6809,1,1,0.8785,0.7005,6360,1
86136.18,wallet,gateway_c,issuer_unavailable,949,0.6191,0.333,0,1,0.5457,0.4979,2357,0
40496.86,upi,gateway_a,card_expired,647,0.2863,0.0088,0,4,0.4662,0.5745,2393,0
51278.69,debit_card,gateway_c,network_timeout,975,0.2439,0.467,0,0,0.6654,0.7134,5133,0
83582.53,debit_card,gateway_c,network_timeout,277,0.8093,0.6367,0,3,0.6818,0.3642,3340,1
38218.47,net_banking,gateway_a,rate_limit,394,0.3474,0.8179,0,1,0.9805,0.2211,4178,1
71698.88,wallet,gateway_c,issuer_unavailable,389,0.0898,0.5139,0,4,0.8908,0.4033,3045,0
52604.51,credit_card,gateway_a,issuer_unavailable,864,0.1522,0.6096,0,1,0.306,0.5731,2544,0
23502.01,credit_card,gateway_b,insufficient_funds,242,0.5621,0.1899,0,4,0.7377,0.2028,5014,0
50748.7,wallet,gateway_c,insufficient_funds,744,0.6821,0.9295,0,0,0.4823,0.5903,5943,0
10326.31,upi,gateway_a,card_expired,445,0.197,0.4873,1,1,0.5641,0.2095,3481,0
58279.15,debit_card,gateway_b,insufficient_funds,889,0.8644,0.5036,0,4,0.5732,0.4066,3840,1
6258.06,wallet,gateway_b,rate_limit,358,0.1664,0.0605,0,4,0.6913,0.8261,3283,0
55374.95,wallet,gateway_b,card_expired,217,0.8499,0.4745,0,4,0.6119,0.4372,45,0
82471.88,net_banking,gateway_a,authentication_required,867,0.8007,0.8117,1,1,0.7855,0.7319,6013,1
50364.09,wallet,gateway_b,network_timeout,277,0.4545,0.8233,0,2,0.6071,0.7286,1098,0
74312.45,credit_card,gateway_b,authentication_required,682,0.2444,0.3076,1,0,0.7716,0.866,3020,0
41302.69,net_banking,gateway_b,authentication_required,87,0.593,0.4817,1,4,0.9751,0.3168,4829,1
35136.29,upi,gateway_b,issuer_unavailable,192,0.5985,0.0394,0,1,0.6347,0.2711,7004,0
25158.07,credit_card,gateway_a,authentication_required,964,0.7751,0.3219,1,1,0.6414,0.8247,4660,0
14998.87,net_banking,gateway_b,authentication_required,265,0.0265,0.5882,1,3,0.5155,0.3625,4050,0
85310.15,credit_card,gateway_a,suspected_fraud,836,0.5961,0.9016,0,3,0.72,0.2598,3535,0
11313.31,upi,gateway_c,issuer_unavailable,814,0.1702,0.4185,0,4,0.4695,0.5391,1137,1
2416.93,credit_card,gateway_b,issuer_unavailable,516,0.8223,0.8108,0,1,0.9929,0.4964,4950,0
17765.94,net_banking,gateway_a,issuer_unavailable,455,0.9308,0.1676,0,2,0.3034,0.289,1924,0
21450.73,net_banking,gateway_b,network_timeout,853,0.9879,0.4642,0,3,0.3422,0.2774,4160,0
9938.23,wallet,gateway_b,rate_limit,580,0.811,0.9831,0,1,0.3538,0.3437,763,1
64556.69,wallet,gateway_a,temporary_gateway_error,944,0.4188,0.4101,0,3,0.8536,0.6877,3150,0
528.66,wallet,gateway_c,rate_limit,252,0.6543,0.4462,0,1,0.9603,0.7939,466,1
14760.99,net_banking,gateway_a,network_timeout,152,0.3336,0.2812,0,2,0.6831,0.7979,175,1
38061.37,upi,gateway_b,issuer_unavailable,231,0.2354,0.8144,0,1,0.5862,0.7717,330,0
77331.61,wallet,gateway_a,temporary_gateway_error,187,0.0668,0.4626,0,2,0.7702,0.378,3943,0
71525.3,upi,gateway_b,temporary_gateway_error,420,0.6844,0.9834,0,4,0.7879,0.7998,3139,0
64551.1,debit_card,gateway_b,authentication_required,630,0.0436,0.6069,1,4,0.5026,0.3672,3835,0
28522.01,credit_card,gateway_a,issuer_unavailable,707,0.2092,0.1176,0,4,0.4881,0.3078,4073,1
35813.86,net_banking,gateway_a,rate_limit,210,0.9035,0.6963,0,1,0.9417,0.4411,4721,1
3478.3,credit_card,gateway_a,temporary_gateway_error,857,0.6149,0.0456,0,3,0.5694,0.7421,5015,0
18239.45,net_banking,gateway_b,rate_limit,657,0.5953,0.8479,0,0,0.7198,0.5343,5176,1
80579.52,credit_card,gateway_c,card_expired,125,0.3774,0.4962,0,4,0.5299,0.5614,4770,0
58341.75,upi,gateway_a,issuer_unavailable,865,0.1816,0.3386,0,2,0.5699,0.8358,1099,0
95808.42,debit_card,gateway_a,issuer_unavailable,721,0.3697,0.7493,0,3,0.3777,0.5779,6155,0
60213.76,wallet,gateway_c,card_expired,158,0.9715,0.4588,0,4,0.8695,0.5705,1822,0
18137.51,upi,gateway_b,rate_limit,775,0.1477,0.2833,0,3,0.8437,0.3448,7030,0
44729.28,upi,gateway_b,insufficient_funds,457,0.4531,0.3224,0,2,0.8939,0.8279,263,0
77636.88,wallet,gateway_b,card_expired,851,0.8913,0.3403,0,4,0.9839,0.6167,1045,0
3283.39,debit_card,gateway_c,temporary_gateway_error,179,0.1421,0.4424,0,2,0.8891,0.5779,6800,0
92010.04,upi,gateway_a,rate_limit,750,0.7352,0.2749,0,2,0.3567,0.2405,5561,0
60503.16,wallet,gateway_a,temporary_gateway_error,187,0.4212,0.021,0,2,0.5346,0.5939,742,0
42239.24,wallet,gateway_c,rate_limit,207,0.1089,0.6585,0,2,0.6194,0.4916,4739,1
71647.08,wallet,gateway_b,rate_limit,534,0.4238,0.3604,0,2,0.595,0.2031,6147,0
16651.23,upi,gateway_a,rate_limit,144,0.3766,0.6122,0,2,0.5469,0.38,392,1
15938.95,net_banking,gateway_a,authentication_required,937,0.2564,0.7527,1,2,0.6834,0.7907,4604,0
58956.47,net_banking,gateway_c,rate_limit,726,0.0475,0.6451,0,4,0.8727,0.8937,4683,1
89734.55,net_banking,gateway_c,temporary_gateway_error,48,0.1737,0.2497,0,3,0.9395,0.5318,7037,0
97910.08,credit_card,gateway_a,card_expired,946,0.5963,0.1431,0,1,0.9935,0.5555,6450,0
49760.85,debit_card,gateway_c,authentication_required,914,0.1287,0.6485,1,3,0.4916,0.5677,6590,0
52794.52,upi,gateway_b,rate_limit,772,0.1647,0.7149,0,4,0.3421,0.2612,733,0
46502.5,debit_card,gateway_c,insufficient_funds,734,0.5231,0.6001,0,2,0.9124,0.5662,3249,0
73058.05,debit_card,gateway_a,issuer_unavailable,630,0.8082,0.5467,0,1,0.8114,0.4753,2069,1
23210.1,upi,gateway_b,rate_limit,80,0.3632,0.9775,0,1,0.32,0.307,7055,1
97813.61,net_banking,gateway_c,rate_limit,418,0.5836,0.0884,0,1,0.7615,0.6573,6480,1
37045.31,upi,gateway_a,temporary_gateway_error,824,0.6447,0.2996,0,2,0.332,0.2954,833,0
96312.95,debit_card,gateway_a,card_expired,351,0.4097,0.812,0,0,0.7574,0.2435,6548,0
23272.89,debit_card,gateway_b,suspected_fraud,901,0.3254,0.7227,1,4,0.5864,0.325,6632,0
79366.78,net_banking,gateway_c,issuer_unavailable,511,0.6885,0.2909,0,3,0.5976,0.203,2740,0
47408.8,debit_card,gateway_b,insufficient_funds,666,0.0344,0.3424,0,4,0.8694,0.5791,956,0
51458.36,credit_card,gateway_b,suspected_fraud,282,0.1266,0.5268,0,4,0.3393,0.717,408,0
96217.78,credit_card,gateway_b,temporary_gateway_error,196,0.6846,0.815,0,1,0.6879,0.3404,3334,1
27428.16,wallet,gateway_c,suspected_fraud,816,0.5351,0.6457,0,2,0.6781,0.5373,4236,0
25629.76,wallet,gateway_c,issuer_unavailable,153,0.8112,0.2119,0,1,0.3637,0.3272,738,1
39775.28,net_banking,gateway_a,temporary_gateway_error,947,0.3653,0.703,0,0,0.9249,0.4785,2338,1
43590.65,debit_card,gateway_b,network_timeout,73,0.3102,0.9483,0,3,0.799,0.6573,6338,0
91604.7,upi,gateway_c,issuer_unavailable,427,0.5976,0.4717,1,4,0.9495,0.6187,1432,1
92807.24,wallet,gateway_b,rate_limit,718,0.2831,0.295,0,3,0.4662,0.3165,436,0
91603.26,debit_card,gateway_b,temporary_gateway_error,807,0.9847,0.299,0,2,0.9823,0.4413,4751,1
66561.29,net_banking,gateway_c,rate_limit,205,0.4545,0.3774,0,3,0.7537,0.3313,1011,1
3956.04,upi,gateway_b,network_timeout,673,0.5944,0.5667,0,1,0.7658,0.2225,891,1
16780.11,net_banking,gateway_a,authentication_required,506,0.0985,0.2351,1,0,0.8272,0.332,6332,1
63266.06,upi,gateway_b,temporary_gateway_error,591,0.2847,0.9467,0,4,0.9356,0.4058,4692,1
16124.28,debit_card,gateway_b,network_timeout,157,0.9093,0.8577,0,0,0.467,0.216,4757,1
68018.12,net_banking,gateway_a,network_timeout,612,0.9254,0.2093,0,4,0.9555,0.5183,573,1
42831.97,wallet,gateway_c,rate_limit,348,0.2087,0.4399,0,2,0.4339,0.6846,6582,1
28086.51,wallet,gateway_c,network_timeout,58,0.3942,0.8925,0,4,0.4174,0.8871,2068,1
9277.62,wallet,gateway_c,insufficient_funds,460,0.4743,0.2559,0,2,0.4726,0.4557,2524,0
40986.2,upi,gateway_c,card_expired,857,0.6449,0.637,0,4,0.3258,0.3495,5401,0
2901.27,wallet,gateway_c,rate_limit,456,0.1198,0.23,0,4,0.8806,0.258,709,0
10741.53,credit_card,gateway_b,rate_limit,473,0.3454,0.0452,0,4,0.848,0.796,2154,1
33975.13,credit_card,gateway_b,issuer_unavailable,657,0.2852,0.2219,0,1,0.6412,0.6679,4907,1
60987.91,debit_card,gateway_c,rate_limit,658,0.1944,0.3321,0,3,0.5072,0.8174,6470,0
87094.88,upi,gateway_c,authentication_required,95,0.1262,0.4067,1,1,0.9794,0.5268,4981,1
43856.72,credit_card,gateway_c,network_timeout,696,0.5865,0.8761,0,4,0.401,0.6517,3888,0
44866.89,upi,gateway_b,card_expired,202,0.9341,0.6062,0,1,0.4759,0.5377,174,0
33794.9,upi,gateway_a,insufficient_funds,461,0.366,0.04,0,3,0.5179,0.8761,5554,0
79429.51,upi,gateway_b,issuer_unavailable,555,0.2611,0.07,0,3,0.9456,0.8799,1334,0
93055.29,upi,gateway_a,rate_limit,753,0.162,0.952,0,1,0.4374,0.7578,148,1
78653.88,wallet,gateway_a,card_expired,54,0.331,0.5069,0,2,0.9862,0.6201,4173,0
96400.54,wallet,gateway_c,temporary_gateway_error,904,0.037,0.0996,0,4,0.6647,0.787,1632,0
84886.0,debit_card,gateway_b,issuer_unavailable,514,0.6586,0.1254,0,1,0.7189,0.7767,5619,1
6392.56,credit_card,gateway_b,temporary_gateway_error,657,0.6156,0.4256,0,0,0.4813,0.202,171,0
26622.53,credit_card,gateway_a,rate_limit,803,0.995,0.6205,0,3,0.3418,0.2763,3261,0
27086.86,wallet,gateway_a,temporary_gateway_error,744,0.6404,0.5097,0,2,0.4736,0.3461,7094,1
90130.35,net_banking,gateway_b,network_timeout,151,0.1044,0.9044,0,1,0.7972,0.7402,6977,1
56957.14,debit_card,gateway_a,network_timeout,371,0.4697,0.5157,1,3,0.551,0.7685,4382,1
36065.93,upi,gateway_b,suspected_fraud,111,0.4137,0.4093,0,4,0.8813,0.2335,1094,0
1532.88,net_banking,gateway_a,rate_limit,87,0.2735,0.3815,0,3,0.4169,0.8235,6994,0
75882.93,credit_card,gateway_c,network_timeout,999,0.2479,0.5027,0,4,0.8832,0.4438,5291,1
34022.24,net_banking,gateway_a,rate_limit,653,0.4734,0.4586,0,1,0.7372,0.8796,4611,1
35616.81,net_banking,gateway_c,temporary_gateway_error,607,0.8171,0.9228,0,2,0.5345,0.6627,5991,0
70602.81,net_banking,gateway_b,network_timeout,841,0.2524,0.7469,0,3,0.9826,0.4888,3930,1
18593.71,wallet,gateway_b,temporary_gateway_error,751,0.9282,0.8216,0,2,0.6422,0.253,6647,0
86551.08,net_banking,gateway_a,insufficient_funds,418,0.145,0.1027,0,2,0.665,0.3193,5710,0
48080.62,debit_card,gateway_a,insufficient_funds,843,0.9923,0.5993,0,4,0.6577,0.6292,1320,0
82867.24,debit_card,gateway_b,rate_limit,667,0.4503,0.5577,0,0,0.9092,0.2637,1255,1
46167.27,upi,gateway_c,network_timeout,604,0.9197,0.286,0,1,0.3413,0.7535,873,1
67439.83,debit_card,gateway_a,temporary_gateway_error,782,0.9371,0.3994,0,1,0.9058,0.8361,1948,1
65995.65,net_banking,gateway_b,issuer_unavailable,600,0.4388,0.7403,0,2,0.5167,0.5503,5370,0
49249.99,credit_card,gateway_b,card_expired,120,0.5105,0.087,0,4,0.3052,0.392,6873,0
96547.71,upi,gateway_c,card_expired,647,0.8938,0.1626,0,3,0.3036,0.5176,6387,0
44977.08,wallet,gateway_c,temporary_gateway_error,909,0.5853,0.3,0,4,0.3124,0.4346,3529,0
44448.9,upi,gateway_c,authentication_required,965,0.1482,0.9975,1,0,0.8775,0.644,4978,1
84834.18,net_banking,gateway_b,rate_limit,757,0.8739,0.0635,0,3,0.9279,0.6462,6763,0
49271.65,net_banking,gateway_b,authentication_required,933,0.2075,0.8516,1,3,0.5044,0.5543,3172,0
75140.32,credit_card,gateway_b,suspected_fraud,407,0.7037,0.1571,0,4,0.4264,0.7331,1163,0
74722.3,net_banking,gateway_b,insufficient_funds,260,0.9109,0.7691,0,0,0.5889,0.5216,4121,1
35624.65,upi,gateway_c,temporary_gateway_error,474,0.5447,0.7306,0,0,0.6485,0.5325,961,1
27484.56,net_banking,gateway_c,network_timeout,655,0.4957,0.4959,0,0,0.7318,0.7814,4407,1
94646.88,wallet,gateway_b,suspected_fraud,348,0.8813,0.4209,0,0,0.6077,0.4446,6678,0
66070.83,debit_card,gateway_a,issuer_unavailable,433,0.5019,0.3787,0,1,0.7783,0.7746,4330,0
25495.47,upi,gateway_b,rate_limit,376,0.552,0.2388,0,3,0.5346,0.6429,1651,0
75594.16,debit_card,gateway_c,issuer_unavailable,904,0.1644,0.9159,0,0,0.8571,0.7489,3232,0
26800.07,upi,gateway_c,suspected_fraud,373,0.5733,0.564,0,2,0.7666,0.662,3288,0
80222.65,wallet,gateway_c,rate_limit,58,0.8116,0.9999,1,3,0.7196,0.5674,4300,0
17287.27,wallet,gateway_c,rate_limit,121,0.1666,0.8867,0,0,0.7783,0.3527,4653,1
42066.07,wallet,gateway_c,network_timeout,509,0.3972,0.1832,0,4,0.5101,0.3412,1939,0
16649.41,debit_card,gateway_c,network_timeout,813,0.5759,0.8589,0,1,0.6932,0.8909,2677,1
16400.72,debit_card,gateway_a,temporary_gateway_error,942,0.2496,0.9276,0,3,0.5802,0.4772,4249,1
73901.73,net_banking,gateway_c,network_timeout,541,0.4489,0.6356,0,2,0.3456,0.8318,5934,1
39158.56,upi,gateway_c,insufficient_funds,542,0.2203,0.4973,0,0,0.4485,0.8021,2117,0
23223.01,upi,gateway_a,network_timeout,461,0.9256,0.7794,0,0,0.8068,0.3047,5060,1
17809.63,wallet,gateway_b,card_expired,93,0.8464,0.7808,0,2,0.3292,0.304,3802,0
30563.5,net_banking,gateway_b,rate_limit,815,0.0235,0.0043,0,4,0.9661,0.4208,5263,0
226.05,credit_card,gateway_c,temporary_gateway_error,35,0.0973,0.8743,0,2,0.8844,0.7356,6468,1
10426.07,credit_card,gateway_c,authentication_required,44,0.1778,0.0191,1,4,0.5722,0.5697,4952,0
11541.64,debit_card,gateway_b,insufficient_funds,551,0.8637,0.7497,0,3,0.892,0.7058,2563,0
80382.67,debit_card,gateway_a,rate_limit,518,0.4367,0.4658,0,0,0.9611,0.6641,6315,1
35623.7,upi,gateway_c,suspected_fraud,678,0.0703,0.6541,0,1,0.3445,0.2371,1879,0
55202.82,upi,gateway_b,network_timeout,37,0.771,0.2106,0,2,0.3942,0.7577,4656,0
36605.12,upi,gateway_a,issuer_unavailable,267,0.724,0.3406,0,0,0.5471,0.3602,5274,1
95669.93,debit_card,gateway_b,issuer_unavailable,635,0.6576,0.2836,0,4,0.9837,0.6673,3356,1
27002.55,wallet,gateway_c,rate_limit,629,0.8752,0.6158,0,2,0.3245,0.6808,6107,0
90962.17,debit_card,gateway_a,rate_limit,805,0.3671,0.2231,0,3,0.7125,0.6499,1588,1
25103.33,upi,gateway_b,insufficient_funds,913,0.8563,0.1156,0,1,0.5093,0.7711,6801,1
61518.07,debit_card,gateway_c,insufficient_funds,411,0.7907,0.9799,0,2,0.7932,0.7276,3338,1
50024.4,upi,gateway_a,card_expired,321,0.7591,0.887,0,2,0.8559,0.3628,4563,0
41057.79,upi,gateway_b,rate_limit,884,0.7891,0.3819,1,0,0.5523,0.6731,1979,0
78612.51,debit_card,gateway_c,temporary_gateway_error,734,0.3532,0.0162,1,3,0.893,0.6424,4459,0
26359.92,upi,gateway_a,authentication_required,59,0.8173,0.4742,1,4,0.5591,0.3932,6311,0
70453.67,net_banking,gateway_b,rate_limit,109,0.0834,0.5709,0,0,0.6011,0.6435,669,1
92788.46,credit_card,gateway_c,temporary_gateway_error,53,0.2726,0.0675,0,4,0.3167,0.2271,4934,1
39066.56,credit_card,gateway_c,suspected_fraud,245,0.3222,0.8372,0,3,0.6828,0.2766,108,0
27283.36,debit_card,gateway_b,suspected_fraud,129,0.2984,0.4841,0,0,0.9248,0.656,232,0
57376.62,upi,gateway_b,rate_limit,709,0.3567,0.8313,0,0,0.533,0.3287,2067,1
56445.07,wallet,gateway_b,temporary_gateway_error,367,0.4102,0.6926,0,4,0.7268,0.717,3980,0
66646.14,net_banking,gateway_c,suspected_fraud,928,0.7364,0.5466,0,4,0.5461,0.7637,6483,0
39756.82,debit_card,gateway_c,rate_limit,427,0.6106,0.9627,0,1,0.845,0.6873,5427,1
28277.03,upi,gateway_c,network_timeout,154,0.3341,0.2296,0,2,0.4111,0.6616,6143,1
17401.13,debit_card,gateway_a,authentication_required,313,0.8586,0.4197,1,3,0.4393,0.7906,782,1
56166.36,wallet,gateway_b,temporary_gateway_error,517,0.4562,0.7735,0,3,0.5859,0.3979,914,0
29303.43,net_banking,gateway_b,temporary_gateway_error,420,0.4192,0.9318,0,3,0.8111,0.2676,132,0
76294.62,upi,gateway_b,rate_limit,559,0.1752,0.894,0,3,0.7266,0.5867,3029,0
49448.68,credit_card,gateway_a,insufficient_funds,240,0.7978,0.8488,1,0,0.3804,0.2069,5305,1
81429.87,upi,gateway_a,suspected_fraud,325,0.9246,0.4211,0,0,0.7389,0.554,3305,0
69964.11,credit_card,gateway_b,network_timeout,363,0.9706,0.4006,0,3,0.4461,0.3177,6190,0
41793.13,debit_card,gateway_a,insufficient_funds,462,0.7835,0.5743,0,2,0.7977,0.3952,7110,0
43136.41,wallet,gateway_b,insufficient_funds,667,0.4904,0.1276,0,1,0.5425,0.5274,3194,0
90878.33,net_banking,gateway_c,rate_limit,691,0.9943,0.1575,0,1,0.7435,0.8035,5691,0
67302.31,credit_card,gateway_a,card_expired,227,0.4469,0.6915,0,3,0.7991,0.8609,2754,0
13588.36,credit_card,gateway_c,issuer_unavailable,468,0.2982,0.4675,0,3,0.543,0.8537,1778,1
31172.08,credit_card,gateway_a,network_timeout,939,0.4272,0.8186,0,3,0.6477,0.6912,977,0
98666.55,debit_card,gateway_c,issuer_unavailable,499,0.5023,0.8585,0,2,0.6974,0.2948,5453,1
86662.56,wallet,gateway_b,card_expired,984,0.6742,0.6457,0,0,0.6419,0.4641,4625,0
50438.51,credit_card,gateway_c,card_expired,763,0.83,0.49,0,2,0.3898,0.264,4121,0
41785.11,credit_card,gateway_a,network_timeout,423,0.9831,0.7052,0,3,0.4908,0.4528,4824,1
7883.33,upi,gateway_b,temporary_gateway_error,906,0.1964,0.2135,0,0,0.4166,0.89,2302,1
72635.47,net_banking,gateway_b,rate_limit,259,0.2777,0.5347,0,4,0.5121,0.2302,5325,0
34454.77,upi,gateway_b,issuer_unavailable,653,0.9517,0.9035,0,0,0.5769,0.2707,6907,1
80161.93,net_banking,gateway_a,rate_limit,940,0.5172,0.3731,0,4,0.7849,0.6427,4369,1
7520.06,upi,gateway_b,rate_limit,530,0.2142,0.8892,0,1,0.3787,0.5128,5267,1
40306.7,credit_card,gateway_a,card_expired,327,0.9182,0.9261,0,3,0.6632,0.2128,103,0
43094.9,upi,gateway_c,temporary_gateway_error,71,0.1049,0.313,0,4,0.8959,0.2199,1287,1
87183.58,wallet,gateway_b,temporary_gateway_error,368,0.8044,0.1522,0,3,0.6304,0.3168,6359,0
86575.53,net_banking,gateway_c,issuer_unavailable,391,0.2841,0.6856,0,0,0.4277,0.4572,1748,1
10863.63,net_banking,gateway_c,rate_limit,437,0.6578,0.545,0,3,0.4489,0.8361,6425,0
81350.71,debit_card,gateway_c,card_expired,525,0.8108,0.748,0,4,0.8152,0.2097,1592,0
37405.87,credit_card,gateway_c,suspected_fraud,847,0.4777,0.6638,0,1,0.8918,0.8248,3999,0
46775.29,net_banking,gateway_c,insufficient_funds,941,0.7276,0.4313,0,4,0.9587,0.3785,1318,0
72643.55,upi,gateway_a,rate_limit,689,0.2546,0.265,0,2,0.97,0.8226,4343,0
39633.7,debit_card,gateway_b,insufficient_funds,810,0.6506,0.0413,0,1,0.6726,0.8724,3466,1
89559.95,wallet,gateway_a,rate_limit,390,0.1618,0.2463,0,3,0.9199,0.7296,502,0
12957.12,net_banking,gateway_c,suspected_fraud,737,0.5992,0.051,0,3,0.68,0.3264,3046,0
35526.91,wallet,gateway_c,card_expired,168,0.4687,0.4506,0,1,0.4703,0.3571,3329,0
26854.82,net_banking,gateway_a,network_timeout,792,0.5503,0.7116,0,2,0.5927,0.4497,1116,1
90894.04,net_banking,gateway_c,insufficient_funds,603,0.2259,0.2954,0,4,0.3664,0.8448,1509,1
14646.04,net_banking,gateway_a,card_expired,673,0.1864,0.8971,1,0,0.8481,0.5971,2192,0
50281.53,upi,gateway_b,network_timeout,995,0.6736,0.4871,0,2,0.9458,0.3533,3627,1
62960.15,credit_card,gateway_b,issuer_unavailable,772,0.632,0.8118,0,0,0.6167,0.2588,7002,1
40754.56,net_banking,gateway_b,suspected_fraud,460,0.7374,0.0168,0,2,0.9795,0.711,5092,0
40653.95,upi,gateway_c,issuer_unavailable,413,0.7851,0.5811,0,4,0.7818,0.7304,5370,1
16209.74,credit_card,gateway_a,issuer_unavailable,813,0.9561,0.9368,1,3,0.9206,0.3392,7165,0
47152.23,wallet,gateway_c,card_expired,955,0.5438,0.3444,0,1,0.7947,0.4293,749,0
20064.69,wallet,gateway_a,issuer_unavailable,386,0.9096,0.9406,0,3,0.3878,0.7526,2759,0
33805.4,net_banking,gateway_b,authentication_required,660,0.7023,0.8874,1,4,0.4847,0.4826,1002,0
27913.54,wallet,gateway_b,network_timeout,514,0.6077,0.1655,0,2,0.9263,0.5838,3390,0
43942.14,credit_card,gateway_b,network_timeout,431,0.1939,0.5616,0,1,0.8824,0.4051,3552,1
78435.15,credit_card,gateway_c,suspected_fraud,165,0.1498,0.007,0,4,0.6158,0.7363,3146,0
60983.72,credit_card,gateway_a,card_expired,187,0.025,0.7774,0,3,0.7492,0.8183,5438,0
56865.58,net_banking,gateway_c,insufficient_funds,787,0.3293,0.5995,0,1,0.3238,0.8321,313,0
74335.79,net_banking,gateway_c,insufficient_funds,35,0.2321,0.6501,0,0,0.5877,0.6122,4533,0
56443.11,upi,gateway_c,insufficient_funds,97,0.1696,0.7726,0,3,0.772,0.4538,5602,0
16142.82,credit_card,gateway_a,temporary_gateway_error,421,0.6558,0.2978,0,1,0.9299,0.8388,6205,1
76205.29,net_banking,gateway_b,network_timeout,273,0.2266,0.0349,0,1,0.3111,0.3577,4374,0
85592.7,net_banking,gateway_c,suspected_fraud,163,0.9526,0.2074,0,4,0.519,0.6166,6668,0
31207.54,net_banking,gateway_b,authentication_required,452,0.0838,0.9209,1,4,0.8629,0.8112,6524,0
7152.07,credit_card,gateway_b,suspected_fraud,791,0.5171,0.277,1,2,0.3677,0.455,7086,0
12725.18,net_banking,gateway_a,suspected_fraud,628,0.3364,0.1706,0,0,0.8261,0.3137,6484,0
2210.9,upi,gateway_a,card_expired,40,0.2519,0.1067,0,1,0.4705,0.2407,312,0
8394.61,debit_card,gateway_b,network_timeout,367,0.0006,0.8255,0,2,0.7961,0.5884,4795,0
40804.02,upi,gateway_b,issuer_unavailable,320,0.0712,0.3495,0,4,0.9356,0.2059,963,1
82364.64,net_banking,gateway_c,rate_limit,484,0.5886,0.273,0,3,0.392,0.7155,4638,1
49172.56,upi,gateway_c,network_timeout,728,0.9963,0.3715,0,0,0.4289,0.65,4841,0
48029.68,upi,gateway_b,suspected_fraud,655,0.8068,0.2253,0,3,0.3242,0.7777,4689,0
76490.84,credit_card,gateway_a,temporary_gateway_error,238,0.4014,0.4139,0,2,0.7432,0.8991,1904,1
28398.09,credit_card,gateway_c,card_expired,544,0.3223,0.5166,0,4,0.7361,0.6886,5296,0
82530.47,upi,gateway_b,network_timeout,757,0.182,0.064,0,2,0.5873,0.2175,3197,1
3531.8,credit_card,gateway_a,suspected_fraud,411,0.8248,0.8914,0,2,0.369,0.8365,1980,0
64180.54,wallet,gateway_b,card_expired,791,0.22,0.6075,0,2,0.7203,0.7767,4743,0
49084.15,wallet,gateway_c,suspected_fraud,561,0.0759,0.1082,0,4,0.3961,0.3823,852,0
48694.67,net_banking,gateway_a,network_timeout,929,0.3429,0.0634,0,1,0.5543,0.2493,6068,0
99717.1,wallet,gateway_c,insufficient_funds,403,0.1271,0.3778,0,4,0.492,0.8594,311,1
58144.29,credit_card,gateway_b,authentication_required,959,0.9403,0.2575,1,3,0.9755,0.6408,4419,1
51172.46,net_banking,gateway_b,authentication_required,504,0.4884,0.1125,1,2,0.5429,0.3293,5684,0
55388.82,net_banking,gateway_a,insufficient_funds,823,0.8433,0.6206,0,4,0.5752,0.5285,4081,0
74611.98,wallet,gateway_c,authentication_required,211,0.9778,0.9653,1,4,0.9992,0.5676,2010,1
4890.78,net_banking,gateway_b,issuer_unavailable,694,0.835,0.3505,0,2,0.5852,0.6014,1961,0
54901.07,wallet,gateway_b,network_timeout,485,0.3747,0.5953,0,1,0.6562,0.6405,3362,1
76200.75,upi,gateway_b,suspected_fraud,789,0.5432,0.8719,0,3,0.8551,0.71,5741,0
50425.38,credit_card,gateway_a,insufficient_funds,829,0.1093,0.1552,0,4,0.8067,0.5926,4061,0
26571.68,wallet,gateway_a,authentication_required,861,0.4951,0.0405,1,3,0.7578,0.816,3453,0
38136.02,wallet,gateway_b,insufficient_funds,261,0.4434,0.6584,0,4,0.737,0.4687,648,0
43400.97,debit_card,gateway_b,insufficient_funds,525,0.9424,0.0073,0,0,0.9939,0.2925,662,0
78265.23,upi,gateway_c,authentication_required,315,0.4755,0.9779,1,0,0.7345,0.8708,685,1
27684.35,wallet,gateway_c,insufficient_funds,216,0.1665,0.7356,1,2,0.7879,0.2977,3028,1
2708.03,credit_card,gateway_a,authentication_required,467,0.4968,0.9457,1,1,0.9791,0.7298,5242,0
16843.0,debit_card,gateway_b,insufficient_funds,403,0.4918,0.8247,0,2,0.502,0.6052,6858,0
78572.78,credit_card,gateway_c,insufficient_funds,647,0.1919,0.4135,0,3,0.5922,0.7057,5281,0
1275.75,debit_card,gateway_a,issuer_unavailable,498,0.1883,0.6021,0,2,0.5621,0.7135,7198,0
33459.68,upi,gateway_a,suspected_fraud,172,0.1761,0.8541,0,4,0.8227,0.7858,1949,0
44714.79,net_banking,gateway_c,network_timeout,291,0.5202,0.7775,0,3,0.9382,0.8744,512,1
7947.97,credit_card,gateway_c,authentication_required,173,0.2826,0.6839,1,4,0.3959,0.6991,793,1
58306.38,debit_card,gateway_c,authentication_required,97,0.6291,0.0192,1,3,0.6153,0.6417,1678,1
91910.65,wallet,gateway_a,suspected_fraud,491,0.2724,0.1105,0,1,0.5091,0.4303,961,0
20789.37,credit_card,gateway_a,card_expired,754,0.2054,0.7641,0,1,0.8789,0.6446,583,0
62372.67,credit_card,gateway_a,temporary_gateway_error,801,0.9964,0.6708,0,4,0.3353,0.4935,5896,0
5985.82,debit_card,gateway_a,rate_limit,128,0.1672,0.8313,0,2,0.9365,0.4118,5500,0
78590.05,debit_card,gateway_b,suspected_fraud,702,0.9898,0.7571,1,2,0.3711,0.5823,5039,0
79283.29,upi,gateway_b,card_expired,303,0.1527,0.3145,0,1,0.7881,0.693,1321,0
53012.0,debit_card,gateway_a,network_timeout,950,0.3837,0.4236,0,0,0.4713,0.6837,1284,1
38650.43,net_banking,gateway_a,issuer_unavailable,320,0.5498,0.2257,0,4,0.7601,0.7854,3777,0
7514.41,upi,gateway_a,suspected_fraud,204,0.0005,0.1856,1,4,0.6823,0.225,5146,0
2950.68,wallet,gateway_b,authentication_required,144,0.4712,0.0423,1,1,0.7077,0.5938,153,0
89729.66,credit_card,gateway_c,suspected_fraud,38,0.3014,0.0487,0,4,0.3876,0.3413,5870,0
60281.88,credit_card,gateway_a,issuer_unavailable,897,0.0696,0.0059,0,4,0.9546,0.7608,6114,0
78918.54,upi,gateway_a,suspected_fraud,762,0.1836,0.7158,0,4,0.8107,0.7127,6487,0
55048.5,credit_card,gateway_c,temporary_gateway_error,896,0.6316,0.9313,0,1,0.4549,0.255,1540,1
24322.56,upi,gateway_a,network_timeout,733,0.6762,0.0392,0,4,0.3724,0.7565,5186,0
25115.09,net_banking,gateway_c,temporary_gateway_error,753,0.1737,0.8603,0,1,0.7696,0.4335,1931,1
82028.52,credit_card,gateway_b,insufficient_funds,470,0.3931,0.2455,0,0,0.3016,0.2599,4029,0
98382.56,debit_card,gateway_a,authentication_required,263,0.152,0.0446,1,4,0.5034,0.3918,4943,1
23113.01,credit_card,gateway_b,card_expired,409,0.6621,0.1012,0,3,0.7768,0.8994,7146,0
23099.89,upi,gateway_a,temporary_gateway_error,943,0.9053,0.569,0,3,0.9098,0.6017,3923,0
9843.7,net_banking,gateway_a,insufficient_funds,763,0.2086,0.8705,0,0,0.5,0.206,4063,0
92372.41,net_banking,gateway_a,issuer_unavailable,581,0.1881,0.1708,0,1,0.5856,0.3575,2381,0
73942.16,credit_card,gateway_b,rate_limit,576,0.5556,0.6133,0,4,0.4896,0.3885,4861,0
70516.71,upi,gateway_a,insufficient_funds,388,0.7382,0.4241,0,0,0.6464,0.3574,6685,0
27966.28,credit_card,gateway_a,network_timeout,612,0.0709,0.4554,0,4,0.4525,0.6682,1631,0
20850.99,debit_card,gateway_a,rate_limit,985,0.8347,0.936,1,2,0.8868,0.4098,6722,0
41829.22,credit_card,gateway_a,authentication_required,610,0.1103,0.9665,1,0,0.9072,0.29,6690,0
13848.7,wallet,gateway_c,rate_limit,654,0.2042,0.6898,0,0,0.64,0.7312,6276,1
87696.06,net_banking,gateway_a,temporary_gateway_error,729,0.8786,0.6298,0,3,0.5264,0.7238,6589,0
49813.29,wallet,gateway_c,issuer_unavailable,504,0.0342,0.9314,0,3,0.4388,0.6313,3975,0
73560.24,upi,gateway_c,suspected_fraud,618,0.0306,0.8061,0,4,0.5266,0.7677,1716,0
88636.88,wallet,gateway_a,insufficient_funds,500,0.4168,0.8188,0,2,0.7291,0.307,5082,0
12635.13,debit_card,gateway_a,issuer_unavailable,432,0.1984,0.0715,0,1,0.8659,0.524,4456,0
65179.37,net_banking,gateway_a,issuer_unavailable,988,0.609,0.5462,0,3,0.6207,0.7197,4471,1
76745.77,net_banking,gateway_a,authentication_required,646,0.1877,0.515,1,2,0.5819,0.8494,5832,1
23362.86,net_banking,gateway_a,issuer_unavailable,656,0.9493,0.575,0,2,0.6245,0.595,6183,1
71609.02,upi,gateway_b,network_timeout,519,0.2108,0.0196,0,4,0.9715,0.5937,6122,0
85373.68,credit_card,gateway_b,authentication_required,301,0.1755,0.2771,1,2,0.7113,0.2049,3586,1
75056.09,net_banking,gateway_b,insufficient_funds,249,0.2465,0.6797,0,1,0.6826,0.5496,3580,0
88869.65,net_banking,gateway_b,suspected_fraud,647,0.2697,0.9744,0,1,0.6892,0.6971,6855,0
22407.99,debit_card,gateway_b,temporary_gateway_error,130,0.3128,0.2545,0,3,0.3585,0.7229,6172,1
62763.41,net_banking,gateway_a,suspected_fraud,743,0.0152,0.0014,0,4,0.5392,0.6377,7059,0
43845.91,upi,gateway_a,issuer_unavailable,204,0.3582,0.1906,0,1,0.8569,0.3375,3004,1
78955.08,debit_card,gateway_b,authentication_required,262,0.8195,0.3227,1,4,0.5648,0.5137,2181,0
99777.2,debit_card,gateway_b,authentication_required,699,0.8816,0.8936,1,0,0.8426,0.5295,3074,1
58222.57,net_banking,gateway_a,authentication_required,517,0.0118,0.9698,1,2,0.3842,0.2297,273,0
89388.1,debit_card,gateway_b,card_expired,601,0.7815,0.1452,0,2,0.4314,0.4674,4496,0
90200.07,net_banking,gateway_c,network_timeout,567,0.2069,0.8787,0,4,0.3591,0.377,3496,0
29546.93,credit_card,gateway_b,card_expired,381,0.7884,0.437,0,0,0.8494,0.4367,4836,0
16098.84,credit_card,gateway_c,insufficient_funds,132,0.4409,0.1831,0,3,0.9675,0.2093,0,0
87219.11,net_banking,gateway_c,rate_limit,105,0.8011,0.7515,0,3,0.557,0.4183,4514,1
52663.27,credit_card,gateway_c,network_timeout,31,0.1228,0.0965,0,1,0.828,0.8812,4817,0
35236.87,debit_card,gateway_b,suspected_fraud,570,0.0442,0.1924,0,0,0.6392,0.7156,2939,0
89497.91,wallet,gateway_c,issuer_unavailable,308,0.649,0.1112,0,3,0.5733,0.8515,1927,0
8718.23,debit_card,gateway_a,authentication_required,499,0.5907,0.6684,1,0,0.7941,0.4538,1185,0
91815.32,net_banking,gateway_a,network_timeout,49,0.9034,0.8779,0,4,0.8245,0.8965,7031,0
19794.98,wallet,gateway_c,suspected_fraud,213,0.5077,0.7293,0,1,0.4207,0.8479,3002,0
2347.67,credit_card,gateway_c,temporary_gateway_error,994,0.3961,0.6023,0,0,0.3672,0.6448,6882,0
66316.19,credit_card,gateway_b,insufficient_funds,779,0.0756,0.387,0,2,0.3695,0.4392,408,0
93573.67,wallet,gateway_b,rate_limit,875,0.7714,0.0407,0,0,0.9772,0.5236,5612,0
62338.75,wallet,gateway_c,card_expired,783,0.9663,0.7101,0,2,0.8628,0.3852,7050,0
93991.13,credit_card,gateway_c,insufficient_funds,845,0.275,0.8604,0,3,0.7234,0.5648,6856,0
51291.99,credit_card,gateway_a,rate_limit,741,0.1123,0.015,0,4,0.6373,0.6356,2434,0
23934.3,debit_card,gateway_a,card_expired,203,0.716,0.1343,0,4,0.5125,0.7619,34,0
29134.72,upi,gateway_b,network_timeout,967,0.219,0.071,0,2,0.9327,0.8405,2707,0
65840.72,credit_card,gateway_b,insufficient_funds,110,0.0252,0.1972,0,1,0.8432,0.5664,3248,0
57014.17,credit_card,gateway_c,insufficient_funds,682,0.2129,0.6318,0,0,0.8736,0.8653,1744,0
4989.24,credit_card,gateway_b,rate_limit,732,0.382,0.1777,0,4,0.4132,0.2265,3907,0
24513.13,upi,gateway_a,issuer_unavailable,957,0.7591,0.4027,0,1,0.807,0.8188,5251,1
28246.6,net_banking,gateway_c,issuer_unavailable,976,0.0248,0.4874,0,0,0.7432,0.5305,5409,0
52168.54,upi,gateway_a,insufficient_funds,860,0.4432,0.6079,0,0,0.6222,0.4352,1527,1
65657.97,upi,gateway_c,temporary_gateway_error,71,0.5673,0.31,1,3,0.8014,0.5774,697,0
96260.88,net_banking,gateway_c,temporary_gateway_error,299,0.5825,0.5586,0,1,0.6694,0.3845,6462,0
8427.44,debit_card,gateway_b,network_timeout,597,0.1375,0.7142,0,2,0.5833,0.4773,6237,1
15602.56,net_banking,gateway_c,insufficient_funds,354,0.2679,0.388,0,1,0.6523,0.2903,4546,0
36158.44,net_banking,gateway_b,network_timeout,905,0.3515,0.1605,0,0,0.6618,0.848,4072,0
69196.86,wallet,gateway_b,temporary_gateway_error,588,0.5388,0.356,0,1,0.3046,0.8215,5941,1
805.46,debit_card,gateway_a,network_timeout,373,0.0888,0.1845,0,0,0.3077,0.4218,2990,1
86061.35,wallet,gateway_a,temporary_gateway_error,366,0.2404,0.1069,0,1,0.7687,0.3808,867,0
13770.34,debit_card,gateway_a,authentication_required,292,0.6901,0.6851,1,1,0.5263,0.6447,4300,1
78150.22,net_banking,gateway_c,insufficient_funds,155,0.8165,0.905,0,4,0.9269,0.2444,216,0
22249.23,upi,gateway_b,authentication_required,358,0.9081,0.1751,1,0,0.8789,0.3688,3879,0
26681.81,wallet,gateway_b,rate_limit,484,0.0112,0.9608,0,0,0.7709,0.6554,3080,0
73444.9,credit_card,gateway_c,issuer_unavailable,751,0.5454,0.7314,1,1,0.352,0.419,1196,1
42015.18,credit_card,gateway_b,suspected_fraud,631,0.5434,0.8369,0,0,0.3075,0.7321,2936,0
19245.93,credit_card,gateway_c,network_timeout,187,0.4075,0.038,0,4,0.9431,0.3901,2290,1
16929.45,wallet,gateway_b,issuer_unavailable,849,0.1515,0.4954,0,0,0.3262,0.3676,1150,1
74404.26,upi,gateway_c,network_timeout,67,0.5719,0.7253,0,3,0.8778,0.2722,6960,1
21252.92,net_banking,gateway_c,authentication_required,262,0.8492,0.4616,1,2,0.6285,0.3797,2857,1
29265.42,wallet,gateway_a,temporary_gateway_error,522,0.0587,0.1492,0,1,0.7557,0.2118,368,1
36373.9,net_banking,gateway_b,authentication_required,167,0.2234,0.1536,1,0,0.5494,0.4777,2127,1
63975.03,debit_card,gateway_b,temporary_gateway_error,42,0.4415,0.9292,0,4,0.684,0.8874,2397,0
55969.05,upi,gateway_b,card_expired,897,0.1948,0.5787,0,3,0.3279,0.7553,3371,0
92339.89,upi,gateway_c,suspected_fraud,272,0.3277,0.4061,0,2,0.8169,0.6408,1657,0
36044.26,upi,gateway_a,rate_limit,363,0.9831,0.4055,1,0,0.7197,0.5694,2555,1
76959.61,credit_card,gateway_a,issuer_unavailable,27,0.2305,0.9807,0,3,0.4358,0.4916,1768,0
74819.73,credit_card,gateway_a,insufficient_funds,61,0.194,0.5903,0,1,0.4833,0.4698,4840,1
41706.7,credit_card,gateway_c,temporary_gateway_error,553,0.8211,0.9627,0,1,0.3913,0.7717,5879,1
2230.33,upi,gateway_b,authentication_required,479,0.6513,0.2521,1,3,0.9483,0.5995,5823,1
29531.15,net_banking,gateway_b,issuer_unavailable,179,0.2852,0.439,0,3,0.5769,0.7277,2428,0
19402.77,wallet,gateway_a,issuer_unavailable,814,0.6405,0.2378,0,3,0.6046,0.7914,2487,0
73759.5,credit_card,gateway_c,temporary_gateway_error,792,0.5723,0.4751,0,2,0.7089,0.8664,158,0
91776.66,debit_card,gateway_c,rate_limit,218,0.5469,0.625,1,3,0.681,0.3266,916,1
62573.85,net_banking,gateway_c,insufficient_funds,877,0.9212,0.9266,0,0,0.767,0.8433,877,0
80279.35,net_banking,gateway_a,card_expired,422,0.5018,0.1999,0,4,0.4872,0.3755,2505,0
82641.48,upi,gateway_a,insufficient_funds,918,0.3091,0.3318,0,4,0.8099,0.6404,2175,1
84787.81,upi,gateway_c,card_expired,79,0.9055,0.2568,0,2,0.3996,0.2689,2876,0
57767.45,credit_card,gateway_b,issuer_unavailable,151,0.0933,0.5632,0,2,0.6526,0.819,4751,1
41179.0,net_banking,gateway_a,issuer_unavailable,906,0.2345,0.9478,0,1,0.6044,0.3702,1246,1
53562.66,debit_card,gateway_a,card_expired,413,0.3317,0.3279,0,0,0.6706,0.3113,1603,0
98886.5,net_banking,gateway_b,card_expired,330,0.1824,0.0755,0,1,0.7138,0.871,6631,0
43848.34,debit_card,gateway_b,rate_limit,313,0.7419,0.5694,0,4,0.8498,0.8531,6615,1
63422.22,net_banking,gateway_c,issuer_unavailable,140,0.2596,0.1918,0,1,0.9062,0.8915,4676,1
7923.08,net_banking,gateway_a,authentication_required,254,0.8474,0.9415,1,2,0.6251,0.7151,6989,1
15303.89,net_banking,gateway_b,card_expired,139,0.9838,0.3115,0,2,0.882,0.8557,163,1
80846.28,debit_card,gateway_c,insufficient_funds,24,0.3049,0.2582,0,1,0.4743,0.34,633,0
13038.64,credit_card,gateway_a,issuer_unavailable,811,0.7625,0.4683,0,1,0.9814,0.8069,2494,1
74620.64,upi,gateway_c,card_expired,829,0.122,0.9558,0,0,0.6504,0.555,3626,0
81273.63,upi,gateway_b,suspected_fraud,867,0.7025,0.0469,0,3,0.3304,0.654,1840,0
62217.77,credit_card,gateway_b,suspected_fraud,206,0.9373,0.6971,1,4,0.3455,0.2081,6275,0
81806.62,credit_card,gateway_c,rate_limit,946,0.7834,0.3682,0,0,0.3606,0.8325,2467,1
71616.12,debit_card,gateway_a,card_expired,625,0.9588,0.9813,0,3,0.9686,0.7993,6631,0
11521.11,upi,gateway_b,temporary_gateway_error,863,0.3075,0.9251,0,4,0.8819,0.4718,3526,1
29131.65,net_banking,gateway_a,rate_limit,849,0.9158,0.3919,0,4,0.8558,0.5216,126,1
40988.43,wallet,gateway_c,authentication_required,827,0.4206,0.9495,1,3,0.767,0.2866,4827,0
71863.77,upi,gateway_b,issuer_unavailable,870,0.7032,0.4991,0,1,0.8353,0.8381,5315,1
12479.2,upi,gateway_b,rate_limit,755,0.432,0.7203,0,4,0.379,0.4472,4466,0
50158.06,net_banking,gateway_b,temporary_gateway_error,736,0.1739,0.6419,0,2,0.8974,0.8831,1110,1
76470.55,credit_card,gateway_c,issuer_unavailable,991,0.4186,0.7909,0,1,0.3986,0.6663,1642,0
16972.41,net_banking,gateway_c,rate_limit,99,0.534,0.5298,0,4,0.5931,0.7995,4918,0
89432.13,debit_card,gateway_a,temporary_gateway_error,502,0.4644,0.721,0,4,0.4227,0.7637,239,1
35211.32,wallet,gateway_a,card_expired,976,0.216,0.9489,0,2,0.4132,0.4473,7014,0
26904.6,wallet,gateway_b,insufficient_funds,535,0.1933,0.7074,0,2,0.7801,0.3158,829,0
20236.42,wallet,gateway_a,issuer_unavailable,353,0.5958,0.8068,0,4,0.6422,0.3096,3017,0
93750.94,wallet,gateway_a,temporary_gateway_error,425,0.2233,0.5729,0,4,0.7409,0.6625,5419,1
68991.15,net_banking,gateway_c,rate_limit,655,0.6955,0.8902,0,0,0.3243,0.69,1125,1
7425.89,upi,gateway_b,issuer_unavailable,929,0.5885,0.1247,0,0,0.9067,0.8133,2252,0
94323.08,debit_card,gateway_a,insufficient_funds,290,0.6615,0.5235,0,4,0.4679,0.7752,1357,0
68160.51,wallet,gateway_b,temporary_gateway_error,79,0.1163,0.7235,0,3,0.5844,0.7217,1790,0
89637.73,credit_card,gateway_b,authentication_required,973,0.792,0.1931,1,1,0.6651,0.22,5715,0
43215.8,wallet,gateway_c,suspected_fraud,82,0.2306,0.5585,0,3,0.4536,0.8456,1335,0
17660.43,wallet,gateway_c,temporary_gateway_error,934,0.3399,0.5169,0,1,0.4839,0.8704,7041,0
35786.49,wallet,gateway_c,suspected_fraud,387,0.2041,0.4755,0,0,0.9074,0.8648,4515,0
51506.34,upi,gateway_b,card_expired,914,0.0787,0.3063,0,0,0.5648,0.875,5582,0
50945.67,wallet,gateway_b,authentication_required,933,0.3769,0.3928,1,1,0.788,0.2444,3405,0
6824.98,wallet,gateway_a,temporary_gateway_error,104,0.9438,0.8312,1,2,0.5167,0.3173,3250,1
65308.16,debit_card,gateway_c,issuer_unavailable,318,0.3076,0.2625,0,3,0.812,0.886,4270,1
70756.62,credit_card,gateway_a,rate_limit,337,0.5086,0.7085,0,2,0.6077,0.5199,2674,1
60971.97,credit_card,gateway_b,temporary_gateway_error,37,0.2764,0.4404,0,0,0.9128,0.2633,344,0
17945.82,wallet,gateway_c,insufficient_funds,89,0.1211,0.8525,0,0,0.9631,0.7388,4259,0
46878.41,wallet,gateway_a,card_expired,423,0.7199,0.7487,0,3,0.4511,0.2839,3424,0
15813.0,upi,gateway_a,network_timeout,179,0.124,0.8758,0,0,0.7629,0.5401,1047,1
47653.84,wallet,gateway_b,issuer_unavailable,302,0.7801,0.1594,0,4,0.5414,0.7406,6779,0
11526.14,wallet,gateway_b,issuer_unavailable,184,0.4904,0.5521,0,2,0.6006,0.3968,551,0
43648.15,debit_card,gateway_a,authentication_required,596,0.3604,0.2107,1,1,0.4823,0.2449,2855,0
31871.08,net_banking,gateway_c,card_expired,961,0.789,0.9024,0,3,0.784,0.6117,3771,0
13371.16,upi,gateway_c,authentication_required,816,0.3873,0.6084,1,3,0.6375,0.6473,2657,0
23617.56,credit_card,gateway_c,rate_limit,190,0.5759,0.3946,0,3,0.8373,0.2378,317,1
45359.84,upi,gateway_a,insufficient_funds,155,0.7095,0.2272,0,4,0.6648,0.5166,2722,0
15384.62,debit_card,gateway_c,network_timeout,373,0.499,0.0662,0,4,0.9514,0.4829,1431,0
6588.37,net_banking,gateway_c,temporary_gateway_error,426,0.2816,0.1685,0,4,0.708,0.4733,1192,0
855.91,wallet,gateway_a,rate_limit,815,0.1687,0.4705,0,3,0.8137,0.3686,2070,0
20008.91,upi,gateway_c,suspected_fraud,72,0.6065,0.6829,0,3,0.5819,0.6333,3582,0
25626.48,debit_card,gateway_c,card_expired,783,0.4413,0.0458,0,3,0.3539,0.4929,2775,0
59390.51,wallet,gateway_c,suspected_fraud,764,0.5164,0.804,0,2,0.6118,0.3585,2429,0
47257.09,credit_card,gateway_c,insufficient_funds,968,0.466,0.0683,1,3,0.795,0.6967,6841,0
55884.14,upi,gateway_b,temporary_gateway_error,772,0.5094,0.3067,0,4,0.3405,0.5315,4905,1
38898.71,wallet,gateway_c,insufficient_funds,636,0.4555,0.8133,0,2,0.3138,0.6932,602,0
43133.61,upi,gateway_b,rate_limit,755,0.7037,0.4166,0,0,0.584,0.3463,6926,0
55881.22,net_banking,gateway_b,issuer_unavailable,773,0.222,0.558,0,0,0.3957,0.3523,6214,1
13388.67,upi,gateway_c,issuer_unavailable,554,0.7328,0.0081,0,1,0.3356,0.2478,6136,0
49094.72,debit_card,gateway_c,card_expired,576,0.6378,0.7316,0,4,0.3735,0.2953,4368,0
75432.61,net_banking,gateway_b,suspected_fraud,528,0.6004,0.9746,0,0,0.9783,0.8431,1542,1
73510.81,upi,gateway_c,rate_limit,194,0.0319,0.0364,0,1,0.4805,0.2106,1658,0
73379.15,wallet,gateway_a,temporary_gateway_error,153,0.9572,0.9621,0,4,0.6109,0.2292,7079,1
85843.64,upi,gateway_c,network_timeout,368,0.7666,0.7867,1,3,0.6356,0.3417,4847,1
69008.29,wallet,gateway_c,card_expired,635,0.0815,0.6667,0,1,0.8586,0.256,6840,0
433.52,net_banking,gateway_c,rate_limit,719,0.304,0.605,0,2,0.4307,0.7842,5257,1
13279.47,credit_card,gateway_c,issuer_unavailable,397,0.6567,0.4806,0,3,0.6915,0.5553,6233,0
24356.66,wallet,gateway_b,insufficient_funds,172,0.4924,0.6778,1,1,0.4982,0.6518,6171,1
35953.3,wallet,gateway_c,issuer_unavailable,203,0.0197,0.3088,0,0,0.6888,0.5183,252,0
38369.35,credit_card,gateway_b,issuer_unavailable,969,0.3574,0.793,0,3,0.9992,0.6539,884,0
76138.51,upi,gateway_c,network_timeout,930,0.082,0.1724,0,1,0.5514,0.2582,569,1
18095.22,upi,gateway_b,network_timeout,100,0.4174,0.5145,0,4,0.3489,0.5066,5227,0
85500.26,upi,gateway_b,card_expired,952,0.3343,0.133,0,4,0.7777,0.2837,910,0
95557.37,net_banking,gateway_c,network_timeout,572,0.2023,0.1682,0,2,0.9127,0.2207,0,0
61195.69,debit_card,gateway_a,temporary_gateway_error,787,0.112,0.9463,0,1,0.9854,0.7681,2750,1
92296.23,credit_card,gateway_a,card_expired,593,0.4634,0.0773,0,4,0.4352,0.4737,1954,0
62148.19,upi,gateway_c,issuer_unavailable,701,0.0228,0.1756,0,2,0.3063,0.7115,4138,0
75449.87,debit_card,gateway_b,suspected_fraud,373,0.4536,0.8608,0,1,0.3728,0.8845,4073,0
36764.17,wallet,gateway_c,card_expired,850,0.7646,0.2325,0,3,0.3133,0.4103,1680,0
62817.4,credit_card,gateway_b,card_expired,770,0.3103,0.1021,0,4,0.3018,0.2915,945,0
33326.2,net_banking,gateway_a,suspected_fraud,921,0.7423,0.9875,0,2,0.4042,0.3887,154,0
20601.86,net_banking,gateway_b,rate_limit,704,0.279,0.6685,0,1,0.6464,0.8865,1514,0
51892.62,debit_card,gateway_a,network_timeout,450,0.0313,0.6743,0,1,0.3496,0.7532,3846,1
38393.37,debit_card,gateway_a,temporary_gateway_error,777,0.9736,0.1913,0,1,0.4521,0.217,4476,1
55197.96,debit_card,gateway_b,issuer_unavailable,461,0.3334,0.2891,0,0,0.6226,0.7984,6205,0
92856.57,upi,gateway_c,insufficient_funds,191,0.3098,0.6589,0,3,0.9293,0.8815,4261,0
60363.04,net_banking,gateway_b,rate_limit,431,0.3565,0.6141,0,0,0.3883,0.703,5393,1
83972.49,credit_card,gateway_c,temporary_gateway_error,559,0.7349,0.1237,0,1,0.6268,0.4071,6327,1
97384.59,debit_card,gateway_a,authentication_required,213,0.5301,0.3324,1,3,0.777,0.2959,1188,1
42435.04,upi,gateway_a,temporary_gateway_error,913,0.651,0.0694,0,1,0.4578,0.337,4221,0
30316.57,net_banking,gateway_a,temporary_gateway_error,47,0.7951,0.5772,0,4,0.9276,0.2444,3797,0
52097.97,wallet,gateway_b,rate_limit,962,0.2317,0.7212,0,1,0.7454,0.6266,2729,1
48041.16,debit_card,gateway_c,network_timeout,993,0.7985,0.3663,0,1,0.8455,0.6575,6457,0
9353.56,credit_card,gateway_b,temporary_gateway_error,329,0.4726,0.711,0,1,0.4897,0.7236,6371,0
7064.25,debit_card,gateway_a,issuer_unavailable,899,0.1349,0.7198,0,1,0.9584,0.4458,2560,1
18436.8,credit_card,gateway_b,insufficient_funds,374,0.6659,0.0639,0,4,0.8537,0.3925,2630,0
22236.19,wallet,gateway_c,issuer_unavailable,390,0.7335,0.2686,0,0,0.742,0.3129,7012,1
22766.13,upi,gateway_a,issuer_unavailable,779,0.4698,0.6322,0,0,0.7956,0.778,261,1
14463.82,upi,gateway_c,insufficient_funds,666,0.9396,0.712,1,1,0.9678,0.6678,2228,1
16413.0,net_banking,gateway_a,rate_limit,927,0.39,0.1921,0,0,0.7515,0.677,251,0
79273.15,debit_card,gateway_b,insufficient_funds,843,0.6031,0.6155,0,3,0.3592,0.7616,6179,0
6233.93,credit_card,gateway_b,rate_limit,989,0.569,0.4444,0,4,0.8929,0.7976,3334,0
95469.41,credit_card,gateway_b,temporary_gateway_error,635,0.4085,0.7664,0,1,0.7743,0.6407,1285,1
94994.81,net_banking,gateway_b,suspected_fraud,147,0.3428,0.2934,0,3,0.5575,0.8341,1348,0
96025.33,credit_card,gateway_a,rate_limit,78,0.5219,0.2421,0,3,0.8723,0.5956,2042,1
77745.83,wallet,gateway_c,rate_limit,503,0.4912,0.4679,0,0,0.3516,0.4719,6179,0
15400.12,wallet,gateway_c,suspected_fraud,62,0.8051,0.9704,0,0,0.4634,0.8709,3989,0
88207.68,net_banking,gateway_c,card_expired,879,0.0807,0.02,0,0,0.6736,0.6533,6555,0
30072.32,upi,gateway_c,rate_limit,942,0.4121,0.8359,0,4,0.427,0.4054,2284,0
53643.97,credit_card,gateway_c,rate_limit,23,0.9831,0.0356,0,0,0.9974,0.6551,6259,1
76484.67,upi,gateway_a,card_expired,874,0.5277,0.7202,0,4,0.7128,0.2472,805,0
38092.42,net_banking,gateway_c,card_expired,118,0.8299,0.244,0,3,0.9925,0.4679,1078,0
35030.25,debit_card,gateway_a,issuer_unavailable,255,0.4045,0.8753,0,3,0.6788,0.5484,382,0
56616.77,net_banking,gateway_c,card_expired,879,0.642,0.338,0,4,0.4819,0.2998,6182,0
22744.33,upi,gateway_c,rate_limit,833,0.185,0.7324,0,0,0.841,0.3101,5129,0
85921.77,net_banking,gateway_a,issuer_unavailable,50,0.7568,0.9859,0,1,0.5903,0.6911,6609,1
62358.19,debit_card,gateway_a,issuer_unavailable,373,0.9494,0.7976,0,1,0.8883,0.4568,4577,0
59487.58,debit_card,gateway_c,authentication_required,90,0.792,0.4217,1,1,0.9008,0.63,7085,1
75695.55,net_banking,gateway_c,network_timeout,483,0.5925,0.8763,0,4,0.9061,0.4738,3596,0
40195.15,upi,gateway_b,network_timeout,992,0.1619,0.3473,0,4,0.4052,0.2835,7078,1
26551.51,net_banking,gateway_b,network_timeout,340,0.5341,0.6361,0,4,0.7696,0.8141,4428,0
39712.09,net_banking,gateway_b,temporary_gateway_error,946,0.8083,0.5828,0,0,0.9906,0.2991,136,1
32672.55,debit_card,gateway_a,issuer_unavailable,431,0.5724,0.01,0,0,0.8175,0.6726,4415,0
51568.02,credit_card,gateway_c,issuer_unavailable,430,0.1989,0.8905,0,0,0.4345,0.5055,3633,0
70071.27,net_banking,gateway_c,issuer_unavailable,230,0.0229,0.7201,0,3,0.8907,0.4866,2809,0
90915.09,wallet,gateway_c,network_timeout,109,0.8668,0.4946,0,1,0.9701,0.7576,2535,1
21183.5,debit_card,gateway_b,insufficient_funds,290,0.4421,0.3542,0,1,0.4354,0.3825,4576,1
47397.72,debit_card,gateway_a,temporary_gateway_error,123,0.0851,0.2678,0,4,0.9406,0.4789,7081,0
34373.95,upi,gateway_a,rate_limit,860,0.2916,0.4271,0,2,0.6578,0.8094,2490,1
20434.8,wallet,gateway_b,insufficient_funds,691,0.06,0.5371,0,3,0.7318,0.4915,4525,0
73524.62,wallet,gateway_c,insufficient_funds,725,0.0682,0.3236,0,0,0.3764,0.4228,2797,0
10664.95,credit_card,gateway_a,suspected_fraud,713,0.2469,0.4782,0,3,0.369,0.7497,2725,0
53837.91,net_banking,gateway_c,rate_limit,757,0.3533,0.3297,0,4,0.7433,0.8069,1198,0
66320.06,credit_card,gateway_c,temporary_gateway_error,872,0.1968,0.6122,0,1,0.477,0.6406,5902,0
90056.58,debit_card,gateway_b,insufficient_funds,904,0.3401,0.3481,0,4,0.5127,0.2144,2045,0
32148.21,net_banking,gateway_b,network_timeout,99,0.9302,0.2957,0,4,0.8815,0.8108,3761,1
52365.0,net_banking,gateway_c,authentication_required,603,0.44,0.1772,1,3,0.6809,0.4813,5907,0
84926.01,upi,gateway_c,rate_limit,153,0.0299,0.5694,0,3,0.3212,0.7393,851,0
77285.33,net_banking,gateway_b,insufficient_funds,842,0.8054,0.3268,1,4,0.9633,0.8213,4523,1
1184.8,wallet,gateway_b,insufficient_funds,541,0.8527,0.416,0,4,0.9791,0.2309,1674,0
4277.12,credit_card,gateway_c,issuer_unavailable,285,0.0152,0.2073,0,0,0.329,0.6283,6566,0
36800.52,wallet,gateway_b,suspected_fraud,198,0.1218,0.1425,0,1,0.8519,0.7631,4297,0
74556.65,credit_card,gateway_c,network_timeout,91,0.8806,0.5254,0,3,0.6906,0.5663,4463,0
77901.55,debit_card,gateway_a,rate_limit,375,0.0459,0.378,0,0,0.3574,0.7498,3172,0
64587.54,credit_card,gateway_b,temporary_gateway_error,956,0.0633,0.3567,0,1,0.943,0.8921,240,1
98818.25,upi,gateway_b,temporary_gateway_error,78,0.3181,0.0635,0,3,0.9044,0.3332,4689,0
28257.02,net_banking,gateway_a,network_timeout,892,0.1979,0.1182,0,0,0.7999,0.8238,5743,0
54366.05,wallet,gateway_c,rate_limit,920,0.8702,0.4734,1,2,0.648,0.7187,7098,1
35887.09,debit_card,gateway_a,issuer_unavailable,368,0.5794,0.8078,0,1,0.5146,0.524,3787,1
78339.43,net_banking,gateway_b,suspected_fraud,253,0.567,0.2848,0,3,0.9048,0.6902,2151,0
60956.15,net_banking,gateway_a,insufficient_funds,471,0.4711,0.0012,0,4,0.7109,0.3263,4087,0
21960.49,debit_card,gateway_b,card_expired,557,0.2409,0.6666,0,1,0.7915,0.6695,2712,0
32892.2,wallet,gateway_b,insufficient_funds,724,0.7937,0.2183,0,2,0.5311,0.389,150,0
2641.02,debit_card,gateway_a,issuer_unavailable,43,0.7637,0.1434,0,1,0.4551,0.7645,1451,0
92874.63,net_banking,gateway_a,issuer_unavailable,873,0.8468,0.1361,0,0,0.7036,0.5846,7072,1
59505.95,net_banking,gateway_c,authentication_required,167,0.1025,0.3028,1,3,0.5816,0.8106,6265,0
88455.39,wallet,gateway_c,rate_limit,388,0.5512,0.7097,1,2,0.811,0.8402,1151,1
87455.01,debit_card,gateway_a,network_timeout,281,0.9261,0.1411,0,0,0.3654,0.3786,255,1
93936.81,debit_card,gateway_c,card_expired,362,0.5187,0.665,0,3,0.3844,0.7784,4952,0
70792.86,credit_card,gateway_c,card_expired,95,0.9745,0.4536,0,3,0.6149,0.7468,2265,0
5833.37,net_banking,gateway_a,insufficient_funds,855,0.5284,0.5239,0,0,0.5352,0.7729,556,0
59350.0,debit_card,gateway_c,card_expired,364,0.2237,0.7399,0,4,0.8136,0.2431,4211,0
81199.8,credit_card,gateway_c,card_expired,292,0.1537,0.1304,0,3,0.6282,0.7919,2074,0
11420.14,debit_card,gateway_b,issuer_unavailable,644,0.6231,0.8485,0,2,0.4124,0.7734,5036,1
81475.45,net_banking,gateway_c,authentication_required,242,0.3118,0.2421,1,3,0.5946,0.4544,5901,0
66082.63,net_banking,gateway_a,authentication_required,714,0.9475,0.2551,1,3,0.7549,0.3022,1489,0
45899.51,wallet,gateway_b,temporary_gateway_error,230,0.9949,0.3829,0,4,0.3614,0.2582,2996,1
45954.79,upi,gateway_a,authentication_required,739,0.5442,0.8602,1,2,0.4196,0.2289,6285,0
39448.2,credit_card,gateway_a,temporary_gateway_error,72,0.4589,0.4497,0,4,0.5818,0.5565,4648,0
77562.27,debit_card,gateway_b,suspected_fraud,478,0.6378,0.0318,0,0,0.821,0.4246,4245,0
52496.54,wallet,gateway_c,network_timeout,647,0.5932,0.3057,0,1,0.6224,0.7893,5793,1
12778.98,credit_card,gateway_a,suspected_fraud,174,0.731,0.0321,0,3,0.5263,0.5654,4973,0
36398.76,credit_card,gateway_b,suspected_fraud,403,0.9632,0.9752,0,2,0.9226,0.5388,2750,0
24882.88,wallet,gateway_a,temporary_gateway_error,864,0.3992,0.8712,0,0,0.8359,0.2806,1780,1
84049.43,credit_card,gateway_a,rate_limit,874,0.5726,0.2794,0,1,0.3027,0.7877,1322,1
13267.49,credit_card,gateway_a,card_expired,928,0.3632,0.6481,1,3,0.8227,0.2459,3810,0
88739.96,debit_card,gateway_a,suspected_fraud,672,0.8654,0.3755,0,4,0.4933,0.4957,3728,0
96820.1,credit_card,gateway_c,rate_limit,959,0.8242,0.1746,1,3,0.9101,0.3072,1411,1
47795.51,net_banking,gateway_a,temporary_gateway_error,661,0.5631,0.5725,0,0,0.3974,0.4834,1568,1
54031.13,upi,gateway_c,issuer_unavailable,496,0.5179,0.9319,1,0,0.711,0.2335,6780,1
68938.72,upi,gateway_c,rate_limit,530,0.4489,0.2771,0,4,0.5957,0.687,6463,1
76195.88,upi,gateway_c,rate_limit,845,0.5371,0.5665,0,2,0.7672,0.7368,2127,1
95361.37,wallet,gateway_a,network_timeout,204,0.0452,0.341,0,4,0.5196,0.8263,3190,1
80918.91,wallet,gateway_a,issuer_unavailable,396,0.7874,0.7561,0,4,0.6501,0.7897,5627,0
79773.74,wallet,gateway_a,authentication_required,923,0.1782,0.2773,1,2,0.47,0.8277,3258,1
52211.43,upi,gateway_a,insufficient_funds,876,0.2591,0.9696,0,3,0.4775,0.8168,1173,1
29229.96,credit_card,gateway_b,issuer_unavailable,554,0.3567,0.1607,0,2,0.6053,0.6009,4987,0
80402.83,net_banking,gateway_b,issuer_unavailable,302,0.5114,0.3446,0,4,0.6629,0.5681,805,0
22223.01,debit_card,gateway_b,insufficient_funds,380,0.5377,0.3368,0,3,0.379,0.3567,4213,0
33985.78,upi,gateway_b,authentication_required,188,0.9204,0.4494,1,4,0.8046,0.3791,1530,1
90794.03,wallet,gateway_a,temporary_gateway_error,479,0.6323,0.361,0,3,0.8047,0.2285,5242,1
53230.7,net_banking,gateway_b,temporary_gateway_error,945,0.1036,0.9897,0,1,0.9293,0.5528,226,1
37815.11,upi,gateway_c,rate_limit,989,0.774,0.6559,0,1,0.8582,0.2335,186,1
75716.56,upi,gateway_c,issuer_unavailable,421,0.5891,0.9736,0,0,0.4553,0.5125,316,0
58932.56,upi,gateway_c,authentication_required,575,0.4878,0.159,1,3,0.4421,0.3891,489,1
60878.3,credit_card,gateway_a,authentication_required,465,0.2502,0.2358,1,1,0.7843,0.5332,1031,0
8592.39,debit_card,gateway_c,rate_limit,827,0.0416,0.3675,0,4,0.6372,0.7592,4785,0
24760.96,wallet,gateway_c,temporary_gateway_error,483,0.0309,0.5782,0,3,0.8196,0.5031,4905,0
83694.18,net_banking,gateway_b,suspected_fraud,123,0.5479,0.9248,0,2,0.4976,0.7627,4526,0
69925.96,wallet,gateway_c,network_timeout,499,0.5411,0.7794,0,0,0.5094,0.6777,848,1
86357.67,net_banking,gateway_c,authentication_required,380,0.218,0.854,1,2,0.8826,0.2547,3467,1
44869.95,credit_card,gateway_c,temporary_gateway_error,885,0.6453,0.0178,1,3,0.365,0.3542,5186,0
49070.11,debit_card,gateway_b,insufficient_funds,407,0.3438,0.2526,0,4,0.9683,0.4215,1316,0
26293.26,debit_card,gateway_b,issuer_unavailable,493,0.7325,0.0039,0,3,0.5471,0.7988,5575,1
62248.52,wallet,gateway_b,rate_limit,185,0.0123,0.8814,0,3,0.4287,0.4485,1738,0
85136.85,upi,gateway_b,insufficient_funds,213,0.7465,0.9092,1,4,0.4921,0.5134,5409,1
11298.59,debit_card,gateway_c,rate_limit,248,0.0328,0.9389,0,4,0.5276,0.8603,4687,0
68192.46,net_banking,gateway_b,authentication_required,342,0.8833,0.4999,1,2,0.4213,0.215,4553,0
68562.21,net_banking,gateway_a,card_expired,69,0.4215,0.2843,0,3,0.5692,0.3035,3496,0
78721.37,debit_card,gateway_c,issuer_unavailable,851,0.3792,0.4103,0,3,0.74,0.2944,2723,0
24366.86,debit_card,gateway_c,card_expired,249,0.4747,0.2941,0,3,0.3384,0.5071,3231,0
13616.12,credit_card,gateway_a,insufficient_funds,797,0.4295,0.001,0,1,0.8021,0.8591,1449,1
71257.04,debit_card,gateway_a,suspected_fraud,640,0.8283,0.6492,0,1,0.4126,0.2587,6015,0
33182.44,upi,gateway_c,authentication_required,271,0.0847,0.56,1,0,0.7759,0.7334,6267,0
44564.7,credit_card,gateway_b,rate_limit,55,0.0813,0.1757,0,1,0.6162,0.8135,1549,0
46287.69,credit_card,gateway_c,issuer_unavailable,776,0.4439,0.2174,0,0,0.6596,0.2875,2934,0
30393.99,wallet,gateway_c,suspected_fraud,307,0.1706,0.5858,0,0,0.962,0.3266,4424,0
31560.8,credit_card,gateway_a,insufficient_funds,884,0.016,0.6363,0,0,0.4205,0.7829,2286,0
57699.34,credit_card,gateway_a,card_expired,427,0.0062,0.3053,0,3,0.6131,0.7586,5497,0
55584.81,upi,gateway_b,network_timeout,974,0.1663,0.0542,0,0,0.9503,0.5189,3513,1
44617.43,upi,gateway_a,insufficient_funds,901,0.6178,0.7963,0,2,0.979,0.8698,6307,0
67183.32,net_banking,gateway_a,suspected_fraud,86,0.2829,0.7871,0,0,0.7105,0.6065,4468,0
24970.62,wallet,gateway_b,issuer_unavailable,775,0.0254,0.8384,0,2,0.3845,0.7625,7049,1
20583.03,debit_card,gateway_c,network_timeout,724,0.9425,0.6522,0,3,0.4687,0.2489,2879,0
64965.63,credit_card,gateway_a,suspected_fraud,440,0.0726,0.3015,0,0,0.767,0.8263,4531,0
47511.63,credit_card,gateway_c,network_timeout,818,0.5658,0.944,0,4,0.7642,0.3704,5179,1
32319.92,debit_card,gateway_a,suspected_fraud,348,0.7222,0.0903,0,1,0.4218,0.6686,3596,0
58823.37,credit_card,gateway_b,network_timeout,333,0.2836,0.4778,0,3,0.6445,0.5735,5061,0
10215.24,wallet,gateway_b,rate_limit,670,0.0374,0.2591,0,2,0.3187,0.5593,2602,0
94227.42,wallet,gateway_b,issuer_unavailable,293,0.8203,0.5147,0,2,0.8856,0.6242,821,0
46715.47,net_banking,gateway_b,authentication_required,860,0.3182,0.863,1,3,0.5356,0.8078,834,1
4104.72,wallet,gateway_b,issuer_unavailable,666,0.6381,0.0575,0,2,0.896,0.8882,618,0
62569.52,wallet,gateway_c,suspected_fraud,982,0.7968,0.6793,0,0,0.6386,0.7961,3484,0
30866.51,credit_card,gateway_a,rate_limit,593,0.016,0.5104,0,0,0.9267,0.3975,1705,0
92793.81,upi,gateway_b,insufficient_funds,735,0.414,0.0352,0,1,0.3943,0.8546,5093,0
29658.01,credit_card,gateway_b,rate_limit,863,0.4191,0.8078,0,4,0.4362,0.8168,964,1
28925.29,wallet,gateway_b,suspected_fraud,973,0.0968,0.5484,1,3,0.8987,0.3309,1847,0
72685.34,upi,gateway_c,suspected_fraud,372,0.9849,0.8266,0,4,0.4868,0.7887,1050,0
46490.4,debit_card,gateway_a,network_timeout,450,0.5579,0.489,0,3,0.6142,0.3242,2359,1
96460.63,net_banking,gateway_c,network_timeout,228,0.9129,0.6256,0,4,0.7832,0.5807,2846,0
5969.03,credit_card,gateway_b,network_timeout,867,0.0535,0.9074,0,1,0.5315,0.7087,809,0
63000.78,wallet,gateway_a,network_timeout,604,0.5704,0.4061,0,2,0.9805,0.2776,7006,1
71620.91,upi,gateway_a,rate_limit,314,0.9829,0.4153,0,0,0.7116,0.8332,5617,1
94320.28,credit_card,gateway_c,card_expired,457,0.2162,0.7431,0,3,0.9742,0.3096,7191,0
35746.45,credit_card,gateway_a,authentication_required,194,0.356,0.248,1,0,0.9914,0.3217,6457,1
56612.28,credit_card,gateway_a,rate_limit,885,0.7455,0.4221,0,0,0.8494,0.55,3878,0
5349.83,debit_card,gateway_b,rate_limit,620,0.2889,0.5506,0,0,0.4099,0.7636,3252,1
31803.94,credit_card,gateway_a,temporary_gateway_error,77,0.3532,0.7576,0,3,0.4285,0.8816,3288,0
60740.64,credit_card,gateway_c,card_expired,947,0.9292,0.3994,0,3,0.811,0.859,4438,0
72225.45,credit_card,gateway_b,authentication_required,948,0.8706,0.0245,1,1,0.4031,0.8852,6355,0
10166.86,credit_card,gateway_c,insufficient_funds,292,0.2295,0.004,0,0,0.9926,0.3847,910,0
30188.06,net_banking,gateway_c,issuer_unavailable,467,0.7729,0.0646,0,3,0.5324,0.2415,5688,1
96750.59,net_banking,gateway_a,rate_limit,244,0.5175,0.2405,0,0,0.5738,0.2259,6481,0
61812.13,net_banking,gateway_c,insufficient_funds,310,0.0239,0.0322,0,4,0.4898,0.8402,3824,0
62219.55,wallet,gateway_a,authentication_required,623,0.5308,0.1832,1,3,0.6645,0.5822,5237,0
70468.52,debit_card,gateway_c,temporary_gateway_error,263,0.8655,0.9861,0,3,0.5018,0.8249,2747,1
40917.11,wallet,gateway_a,temporary_gateway_error,882,0.4318,0.5779,0,0,0.6941,0.6335,7024,1
42702.86,net_banking,gateway_c,insufficient_funds,435,0.4733,0.5359,0,4,0.9165,0.2776,2462,0
97041.63,net_banking,gateway_a,rate_limit,410,0.6785,0.7863,0,3,0.5421,0.7897,6603,0
69154.49,upi,gateway_b,rate_limit,336,0.2563,0.278,0,1,0.9032,0.401,4165,1
77224.77,debit_card,gateway_a,authentication_required,459,0.7671,0.217,1,2,0.8117,0.7664,4622,0
12689.04,wallet,gateway_c,rate_limit,560,0.4498,0.9993,0,4,0.9433,0.2997,4934,1
11780.1,debit_card,gateway_b,insufficient_funds,569,0.3066,0.1652,1,1,0.5735,0.6277,180,1
21097.51,wallet,gateway_b,suspected_fraud,285,0.3042,0.1578,0,4,0.5103,0.8812,5162,0
34435.79,net_banking,gateway_c,suspected_fraud,232,0.4498,0.4167,0,2,0.3946,0.6348,1045,0
41261.86,upi,gateway_a,insufficient_funds,374,0.0871,0.7925,0,2,0.6469,0.8325,6461,0
79765.18,upi,gateway_c,insufficient_funds,121,0.1172,0.7003,0,4,0.4615,0.3643,5123,0
71092.23,wallet,gateway_c,insufficient_funds,757,0.7831,0.8316,0,0,0.5779,0.5932,6782,0
50660.03,wallet,gateway_a,network_timeout,554,0.4096,0.0495,0,1,0.6311,0.2337,4876,0
45457.56,credit_card,gateway_a,suspected_fraud,803,0.227,0.9189,0,2,0.4608,0.2522,1854,0
62667.81,credit_card,gateway_a,authentication_required,757,0.2551,0.3804,1,1,0.8612,0.8968,2115,0
67814.0,credit_card,gateway_b,rate_limit,593,0.93,0.5779,0,1,0.8975,0.6705,3232,1
67905.97,wallet,gateway_b,authentication_required,172,0.4693,0.2507,1,4,0.6894,0.8792,4258,1
18370.37,upi,gateway_b,insufficient_funds,41,0.7782,0.7576,0,0,0.4791,0.4541,4236,0
4355.0,net_banking,gateway_a,card_expired,913,0.9261,0.7985,0,0,0.7917,0.414,2506,0
3498.04,net_banking,gateway_a,authentication_required,155,0.036,0.2657,1,2,0.8909,0.3252,3464,1
46397.95,credit_card,gateway_b,suspected_fraud,44,0.3223,0.8308,0,2,0.4981,0.731,2644,0
90545.08,debit_card,gateway_b,network_timeout,465,0.9359,0.8838,0,0,0.4869,0.4598,783,1
20781.24,debit_card,gateway_b,issuer_unavailable,357,0.311,0.8146,0,3,0.3363,0.7052,2188,0
35184.78,upi,gateway_b,network_timeout,481,0.1361,0.6122,0,3,0.8167,0.4726,6619,0
50422.92,net_banking,gateway_b,insufficient_funds,298,0.7552,0.7974,0,4,0.5724,0.6364,2059,1
4313.75,upi,gateway_a,suspected_fraud,809,0.3817,0.4452,0,2,0.6326,0.4068,2853,0
48243.18,upi,gateway_a,issuer_unavailable,503,0.6765,0.5414,0,4,0.7462,0.6973,4715,0
57586.6,wallet,gateway_c,authentication_required,802,0.4658,0.337,1,1,0.7041,0.4161,3775,0
66091.07,upi,gateway_b,issuer_unavailable,302,0.4843,0.3525,0,4,0.4095,0.3718,4867,0
17530.89,debit_card,gateway_b,temporary_gateway_error,821,0.1624,0.6417,0,0,0.5075,0.2766,1177,1
75537.92,debit_card,gateway_c,card_expired,410,0.5689,0.1281,0,3,0.4325,0.4475,2379,0
12189.5,net_banking,gateway_b,card_expired,178,0.7627,0.8454,0,0,0.3331,0.287,2115,0
1365.39,upi,gateway_c,suspected_fraud,719,0.4033,0.4013,0,2,0.3289,0.4834,2384,0
46426.88,upi,gateway_c,card_expired,347,0.5462,0.8707,0,3,0.8933,0.479,3852,0
50508.21,upi,gateway_c,rate_limit,872,0.853,0.7685,0,1,0.609,0.4237,1994,0
50629.65,credit_card,gateway_b,authentication_required,396,0.7724,0.5964,1,3,0.7713,0.5448,433,0
51025.7,credit_card,gateway_b,authentication_required,538,0.1462,0.6146,1,4,0.3178,0.377,6545,0
74035.21,upi,gateway_c,suspected_fraud,668,0.4618,0.96,0,0,0.8783,0.2707,5645,1
35910.74,wallet,gateway_a,rate_limit,675,0.0293,0.7638,0,0,0.3336,0.2755,4185,0
77720.68,upi,gateway_c,authentication_required,178,0.3278,0.8511,1,3,0.7684,0.3445,4219,0
17357.72,net_banking,gateway_b,suspected_fraud,313,0.0089,0.9629,0,3,0.8826,0.5822,663,0
20755.59,upi,gateway_b,suspected_fraud,859,0.9381,0.5307,0,0,0.3589,0.7899,5581,0
1228.01,debit_card,gateway_b,temporary_gateway_error,29,0.9781,0.7804,0,3,0.9246,0.8358,6404,1
3859.89,wallet,gateway_a,network_timeout,176,0.6325,0.104,1,1,0.6181,0.5418,780,0
51486.96,upi,gateway_b,temporary_gateway_error,820,0.8147,0.3266,0,0,0.8764,0.4298,6379,0
24278.31,net_banking,gateway_c,network_timeout,677,0.0879,0.2741,1,3,0.3745,0.8627,942,1
75050.82,credit_card,gateway_b,suspected_fraud,656,0.6361,0.8919,0,3,0.6199,0.596,4812,0
3701.93,debit_card,gateway_a,rate_limit,438,0.3769,0.1818,0,4,0.411,0.5368,5793,1
9485.1,upi,gateway_b,issuer_unavailable,936,0.0636,0.8225,0,0,0.4975,0.7528,5551,0
86369.7,wallet,gateway_c,rate_limit,437,0.4287,0.9525,0,1,0.5785,0.2659,3492,1
83082.34,upi,gateway_c,network_timeout,337,0.3026,0.0264,1,3,0.4149,0.8765,5818,1
11598.2,wallet,gateway_a,network_timeout,642,0.7568,0.2261,0,4,0.4195,0.5657,5622,0
36209.25,net_banking,gateway_c,rate_limit,653,0.95,0.7089,1,2,0.5787,0.4831,1086,1
94343.21,upi,gateway_a,network_timeout,809,0.1389,0.4443,0,3,0.3355,0.8704,1179,0
78159.56,wallet,gateway_b,temporary_gateway_error,686,0.7651,0.5253,0,1,0.7183,0.3536,680,0
99537.2,upi,gateway_b,network_timeout,398,0.4194,0.2695,0,3,0.3452,0.7834,3437,1
39964.92,wallet,gateway_c,authentication_required,471,0.9642,0.739,1,2,0.5139,0.3049,2007,0
88939.31,net_banking,gateway_b,card_expired,298,0.0673,0.22,0,1,0.5474,0.5429,7116,0
95901.1,upi,gateway_b,rate_limit,841,0.7414,0.6285,0,0,0.9066,0.3686,1316,1
4728.41,wallet,gateway_a,network_timeout,724,0.6159,0.0379,0,1,0.459,0.3185,2159,0
17591.53,wallet,gateway_b,suspected_fraud,587,0.4332,0.3764,0,3,0.9823,0.4223,329,0
64549.75,wallet,gateway_b,issuer_unavailable,772,0.0968,0.5698,0,0,0.4662,0.631,3020,0
72963.94,credit_card,gateway_c,card_expired,298,0.5866,0.8684,0,2,0.9036,0.6356,4606,0
36338.52,credit_card,gateway_b,temporary_gateway_error,709,0.4883,0.2585,0,2,0.8505,0.6443,5215,0
82385.74,upi,gateway_c,rate_limit,125,0.9857,0.8746,0,1,0.8896,0.2596,6339,0
86794.59,credit_card,gateway_c,suspected_fraud,567,0.2829,0.3148,0,3,0.8149,0.4993,5223,0
39875.88,debit_card,gateway_c,network_timeout,670,0.6253,0.1298,0,4,0.8676,0.2055,7127,0
13513.15,credit_card,gateway_a,temporary_gateway_error,257,0.4921,0.8446,0,3,0.6318,0.3193,2681,0
20575.78,debit_card,gateway_a,rate_limit,988,0.2117,0.1817,0,1,0.3232,0.5191,551,1
73523.3,wallet,gateway_a,network_timeout,550,0.0101,0.2655,0,1,0.3194,0.3617,1788,0
28597.7,wallet,gateway_b,insufficient_funds,247,0.8375,0.1962,0,4,0.5772,0.2525,2740,0
36755.94,debit_card,gateway_b,temporary_gateway_error,645,0.8036,0.5871,0,2,0.6466,0.5936,38,1
78804.97,net_banking,gateway_c,rate_limit,54,0.8114,0.5905,0,0,0.7927,0.7305,4996,1
47691.29,upi,gateway_c,authentication_required,377,0.1292,0.919,1,4,0.7541,0.48,917,0
18727.8,upi,gateway_c,insufficient_funds,167,0.3915,0.5349,0,4,0.562,0.7468,6112,0
9822.05,wallet,gateway_c,temporary_gateway_error,808,0.2681,0.6567,0,0,0.9863,0.6189,4163,1
9759.29,upi,gateway_b,rate_limit,349,0.293,0.6437,0,4,0.8933,0.8132,2026,0
79843.29,net_banking,gateway_a,card_expired,385,0.9865,0.3818,0,1,0.5345,0.2194,5277,0
21355.17,debit_card,gateway_a,insufficient_funds,153,0.1626,0.6265,0,1,0.8892,0.7064,5640,1
6198.92,upi,gateway_b,network_timeout,944,0.0074,0.2215,0,3,0.3285,0.2012,7162,1
40133.44,wallet,gateway_b,rate_limit,946,0.9595,0.7261,0,2,0.6067,0.5252,6992,0
96252.89,net_banking,gateway_c,network_timeout,972,0.4136,0.1421,0,0,0.6869,0.3163,856,1
70529.28,upi,gateway_b,suspected_fraud,976,0.9186,0.5204,0,2,0.5567,0.5216,3866,0
4261.04,upi,gateway_c,issuer_unavailable,691,0.281,0.2139,0,4,0.7265,0.772,1192,0
57806.23,upi,gateway_a,issuer_unavailable,648,0.9719,0.8888,0,0,0.4105,0.242,3930,1
57089.53,debit_card,gateway_a,suspected_fraud,649,0.3856,0.8672,0,4,0.5455,0.3695,5193,0
95914.85,debit_card,gateway_c,card_expired,429,0.4157,0.4707,0,0,0.3799,0.7742,6624,0
54431.22,debit_card,gateway_a,authentication_required,550,0.1334,0.097,1,4,0.8148,0.6304,4514,0
90645.31,upi,gateway_a,temporary_gateway_error,926,0.2323,0.0951,0,0,0.8607,0.3966,1255,1
20929.99,wallet,gateway_a,insufficient_funds,28,0.8218,0.0938,0,0,0.4001,0.2246,2850,1
95713.28,upi,gateway_c,rate_limit,731,0.7148,0.6697,0,3,0.9899,0.6254,3812,0
75489.69,credit_card,gateway_b,insufficient_funds,369,0.7738,0.8475,1,0,0.9335,0.2896,2770,0
50984.86,debit_card,gateway_c,issuer_unavailable,906,0.633,0.4337,0,2,0.3086,0.633,1605,0
51989.54,net_banking,gateway_b,temporary_gateway_error,160,0.0849,0.2799,0,3,0.8633,0.209,3326,0
95278.93,debit_card,gateway_c,temporary_gateway_error,214,0.0497,0.162,0,2,0.997,0.8514,2271,0
40051.54,wallet,gateway_b,authentication_required,894,0.2101,0.4032,1,3,0.9556,0.4367,868,1
47446.91,debit_card,gateway_a,rate_limit,514,0.6728,0.8092,0,2,0.675,0.8828,3547,1
64599.37,debit_card,gateway_c,temporary_gateway_error,680,0.9374,0.3522,0,1,0.7961,0.228,4495,0
22598.02,credit_card,gateway_c,rate_limit,701,0.1989,0.1336,0,4,0.9632,0.2442,4630,1
3937.34,debit_card,gateway_c,insufficient_funds,450,0.9615,0.3569,0,1,0.3226,0.3624,4654,0
45789.43,credit_card,gateway_b,authentication_required,684,0.3398,0.3121,1,4,0.5932,0.5724,5208,1
60013.76,net_banking,gateway_b,authentication_required,974,0.756,0.5994,1,1,0.5331,0.5118,4424,0
95431.52,upi,gateway_b,authentication_required,562,0.0127,0.1262,1,3,0.9322,0.4206,332,0
92056.27,upi,gateway_c,authentication_required,493,0.8601,0.6717,1,2,0.7036,0.3876,1916,1
29738.98,debit_card,gateway_b,issuer_unavailable,507,0.6371,0.9674,0,3,0.6437,0.5037,5479,1
14705.65,wallet,gateway_b,temporary_gateway_error,304,0.7209,0.2958,1,4,0.3206,0.4047,1560,1
80818.56,wallet,gateway_b,card_expired,139,0.1228,0.997,0,2,0.7119,0.3048,4504,0
44690.88,upi,gateway_a,authentication_required,972,0.0438,0.0147,1,1,0.9143,0.4027,6588,1
20284.24,upi,gateway_c,card_expired,878,0.2696,0.0599,0,4,0.9694,0.6374,5281,0
9343.02,net_banking,gateway_a,network_timeout,210,0.2966,0.0555,0,0,0.3376,0.5471,5523,1
49286.57,upi,gateway_c,issuer_unavailable,182,0.8526,0.5005,0,3,0.4757,0.8181,7090,0
81530.99,upi,gateway_b,insufficient_funds,432,0.4924,0.3718,0,2,0.4059,0.6129,6529,1
22099.84,wallet,gateway_c,card_expired,55,0.7456,0.6662,0,4,0.8398,0.3191,4458,0
63351.93,upi,gateway_b,suspected_fraud,622,0.4937,0.6615,1,2,0.7007,0.4144,2329,0
37199.74,wallet,gateway_c,network_timeout,247,0.2242,0.444,0,2,0.5318,0.5914,1702,0
72823.7,net_banking,gateway_b,rate_limit,796,0.4912,0.0711,0,4,0.4499,0.7977,4266,0
96881.03,upi,gateway_b,card_expired,683,0.93,0.7287,0,1,0.5934,0.6452,1569,0
8271.13,wallet,gateway_b,card_expired,721,0.266,0.7099,0,2,0.6687,0.8104,4111,0
62930.81,debit_card,gateway_a,temporary_gateway_error,648,0.3643,0.2628,0,0,0.3992,0.6124,1108,1
26850.77,upi,gateway_c,card_expired,381,0.4082,0.562,0,3,0.7811,0.6964,3112,0
38482.1,upi,gateway_b,network_timeout,56,0.4318,0.6736,0,4,0.5992,0.8588,807,1
68247.67,wallet,gateway_c,rate_limit,869,0.7583,0.0722,0,3,0.824,0.4933,920,0
11489.75,credit_card,gateway_a,insufficient_funds,124,0.3755,0.1697,1,1,0.8262,0.5979,6330,0
70590.14,debit_card,gateway_b,issuer_unavailable,530,0.0888,0.6646,0,0,0.3032,0.7255,1843,1
876.37,upi,gateway_b,issuer_unavailable,83,0.7089,0.9641,0,0,0.4441,0.2473,6065,1
61703.61,debit_card,gateway_c,card_expired,958,0.2312,0.9018,0,1,0.6752,0.5269,734,0
64138.09,net_banking,gateway_c,insufficient_funds,675,0.6073,0.2368,0,0,0.7166,0.7416,1525,1
3085.1,upi,gateway_a,card_expired,241,0.6362,0.9134,0,0,0.6674,0.7326,6012,0
42330.43,net_banking,gateway_b,issuer_unavailable,592,0.6912,0.8611,0,1,0.5721,0.7316,6290,0
50260.31,credit_card,gateway_a,card_expired,769,0.6723,0.5635,0,1,0.4004,0.3787,6503,0
82750.02,debit_card,gateway_c,temporary_gateway_error,542,0.3849,0.7273,0,0,0.3077,0.7449,1959,1
3784.72,credit_card,gateway_c,suspected_fraud,668,0.6012,0.7631,0,4,0.7449,0.5645,4781,0
4751.59,wallet,gateway_c,insufficient_funds,553,0.2475,0.7254,0,4,0.8309,0.6508,1910,0
77214.24,wallet,gateway_c,temporary_gateway_error,157,0.9867,0.7962,0,0,0.8982,0.6262,5412,1
24910.09,upi,gateway_a,temporary_gateway_error,325,0.2756,0.6313,0,1,0.9118,0.2141,6261,0
77389.04,wallet,gateway_a,network_timeout,134,0.9574,0.5021,0,3,0.8926,0.8139,2037,0
12806.28,debit_card,gateway_a,rate_limit,977,0.8723,0.8565,0,1,0.6603,0.2808,767,1
47999.52,credit_card,gateway_b,network_timeout,678,0.841,0.0806,0,4,0.9604,0.5373,1365,1
4816.09,net_banking,gateway_a,suspected_fraud,635,0.7969,0.4629,0,3,0.3492,0.6854,4122,0
12702.91,debit_card,gateway_c,temporary_gateway_error,271,0.6355,0.9834,0,4,0.5522,0.627,5624,1
49186.91,credit_card,gateway_c,suspected_fraud,557,0.8476,0.7631,0,2,0.8548,0.4024,3582,0
76047.22,wallet,gateway_a,card_expired,945,0.8789,0.7625,0,1,0.5917,0.4732,3751,0
14856.15,debit_card,gateway_a,rate_limit,361,0.8072,0.5078,1,1,0.4224,0.2754,4487,1
5100.94,net_banking,gateway_c,suspected_fraud,223,0.2027,0.8228,0,2,0.3884,0.7537,4171,0
33258.91,upi,gateway_c,suspected_fraud,664,0.2584,0.0004,0,4,0.8816,0.8951,7020,0
79786.34,upi,gateway_b,temporary_gateway_error,350,0.1129,0.1688,0,0,0.5022,0.7466,5690,0
2373.08,upi,gateway_b,card_expired,734,0.2904,0.2715,0,2,0.8015,0.4044,1914,0
51701.76,upi,gateway_c,temporary_gateway_error,54,0.0204,0.2118,0,2,0.6517,0.6209,1269,0
36789.28,upi,gateway_b,temporary_gateway_error,926,0.4357,0.2809,0,0,0.7838,0.3389,1329,1
37870.62,credit_card,gateway_c,rate_limit,655,0.2194,0.0038,0,0,0.9949,0.2949,5192,0
50277.94,debit_card,gateway_a,issuer_unavailable,752,0.1683,0.4655,0,4,0.806,0.3809,1115,0
44360.27,net_banking,gateway_c,network_timeout,150,0.0122,0.3821,0,3,0.6138,0.4912,7004,0
57865.26,wallet,gateway_c,suspected_fraud,730,0.024,0.8785,0,4,0.4513,0.2951,3545,0
55962.57,wallet,gateway_c,rate_limit,424,0.1392,0.0619,0,2,0.6135,0.3659,6899,1
75389.76,upi,gateway_b,network_timeout,464,0.9266,0.6408,0,0,0.686,0.762,822,1
8126.36,wallet,gateway_c,authentication_required,342,0.0481,0.3561,1,1,0.9479,0.5221,4095,1
71843.91,net_banking,gateway_c,issuer_unavailable,187,0.7006,0.5397,0,0,0.8398,0.7704,7066,0
2662.88,net_banking,gateway_c,rate_limit,381,0.7669,0.1798,0,4,0.6909,0.2592,51,0
40548.37,net_banking,gateway_b,card_expired,119,0.4517,0.3496,0,4,0.8932,0.4301,1322,0
66140.08,credit_card,gateway_b,rate_limit,382,0.0563,0.0549,0,2,0.895,0.7916,5309,0
31797.44,debit_card,gateway_b,network_timeout,751,0.8079,0.9389,0,2,0.4346,0.8735,5076,1
83248.75,debit_card,gateway_b,authentication_required,525,0.2443,0.5238,1,1,0.4916,0.5507,5548,1
21279.29,debit_card,gateway_c,rate_limit,714,0.3141,0.5068,0,0,0.7631,0.4314,1019,1
92361.76,net_banking,gateway_c,issuer_unavailable,864,0.9001,0.0496,0,3,0.868,0.4938,5770,1
74681.78,upi,gateway_c,authentication_required,698,0.2506,0.0003,1,3,0.6118,0.7827,6381,0
35345.32,wallet,gateway_a,temporary_gateway_error,667,0.5963,0.1641,0,2,0.4336,0.4625,3100,1
85839.24,net_banking,gateway_a,insufficient_funds,723,0.8051,0.0985,0,1,0.5931,0.6921,1863,0
57790.51,debit_card,gateway_b,rate_limit,125,0.6825,0.2381,0,4,0.3355,0.7185,2346,0
94636.82,wallet,gateway_c,suspected_fraud,423,0.7563,0.3099,0,4,0.929,0.4632,6019,0
18730.15,net_banking,gateway_b,temporary_gateway_error,633,0.4961,0.0628,0,1,0.8459,0.3406,7053,1
1897.35,debit_card,gateway_a,suspected_fraud,92,0.7192,0.5466,0,0,0.3516,0.8621,5151,0
6872.82,credit_card,gateway_a,card_expired,824,0.608,0.9917,0,4,0.6673,0.5886,5728,0
41126.49,net_banking,gateway_a,suspected_fraud,236,0.8371,0.2142,0,1,0.7734,0.3987,625,0
90127.58,net_banking,gateway_c,issuer_unavailable,212,0.6398,0.8798,0,2,0.9633,0.3033,4682,1
31799.63,upi,gateway_a,card_expired,928,0.0161,0.317,0,1,0.3013,0.7949,5134,0
10906.85,upi,gateway_b,issuer_unavailable,69,0.2584,0.1346,0,2,0.4342,0.7832,2953,0
68365.82,net_banking,gateway_c,suspected_fraud,868,0.6749,0.133,0,4,0.4297,0.8582,3756,0
95165.36,net_banking,gateway_b,rate_limit,289,0.4557,0.2488,0,2,0.9253,0.2439,5726,0
42406.05,upi,gateway_b,card_expired,892,0.8674,0.6997,0,0,0.4093,0.3794,1869,0
28333.33,debit_card,gateway_b,temporary_gateway_error,264,0.0505,0.3402,0,1,0.4295,0.3902,4046,1
32218.42,debit_card,gateway_b,rate_limit,958,0.0583,0.8804,0,1,0.9034,0.7669,6969,1
60311.94,credit_card,gateway_a,card_expired,545,0.7209,0.1175,0,2,0.7283,0.444,4840,0
83130.19,wallet,gateway_c,suspected_fraud,163,0.7493,0.1419,0,4,0.5813,0.4395,3356,0
33171.74,net_banking,gateway_c,issuer_unavailable,589,0.3586,0.9711,0,4,0.6025,0.3794,6137,1
69844.1,wallet,gateway_b,insufficient_funds,825,0.6791,0.0378,0,1,0.6035,0.6676,2387,0
21127.0,net_banking,gateway_a,issuer_unavailable,506,0.2352,0.5111,0,0,0.9582,0.3876,1563,0
57711.02,net_banking,gateway_c,network_timeout,725,0.6084,0.8496,1,1,0.6879,0.4798,531,1
64979.07,debit_card,gateway_a,authentication_required,856,0.1815,0.2923,1,2,0.9976,0.2139,1008,1
19972.85,debit_card,gateway_c,insufficient_funds,687,0.0229,0.5148,0,3,0.3821,0.3382,4550,0
36198.27,wallet,gateway_b,card_expired,596,0.6754,0.7609,0,3,0.8485,0.5825,4166,0
83836.91,debit_card,gateway_c,issuer_unavailable,453,0.5527,0.6324,0,1,0.6399,0.27,3185,0
98705.13,credit_card,gateway_c,issuer_unavailable,971,0.8823,0.0766,1,2,0.4158,0.8584,4445,0
99415.57,wallet,gateway_b,card_expired,940,0.1052,0.9825,0,4,0.8245,0.3491,5605,0
49812.87,net_banking,gateway_c,authentication_required,710,0.1311,0.4071,1,0,0.3056,0.6552,5165,0
96219.19,wallet,gateway_a,issuer_unavailable,695,0.5388,0.5306,0,0,0.534,0.3695,5605,1
81441.96,debit_card,gateway_b,rate_limit,289,0.402,0.2701,0,1,0.7387,0.7644,2204,0
56591.81,debit_card,gateway_c,suspected_fraud,395,0.6502,0.8715,0,1,0.5819,0.7679,6388,0
58916.48,credit_card,gateway_c,authentication_required,605,0.7609,0.8405,1,3,0.7915,0.6387,6446,1
14089.08,credit_card,gateway_b,network_timeout,274,0.8932,0.7261,0,4,0.7586,0.7111,895,1
68682.78,debit_card,gateway_b,temporary_gateway_error,138,0.5816,0.9753,1,2,0.6711,0.2497,1313,0
19241.85,credit_card,gateway_a,issuer_unavailable,557,0.8154,0.3669,0,4,0.3516,0.3318,2504,0
89366.72,wallet,gateway_b,temporary_gateway_error,710,0.8423,0.5349,0,2,0.76,0.3638,6010,0
47913.47,wallet,gateway_a,network_timeout,376,0.3648,0.7522,0,1,0.3745,0.2295,2884,0
82320.12,debit_card,gateway_c,issuer_unavailable,133,0.0394,0.3096,0,2,0.4672,0.719,7183,0
97427.47,net_banking,gateway_c,temporary_gateway_error,184,0.6835,0.522,0,0,0.8453,0.4704,5350,1
19799.94,wallet,gateway_b,card_expired,50,0.3115,0.8631,0,0,0.9375,0.2295,1850,0
51950.22,net_banking,gateway_c,network_timeout,278,0.4346,0.3542,0,3,0.437,0.8973,4285,0
61498.57,credit_card,gateway_b,rate_limit,392,0.1857,0.2972,0,0,0.493,0.2336,4196,0
30535.6,debit_card,gateway_c,issuer_unavailable,445,0.7933,0.6151,0,1,0.8297,0.2285,3309,1
50204.84,net_banking,gateway_a,network_timeout,180,0.6703,0.0818,0,4,0.424,0.6127,5903,1
64696.13,wallet,gateway_c,card_expired,372,0.4892,0.526,0,1,0.7998,0.8886,5367,0
96178.86,upi,gateway_a,authentication_required,856,0.2049,0.4215,1,1,0.7905,0.6321,1353,0
10128.45,wallet,gateway_b,authentication_required,942,0.4845,0.027,1,2,0.9518,0.8606,6587,0
28718.63,debit_card,gateway_b,network_timeout,341,0.2256,0.9083,0,4,0.8406,0.6394,1916,1
55595.36,wallet,gateway_a,network_timeout,636,0.0326,0.6299,0,1,0.3307,0.4701,5386,1
42045.51,wallet,gateway_b,suspected_fraud,156,0.7432,0.8818,0,4,0.8928,0.8925,6124,0
11249.63,debit_card,gateway_b,temporary_gateway_error,861,0.9305,0.2823,0,3,0.9034,0.2048,1763,0
28675.8,upi,gateway_a,network_timeout,925,0.4796,0.5245,0,3,0.4113,0.588,2965,0
94350.03,debit_card,gateway_b,card_expired,317,0.6542,0.9791,0,3,0.3415,0.5669,5373,0
56817.68,net_banking,gateway_c,card_expired,923,0.5596,0.8376,0,0,0.4049,0.7425,5661,0
37209.04,net_banking,gateway_a,authentication_required,303,0.6508,0.7297,1,2,0.539,0.4024,6624,0
29119.51,wallet,gateway_b,suspected_fraud,289,0.8937,0.2647,0,1,0.8606,0.3749,7143,0
97407.18,wallet,gateway_c,authentication_required,415,0.6672,0.3818,1,0,0.7698,0.4903,3183,1
10814.16,upi,gateway_a,rate_limit,987,0.827,0.4824,0,1,0.6615,0.7066,7182,1
16665.57,wallet,gateway_a,card_expired,805,0.4877,0.6444,0,0,0.9665,0.4171,2991,0
29489.08,wallet,gateway_b,network_timeout,125,0.1566,0.3571,0,4,0.3887,0.5747,4780,0
56407.33,wallet,gateway_c,card_expired,356,0.9959,0.2596,0,1,0.6626,0.2773,1506,0
88409.62,upi,gateway_b,rate_limit,829,0.1901,0.0585,0,4,0.8968,0.6829,4047,0
73358.29,upi,gateway_c,temporary_gateway_error,921,0.7093,0.9318,0,2,0.6708,0.2425,5781,0
99091.66,net_banking,gateway_b,issuer_unavailable,657,0.1307,0.9912,0,4,0.7188,0.4488,5020,0
87182.53,net_banking,gateway_a,suspected_fraud,948,0.991,0.1167,0,2,0.9813,0.2682,1480,0
57572.31,wallet,gateway_a,card_expired,27,0.0657,0.7098,0,4,0.3316,0.8288,3641,0
47681.78,net_banking,gateway_a,insufficient_funds,406,0.1979,0.9397,0,4,0.8549,0.8803,778,0
99682.81,net_banking,gateway_c,issuer_unavailable,132,0.8126,0.4983,0,2,0.4526,0.5892,1301,1
8861.52,upi,gateway_c,card_expired,787,0.274,0.737,0,2,0.3095,0.3196,5757,0
3267.33,net_banking,gateway_b,card_expired,746,0.2353,0.9966,0,2,0.7783,0.3937,1049,0
80011.8,net_banking,gateway_a,authentication_required,236,0.2098,0.2713,1,0,0.8229,0.5794,2842,0
61366.93,net_banking,gateway_a,suspected_fraud,530,0.4126,0.3459,0,0,0.9307,0.7806,1945,1
80747.51,debit_card,gateway_c,network_timeout,594,0.0713,0.8074,0,4,0.8207,0.8207,2027,0
4993.97,net_banking,gateway_c,card_expired,574,0.7536,0.4626,0,3,0.7724,0.7716,4054,0
98361.97,net_banking,gateway_b,card_expired,547,0.4433,0.3308,0,3,0.5143,0.5546,1602,0
88790.67,net_banking,gateway_a,card_expired,197,0.0241,0.0027,0,0,0.4325,0.3244,846,0
12205.67,wallet,gateway_b,suspected_fraud,124,0.3297,0.6376,0,2,0.3806,0.5206,2005,0
82369.53,net_banking,gateway_b,insufficient_funds,970,0.3223,0.8251,0,2,0.3675,0.5129,1927,0
46254.92,wallet,gateway_c,suspected_fraud,778,0.213,0.744,1,3,0.8386,0.4566,3011,0
29961.37,wallet,gateway_b,issuer_unavailable,61,0.4081,0.697,0,3,0.4492,0.6051,6485,1
19610.22,credit_card,gateway_a,card_expired,233,0.6595,0.8486,0,2,0.5848,0.3853,4524,0
62935.74,upi,gateway_c,rate_limit,564,0.7616,0.1283,0,4,0.5212,0.88,7134,1
50800.74,credit_card,gateway_a,rate_limit,213,0.8995,0.4325,0,4,0.3777,0.6363,2805,1
40079.13,net_banking,gateway_c,rate_limit,856,0.5205,0.8884,1,0,0.6912,0.3183,5223,1
37614.59,net_banking,gateway_c,suspected_fraud,94,0.6951,0.2909,0,2,0.5958,0.8392,591,0
30749.59,debit_card,gateway_a,suspected_fraud,869,0.7396,0.2038,0,2,0.5383,0.825,6567,0
38601.66,wallet,gateway_c,card_expired,410,0.5028,0.2636,0,0,0.4317,0.8269,3666,0
53835.46,wallet,gateway_c,temporary_gateway_error,492,0.8585,0.4532,0,1,0.7815,0.7831,1137,1
94088.68,debit_card,gateway_b,suspected_fraud,654,0.5449,0.7921,0,2,0.5455,0.3806,5302,0
80566.92,wallet,gateway_b,suspected_fraud,224,0.0702,0.1546,0,4,0.7658,0.2798,4391,0
25994.17,upi,gateway_a,network_timeout,735,0.5952,0.7308,0,1,0.7711,0.7601,6458,1
9178.33,debit_card,gateway_a,authentication_required,500,0.7983,0.5833,1,3,0.4674,0.5087,185,1
17656.2,net_banking,gateway_b,rate_limit,382,0.536,0.9837,0,1,0.5338,0.8648,2748,0
62200.21,net_banking,gateway_b,card_expired,735,0.7097,0.8367,0,4,0.9558,0.8585,4682,0
39373.3,wallet,gateway_b,issuer_unavailable,264,0.2074,0.1189,0,0,0.5272,0.8437,6971,1
16392.47,credit_card,gateway_b,issuer_unavailable,559,0.9919,0.204,0,2,0.6718,0.4414,6144,1
36301.3,net_banking,gateway_a,authentication_required,669,0.8009,0.0569,1,0,0.961,0.2563,5399,1
67675.87,net_banking,gateway_b,suspected_fraud,473,0.9356,0.1266,0,4,0.8754,0.2631,74,0
5360.51,wallet,gateway_c,suspected_fraud,135,0.871,0.2776,0,1,0.8016,0.3288,4178,0
9150.6,net_banking,gateway_a,card_expired,126,0.7072,0.4727,0,3,0.7986,0.2799,1566,0
98066.78,net_banking,gateway_c,suspected_fraud,228,0.6359,0.0642,0,2,0.8815,0.4926,694,0
69864.24,credit_card,gateway_a,network_timeout,524,0.6935,0.9668,0,4,0.4475,0.7315,5981,0
35000.36,debit_card,gateway_a,rate_limit,488,0.6951,0.2478,0,2,0.7519,0.2295,2063,0
10707.25,upi,gateway_c,insufficient_funds,729,0.2867,0.7666,0,3,0.4292,0.5307,3627,0
76955.77,debit_card,gateway_c,insufficient_funds,286,0.8414,0.4375,0,4,0.4471,0.507,403,0
7347.47,wallet,gateway_b,network_timeout,939,0.3081,0.9827,1,3,0.8443,0.4453,3664,0
33186.81,wallet,gateway_b,suspected_fraud,23,0.1753,0.0325,0,0,0.6358,0.3312,1015,0
69817.06,debit_card,gateway_a,card_expired,594,0.3755,0.7599,0,3,0.4256,0.2573,5119,0
26547.63,credit_card,gateway_b,card_expired,29,0.677,0.7599,1,4,0.8937,0.751,3723,0
28369.81,credit_card,gateway_a,rate_limit,531,0.5108,0.7576,0,2,0.6372,0.6133,5161,1
11455.87,upi,gateway_c,issuer_unavailable,737,0.7813,0.9997,0,3,0.3972,0.8354,626,1
13429.82,debit_card,gateway_c,authentication_required,823,0.3012,0.3723,1,2,0.7182,0.6168,5346,1
27626.04,debit_card,gateway_c,network_timeout,996,0.2247,0.3733,0,4,0.3,0.7625,3413,0
84523.82,upi,gateway_a,card_expired,24,0.4374,0.1702,0,2,0.7752,0.7615,3039,0
68950.48,debit_card,gateway_c,card_expired,841,0.4,0.5607,0,0,0.7351,0.5799,568,0
8252.8,wallet,gateway_a,authentication_required,952,0.6376,0.0594,1,3,0.8474,0.3372,1302,1
99859.04,upi,gateway_b,authentication_required,392,0.4419,0.7739,1,4,0.4892,0.5833,4311,0
10838.43,credit_card,gateway_b,authentication_required,613,0.1488,0.769,1,3,0.3602,0.8662,3536,0
74579.22,net_banking,gateway_b,authentication_required,672,0.0129,0.6207,1,2,0.9635,0.4863,1761,0
47358.82,credit_card,gateway_c,rate_limit,122,0.4065,0.5604,0,2,0.4112,0.6617,2847,1
67561.64,wallet,gateway_b,card_expired,779,0.9737,0.3271,0,2,0.7101,0.6436,4555,0
86185.3,upi,gateway_a,temporary_gateway_error,639,0.7825,0.3279,0,2,0.8831,0.5544,6734,1
20832.45,debit_card,gateway_a,network_timeout,241,0.9417,0.2666,0,1,0.7518,0.7397,4910,1
50312.8,debit_card,gateway_c,suspected_fraud,642,0.9946,0.5874,0,2,0.3023,0.3778,6657,1
38804.79,wallet,gateway_c,card_expired,589,0.4834,0.7533,0,3,0.5512,0.5292,87,0
9743.31,debit_card,gateway_b,card_expired,47,0.911,0.0659,0,0,0.3778,0.6532,563,0
74588.57,debit_card,gateway_b,suspected_fraud,785,0.6404,0.8687,0,0,0.6192,0.5738,541,0
12429.48,wallet,gateway_a,authentication_required,935,0.4225,0.8333,1,4,0.6556,0.6817,2720,0
53751.01,wallet,gateway_a,suspected_fraud,37,0.7986,0.4942,0,0,0.7892,0.7056,2329,0
22041.98,debit_card,gateway_b,authentication_required,492,0.6918,0.4817,1,3,0.9742,0.8859,6204,1
29527.16,debit_card,gateway_b,network_timeout,931,0.7812,0.1214,0,3,0.4444,0.5875,6691,0
43241.06,credit_card,gateway_b,authentication_required,920,0.0118,0.6334,1,1,0.601,0.3813,6294,0
33508.97,debit_card,gateway_c,network_timeout,275,0.9608,0.7454,0,3,0.9276,0.7808,2141,1
10171.27,net_banking,gateway_b,suspected_fraud,166,0.9009,0.5434,0,0,0.6248,0.8978,3532,1
75659.34,net_banking,gateway_b,network_timeout,780,0.7776,0.7096,0,3,0.9773,0.3695,355,1
33243.18,credit_card,gateway_b,rate_limit,341,0.3597,0.4036,0,3,0.6657,0.8959,6991,1
3113.59,debit_card,gateway_c,issuer_unavailable,605,0.9791,0.2122,0,4,0.3725,0.5029,5495,1
80702.63,debit_card,gateway_c,temporary_gateway_error,305,0.9333,0.7762,0,0,0.7324,0.6247,3069,1
94409.17,debit_card,gateway_a,authentication_required,106,0.6331,0.0356,1,2,0.429,0.259,4001,1
12931.25,wallet,gateway_b,authentication_required,372,0.4703,0.0244,1,1,0.3107,0.8381,6658,1
78315.97,upi,gateway_c,insufficient_funds,44,0.8098,0.4704,0,1,0.4635,0.759,1340,1
32102.57,debit_card,gateway_a,authentication_required,285,0.3108,0.1225,1,3,0.69,0.5932,1200,0
43840.62,upi,gateway_a,card_expired,113,0.7361,0.4461,0,1,0.7307,0.707,1393,0
6528.81,upi,gateway_c,insufficient_funds,285,0.1645,0.3747,0,0,0.8135,0.8059,5966,0
74541.76,upi,gateway_a,insufficient_funds,500,0.7858,0.5367,0,2,0.7808,0.605,1980,1
37090.87,net_banking,gateway_a,card_expired,637,0.6583,0.6712,0,1,0.7373,0.8347,3005,0
12964.09,net_banking,gateway_a,card_expired,476,0.1641,0.7824,1,0,0.5811,0.3855,5048,0
21249.18,debit_card,gateway_c,authentication_required,443,0.3022,0.7278,1,1,0.7844,0.4955,217,0
1911.61,debit_card,gateway_a,temporary_gateway_error,768,0.1325,0.4778,0,4,0.4722,0.7867,6660,0
81533.75,wallet,gateway_b,issuer_unavailable,107,0.9444,0.0247,0,1,0.6397,0.3647,2802,1
64217.77,wallet,gateway_c,rate_limit,485,0.7746,0.9152,0,0,0.954,0.5808,2325,1
98872.16,credit_card,gateway_c,authentication_required,544,0.8623,0.636,1,3,0.9008,0.4496,3194,0
89749.25,upi,gateway_a,temporary_gateway_error,513,0.3258,0.7257,0,1,0.6349,0.5081,6128,1
93158.9,credit_card,gateway_c,authentication_required,731,0.5768,0.5834,1,2,0.6176,0.8449,168,1
37772.41,upi,gateway_b,rate_limit,123,0.3236,0.0851,0,3,0.5539,0.8009,7069,1
65481.37,upi,gateway_c,insufficient_funds,333,0.0983,0.2179,0,2,0.3032,0.2486,6396,0
36539.51,debit_card,gateway_c,issuer_unavailable,320,0.8907,0.9287,0,1,0.4403,0.7796,2213,0
57842.76,debit_card,gateway_a,card_expired,403,0.015,0.4107,0,3,0.3726,0.4149,6177,0
29838.38,debit_card,gateway_c,issuer_unavailable,72,0.8952,0.8399,0,2,0.832,0.7511,5360,0
17855.82,credit_card,gateway_a,rate_limit,510,0.6906,0.0297,0,0,0.3882,0.4191,6388,0
2971.9,debit_card,gateway_b,issuer_unavailable,690,0.9826,0.2307,0,1,0.6751,0.7703,3109,0
29161.69,wallet,gateway_a,issuer_unavailable,791,0.6309,0.491,0,3,0.7425,0.7158,3166,1
15389.53,net_banking,gateway_a,temporary_gateway_error,350,0.4436,0.9722,0,0,0.5359,0.3605,5899,1
81948.49,credit_card,gateway_a,network_timeout,508,0.6875,0.7977,0,2,0.4775,0.7,3245,0
3955.52,upi,gateway_c,temporary_gateway_error,718,0.6669,0.3426,0,4,0.8536,0.6764,3565,0
85929.82,wallet,gateway_a,issuer_unavailable,70,0.0698,0.4757,0,3,0.9044,0.2961,790,0
4643.86,wallet,gateway_b,network_timeout,852,0.8415,0.1459,0,4,0.9759,0.539,6195,1
33893.2,debit_card,gateway_b,insufficient_funds,639,0.7217,0.6068,0,1,0.5729,0.4043,76,0
89100.71,net_banking,gateway_c,network_timeout,327,0.8555,0.5384,0,4,0.4635,0.7322,5970,0
53538.75,upi,gateway_c,temporary_gateway_error,976,0.5846,0.0442,0,0,0.6291,0.7762,2028,1
87699.49,debit_card,gateway_c,issuer_unavailable,134,0.5167,0.1859,0,1,0.9713,0.6017,5691,1
40208.07,credit_card,gateway_a,temporary_gateway_error,818,0.7567,0.3564,0,3,0.8825,0.5936,3915,1
13026.78,net_banking,gateway_b,issuer_unavailable,626,0.0781,0.1597,0,4,0.9749,0.3038,4423,0
85017.58,wallet,gateway_c,rate_limit,435,0.7447,0.0432,0,0,0.708,0.28,5225,1
5988.09,credit_card,gateway_c,issuer_unavailable,902,0.1816,0.2067,0,4,0.5835,0.2396,2319,0
36892.52,wallet,gateway_c,card_expired,231,0.7058,0.7577,0,3,0.4368,0.3636,3506,0
47553.72,debit_card,gateway_c,card_expired,396,0.0731,0.0762,0,0,0.4491,0.6379,3765,0
94375.84,wallet,gateway_c,rate_limit,377,0.943,0.8753,0,0,0.4175,0.8083,2663,1
80956.81,debit_card,gateway_b,insufficient_funds,854,0.6397,0.3944,0,2,0.8393,0.5576,5518,0
53004.03,credit_card,gateway_c,suspected_fraud,338,0.9916,0.4243,0,2,0.9969,0.8995,1412,0
66613.83,upi,gateway_a,authentication_required,708,0.1304,0.1438,1,4,0.5624,0.5277,2837,0
75520.01,net_banking,gateway_c,suspected_fraud,874,0.4094,0.292,0,2,0.3267,0.8002,4034,0
40063.78,net_banking,gateway_b,insufficient_funds,23,0.7888,0.4738,0,2,0.5432,0.6532,5465,0
76861.96,wallet,gateway_a,insufficient_funds,43,0.625,0.6162,0,4,0.5624,0.6366,5402,0
39659.83,credit_card,gateway_b,authentication_required,222,0.9868,0.7269,1,4,0.5691,0.839,270,0
53744.54,upi,gateway_b,network_timeout,318,0.3884,0.1971,0,3,0.5974,0.8487,1702,1
42327.42,debit_card,gateway_b,temporary_gateway_error,264,0.7325,0.6787,0,4,0.6723,0.8072,3026,1
94005.0,upi,gateway_c,card_expired,276,0.7283,0.6552,0,1,0.8476,0.5001,7090,0
26251.09,debit_card,gateway_b,authentication_required,899,0.585,0.3694,1,2,0.6096,0.3294,6130,1
38301.27,wallet,gateway_b,network_timeout,407,0.5376,0.5764,0,3,0.5317,0.2791,6738,0
94472.92,debit_card,gateway_b,rate_limit,849,0.7776,0.1329,1,2,0.5812,0.7544,1230,1
7260.85,credit_card,gateway_c,insufficient_funds,471,0.0287,0.7557,0,4,0.8546,0.5867,3508,0
17409.66,wallet,gateway_a,rate_limit,42,0.8643,0.6558,0,4,0.9909,0.8891,599,1
37267.69,credit_card,gateway_a,card_expired,446,0.2689,0.0541,0,2,0.9112,0.3811,1521,0
10167.87,debit_card,gateway_a,temporary_gateway_error,827,0.2776,0.3088,0,2,0.7453,0.2531,4362,0
83604.0,credit_card,gateway_b,rate_limit,721,0.2895,0.5971,0,4,0.8164,0.5604,4802,0
69287.51,credit_card,gateway_b,temporary_gateway_error,439,0.941,0.8555,1,4,0.7217,0.7,5476,1
14151.46,net_banking,gateway_c,card_expired,901,0.4344,0.1063,0,3,0.4782,0.6683,2785,0
60324.2,debit_card,gateway_b,rate_limit,363,0.0528,0.2269,0,0,0.6406,0.8431,4136,1
47919.29,wallet,gateway_a,rate_limit,688,0.5402,0.1088,0,4,0.4932,0.4312,4862,0
53673.08,net_banking,gateway_a,network_timeout,742,0.842,0.5089,0,3,0.3205,0.6219,88,0
61805.21,debit_card,gateway_b,insufficient_funds,119,0.7694,0.3531,0,2,0.6616,0.5687,7051,1
92271.95,credit_card,gateway_c,authentication_required,869,0.8104,0.9942,1,1,0.836,0.2783,697,0
69383.01,net_banking,gateway_a,rate_limit,279,0.8833,0.566,0,1,0.5401,0.829,3201,0
43924.56,credit_card,gateway_c,issuer_unavailable,94,0.8702,0.4784,0,2,0.5051,0.4553,505,0
46340.87,wallet,gateway_c,rate_limit,916,0.7987,0.7695,0,3,0.9938,0.7879,5346,1
37737.33,credit_card,gateway_b,issuer_unavailable,661,0.1385,0.4057,0,1,0.791,0.6274,6418,1
83863.36,net_banking,gateway_b,suspected_fraud,449,0.8891,0.3388,0,3,0.9214,0.5279,6057,0
46695.91,wallet,gateway_a,insufficient_funds,23,0.4847,0.6042,0,2,0.7027,0.6278,569,0
76685.48,debit_card,gateway_a,rate_limit,794,0.1372,0.7721,0,2,0.8454,0.2892,3143,1
14407.86,wallet,gateway_b,rate_limit,930,0.6292,0.0067,0,4,0.8405,0.378,375,0
90224.0,wallet,gateway_b,suspected_fraud,844,0.5028,0.1426,0,2,0.9934,0.7648,2411,0
27239.67,upi,gateway_a,authentication_required,415,0.0803,0.835,1,1,0.7235,0.3378,3833,1
9748.88,upi,gateway_b,network_timeout,49,0.618,0.5717,0,1,0.9988,0.7875,6452,1
77781.96,debit_card,gateway_a,network_timeout,904,0.9119,0.671,0,3,0.5748,0.2585,1152,1
18710.58,net_banking,gateway_c,suspected_fraud,748,0.7684,0.8798,0,3,0.7728,0.7486,5380,0
90949.57,net_banking,gateway_c,card_expired,464,0.022,0.3368,0,1,0.8843,0.264,4510,0
90754.38,net_banking,gateway_c,network_timeout,236,0.528,0.0172,0,1,0.4241,0.3003,2485,1
90646.74,credit_card,gateway_a,suspected_fraud,955,0.863,0.0037,0,3,0.5304,0.76,3143,0
8755.02,credit_card,gateway_c,network_timeout,608,0.8435,0.6341,0,4,0.6716,0.7509,4013,1
26044.17,net_banking,gateway_c,suspected_fraud,43,0.7698,0.9864,0,0,0.7675,0.4621,5408,0
72744.91,upi,gateway_a,authentication_required,576,0.8969,0.6894,1,0,0.9411,0.3239,2209,1
36834.34,debit_card,gateway_c,network_timeout,827,0.4373,0.8731,0,0,0.834,0.373,2786,1
23330.54,credit_card,gateway_a,network_timeout,609,0.0406,0.6635,0,3,0.7426,0.5078,5382,0
75743.19,credit_card,gateway_a,suspected_fraud,394,0.8259,0.6292,0,0,0.3534,0.7675,6046,0
59521.32,credit_card,gateway_b,authentication_required,564,0.3165,0.8124,1,0,0.3978,0.3695,907,0
80670.77,credit_card,gateway_c,network_timeout,778,0.6094,0.4696,0,0,0.7865,0.5232,1554,1
14045.04,debit_card,gateway_b,card_expired,63,0.4383,0.9762,0,3,0.686,0.4436,975,0
54399.57,credit_card,gateway_b,rate_limit,472,0.5613,0.1523,0,1,0.6558,0.8083,2133,1
54879.79,debit_card,gateway_a,suspected_fraud,424,0.4796,0.7206,0,3,0.4799,0.3806,3436,0
32992.68,upi,gateway_b,suspected_fraud,692,0.5028,0.4413,0,3,0.8814,0.786,6485,0
94773.05,upi,gateway_b,temporary_gateway_error,930,0.0388,0.0069,0,2,0.4472,0.5255,1526,1
35150.92,net_banking,gateway_c,rate_limit,91,0.8493,0.5245,0,2,0.7093,0.5288,31,0
54620.09,credit_card,gateway_b,issuer_unavailable,188,0.8591,0.335,0,1,0.4896,0.2845,4951,1
35524.24,debit_card,gateway_b,suspected_fraud,27,0.7793,0.7398,0,3,0.6469,0.6646,2960,0
74778.48,debit_card,gateway_c,temporary_gateway_error,623,0.6348,0.0936,0,0,0.5307,0.5027,2958,0
1034.46,net_banking,gateway_b,rate_limit,250,0.6947,0.8756,0,0,0.4968,0.2981,4264,1
56504.15,upi,gateway_a,issuer_unavailable,206,0.0771,0.3357,0,2,0.7786,0.3818,1964,1
42917.43,debit_card,gateway_a,rate_limit,283,0.3625,0.5766,0,3,0.6061,0.4117,5516,0
75752.63,upi,gateway_c,rate_limit,863,0.2866,0.385,1,1,0.6068,0.8417,3092,1
32971.75,upi,gateway_c,issuer_unavailable,121,0.6035,0.2113,0,1,0.8136,0.2766,5535,1
794.83,net_banking,gateway_b,network_timeout,164,0.4176,0.5062,0,3,0.8244,0.8658,6417,0
10129.44,credit_card,gateway_b,authentication_required,810,0.9348,0.6827,1,1,0.3667,0.8765,67,1
37467.03,wallet,gateway_b,suspected_fraud,932,0.1978,0.9723,0,2,0.4473,0.2931,5527,0
164.16,net_banking,gateway_b,suspected_fraud,696,0.1024,0.6628,0,2,0.5199,0.8375,6487,0
85120.87,debit_card,gateway_a,card_expired,314,0.611,0.5442,0,1,0.3878,0.839,1842,0
87107.19,net_banking,gateway_b,temporary_gateway_error,99,0.292,0.0836,0,0,0.9336,0.4553,6773,1
88519.61,wallet,gateway_a,rate_limit,31,0.179,0.4083,0,0,0.4443,0.78,2759,1
63392.68,credit_card,gateway_a,card_expired,868,0.5767,0.9964,0,0,0.5305,0.337,1761,0
74989.19,net_banking,gateway_a,temporary_gateway_error,539,0.1225,0.2504,0,0,0.3355,0.8227,1939,1
10329.47,upi,gateway_a,card_expired,913,0.8625,0.3906,0,3,0.7019,0.7821,5720,0
71645.26,wallet,gateway_b,insufficient_funds,365,0.7549,0.3216,0,4,0.5928,0.708,2877,0
51273.31,debit_card,gateway_b,suspected_fraud,291,0.133,0.7032,0,4,0.8198,0.6005,6814,0
52386.62,credit_card,gateway_a,insufficient_funds,471,0.405,0.4416,0,4,0.3274,0.5924,3029,0
71407.33,net_banking,gateway_a,issuer_unavailable,681,0.8038,0.1331,0,1,0.7667,0.2844,2797,1
13841.83,wallet,gateway_b,network_timeout,476,0.0945,0.0933,0,1,0.7453,0.3895,4598,1
25000.11,net_banking,gateway_a,authentication_required,285,0.4204,0.225,1,4,0.7046,0.248,6765,0
35927.05,upi,gateway_c,temporary_gateway_error,877,0.5209,0.2389,0,2,0.5161,0.8108,5206,1
92766.64,debit_card,gateway_a,insufficient_funds,282,0.0759,0.045,0,0,0.8353,0.656,2420,0
81475.07,wallet,gateway_a,card_expired,168,0.907,0.3357,0,1,0.4227,0.6829,3753,0
41100.08,wallet,gateway_c,suspected_fraud,740,0.518,0.5503,0,0,0.8618,0.6442,2601,0
68998.97,wallet,gateway_a,rate_limit,740,0.7729,0.429,0,3,0.6918,0.4631,7049,1
77822.87,debit_card,gateway_a,temporary_gateway_error,929,0.7845,0.7959,0,1,0.3975,0.6336,3203,0
81691.86,upi,gateway_a,suspected_fraud,878,0.08,0.4271,0,4,0.4846,0.5423,3116,0
93000.47,net_banking,gateway_c,card_expired,741,0.7545,0.2895,1,0,0.8452,0.4789,3694,0
33267.37,net_banking,gateway_b,temporary_gateway_error,355,0.6827,0.5762,0,1,0.3305,0.583,3977,0
48439.77,credit_card,gateway_b,authentication_required,780,0.4288,0.3598,1,3,0.898,0.8067,4158,1
16345.32,wallet,gateway_b,authentication_required,228,0.7002,0.8669,1,4,0.5276,0.2541,1335,0
59093.38,upi,gateway_a,network_timeout,203,0.2767,0.7551,0,3,0.5726,0.6055,29,0
33485.93,credit_card,gateway_a,authentication_required,860,0.7129,0.6331,1,1,0.6253,0.8847,70,0
51403.08,wallet,gateway_c,insufficient_funds,374,0.3209,0.7967,0,0,0.759,0.8989,2321,0
64238.01,credit_card,gateway_a,insufficient_funds,413,0.5897,0.997,0,3,0.9865,0.6671,2180,1
60518.57,debit_card,gateway_c,issuer_unavailable,376,0.7729,0.193,0,4,0.9117,0.2639,1675,0
17775.32,wallet,gateway_c,insufficient_funds,921,0.7112,0.23,0,4,0.3398,0.7777,5993,0
59019.24,wallet,gateway_b,temporary_gateway_error,800,0.8327,0.7965,0,0,0.9278,0.8553,4792,1
85859.16,debit_card,gateway_b,insufficient_funds,45,0.7709,0.4855,0,0,0.596,0.7912,3613,1
84383.06,upi,gateway_b,insufficient_funds,32,0.3499,0.8328,0,4,0.6112,0.4407,1152,0
39996.7,upi,gateway_c,suspected_fraud,875,0.7083,0.7127,0,3,0.369,0.6438,3002,0
92404.33,upi,gateway_b,insufficient_funds,727,0.7817,0.7602,0,3,0.6805,0.3686,4024,0
5517.41,debit_card,gateway_b,authentication_required,971,0.4161,0.3499,1,2,0.6175,0.8841,4517,1
2212.7,wallet,gateway_c,card_expired,199,0.174,0.3406,0,0,0.6605,0.5349,1756,0
84407.27,upi,gateway_a,insufficient_funds,705,0.3912,0.2693,0,4,0.409,0.2304,1618,1
36194.61,wallet,gateway_c,rate_limit,56,0.5813,0.47,0,4,0.37,0.724,3900,1
59134.1,wallet,gateway_c,suspected_fraud,500,0.3614,0.5387,0,4,0.9792,0.4838,3785,0
5307.62,upi,gateway_b,temporary_gateway_error,467,0.9207,0.201,0,3,0.7509,0.7356,115,0
81701.37,net_banking,gateway_c,temporary_gateway_error,857,0.3362,0.5796,0,4,0.7454,0.6616,2458,1
73510.86,credit_card,gateway_a,network_timeout,94,0.5077,0.0445,0,1,0.4426,0.8038,3993,1
97210.23,wallet,gateway_c,card_expired,665,0.8383,0.8238,0,3,0.3582,0.2727,879,0
48062.45,credit_card,gateway_a,insufficient_funds,301,0.8719,0.0905,0,3,0.6694,0.4339,584,0
50063.89,credit_card,gateway_c,card_expired,519,0.8436,0.0561,0,1,0.6411,0.6973,7058,0
42385.45,net_banking,gateway_a,temporary_gateway_error,835,0.4341,0.6767,0,4,0.4524,0.5961,1473,0
84839.3,net_banking,gateway_a,temporary_gateway_error,56,0.7991,0.8601,0,4,0.9571,0.8228,4893,1
53570.59,net_banking,gateway_a,network_timeout,124,0.2301,0.5049,0,4,0.858,0.7625,4130,1
61591.63,debit_card,gateway_c,authentication_required,391,0.96,0.6344,1,4,0.3739,0.7067,1857,1
25321.32,credit_card,gateway_b,network_timeout,701,0.6581,0.1008,0,0,0.8602,0.2609,4439,1
44023.5,wallet,gateway_c,temporary_gateway_error,911,0.6921,0.0542,0,4,0.8326,0.3049,2138,0
58628.31,net_banking,gateway_c,rate_limit,570,0.9519,0.8637,0,0,0.5455,0.3188,5920,1
96364.44,wallet,gateway_a,issuer_unavailable,219,0.2263,0.6579,0,2,0.9349,0.5899,4064,0
51101.83,net_banking,gateway_c,insufficient_funds,590,0.7468,0.9153,0,4,0.4881,0.807,4809,0
62779.43,debit_card,gateway_b,network_timeout,434,0.8335,0.3366,0,4,0.4403,0.5948,5710,1
11088.9,debit_card,gateway_b,card_expired,31,0.6137,0.5601,0,1,0.3284,0.5243,2169,0
66857.98,debit_card,gateway_a,rate_limit,468,0.3272,0.7994,0,1,0.4955,0.8667,1152,1
17580.27,debit_card,gateway_c,authentication_required,655,0.2769,0.2096,1,0,0.8352,0.6141,4227,1
28572.04,wallet,gateway_b,insufficient_funds,483,0.1912,0.503,0,4,0.6199,0.3001,5556,0
24562.68,debit_card,gateway_c,issuer_unavailable,904,0.6625,0.8859,0,0,0.6033,0.3716,377,0
7903.05,debit_card,gateway_a,rate_limit,483,0.282,0.2546,0,2,0.6094,0.6038,2204,0
12961.6,upi,gateway_a,network_timeout,78,0.9318,0.223,0,2,0.7731,0.6222,475,1
86451.71,debit_card,gateway_c,card_expired,709,0.6468,0.9276,0,3,0.9775,0.8799,5394,0
5980.48,wallet,gateway_c,rate_limit,698,0.6413,0.4557,0,3,0.5446,0.2696,1722,1
51519.63,upi,gateway_b,authentication_required,585,0.7271,0.1166,1,3,0.5561,0.3339,6121,1
47852.64,wallet,gateway_c,issuer_unavailable,272,0.9314,0.5862,0,4,0.5799,0.4149,1785,1
12941.57,wallet,gateway_c,insufficient_funds,107,0.3802,0.6577,0,0,0.3382,0.7829,1457,0
73337.73,net_banking,gateway_c,issuer_unavailable,845,0.2659,0.7908,0,2,0.6954,0.7345,6720,0
70628.76,upi,gateway_a,insufficient_funds,343,0.5999,0.0013,0,4,0.7295,0.7987,1201,0
50499.36,upi,gateway_a,authentication_required,450,0.0346,0.7741,1,0,0.8044,0.8291,6886,0
36361.0,debit_card,gateway_c,rate_limit,470,0.0915,0.0447,1,3,0.6771,0.2544,3807,1
53231.88,net_banking,gateway_c,suspected_fraud,783,0.2005,0.5718,0,1,0.947,0.4282,6914,0
17720.45,credit_card,gateway_b,insufficient_funds,639,0.1793,0.184,0,0,0.3935,0.3098,5716,1
16501.08,credit_card,gateway_a,network_timeout,800,0.9852,0.205,0,3,0.3307,0.7885,1190,0
21016.92,debit_card,gateway_b,issuer_unavailable,191,0.11,0.6662,0,2,0.448,0.7728,917,0
65200.15,credit_card,gateway_b,issuer_unavailable,845,0.3287,0.7617,0,0,0.9469,0.4819,2503,1
17469.07,net_banking,gateway_b,insufficient_funds,222,0.6555,0.5069,0,3,0.3142,0.3337,5763,0
45617.8,net_banking,gateway_c,suspected_fraud,463,0.9399,0.3026,0,2,0.9493,0.7351,4642,0
62213.4,net_banking,gateway_b,temporary_gateway_error,779,0.098,0.9206,0,3,0.9166,0.2671,6104,0
68083.4,net_banking,gateway_c,network_timeout,395,0.2638,0.6089,0,2,0.7258,0.4512,6604,1
29153.52,credit_card,gateway_a,network_timeout,178,0.5454,0.7212,0,2,0.7048,0.3678,4643,0
70338.45,debit_card,gateway_a,insufficient_funds,753,0.0448,0.6508,0,2,0.6337,0.4818,4994,1
88914.07,debit_card,gateway_c,rate_limit,402,0.1624,0.3984,0,2,0.3118,0.4571,2443,0
36296.97,debit_card,gateway_a,suspected_fraud,722,0.1558,0.8412,0,3,0.3894,0.2473,3842,0
43641.89,debit_card,gateway_a,temporary_gateway_error,517,0.0238,0.7038,0,0,0.3916,0.3178,6545,1
94277.4,debit_card,gateway_b,authentication_required,576,0.2704,0.2149,1,4,0.4408,0.2562,3759,0
7509.27,net_banking,gateway_b,suspected_fraud,515,0.5718,0.6353,1,1,0.67,0.4888,5717,0
85119.8,upi,gateway_b,suspected_fraud,694,0.286,0.0125,0,3,0.7248,0.6486,1365,0
98219.25,wallet,gateway_c,rate_limit,480,0.4725,0.0784,0,1,0.7399,0.6517,1031,1
65476.4,credit_card,gateway_c,insufficient_funds,355,0.1529,0.9139,0,4,0.5104,0.3037,5043,1
5113.46,debit_card,gateway_a,rate_limit,991,0.2333,0.1259,0,2,0.9977,0.3708,5754,1
80816.68,net_banking,gateway_c,insufficient_funds,363,0.9359,0.7718,0,3,0.3007,0.4377,5183,1
20980.56,debit_card,gateway_b,temporary_gateway_error,721,0.829,0.1802,0,2,0.4011,0.4525,4310,1
90214.84,upi,gateway_c,temporary_gateway_error,474,0.6711,0.7203,0,1,0.4295,0.2073,4521,1
52348.26,credit_card,gateway_c,network_timeout,450,0.6146,0.0777,0,1,0.7784,0.685,784,1
61331.61,credit_card,gateway_a,card_expired,927,0.8052,0.1299,0,2,0.4378,0.7004,5687,0
9509.48,debit_card,gateway_b,temporary_gateway_error,471,0.3134,0.509,0,1,0.4105,0.3209,3627,1
98399.99,credit_card,gateway_a,suspected_fraud,336,0.2,0.7033,0,3,0.3371,0.5354,6897,0
54602.21,net_banking,gateway_a,issuer_unavailable,253,0.5251,0.7786,0,4,0.338,0.5961,1632,1
76842.83,net_banking,gateway_a,card_expired,205,0.4472,0.0237,0,1,0.9853,0.4367,3938,0
55532.1,upi,gateway_b,network_timeout,436,0.373,0.23,0,2,0.7668,0.8845,5067,1
6008.96,credit_card,gateway_c,issuer_unavailable,150,0.265,0.0599,0,2,0.9515,0.4633,2341,0
39930.62,upi,gateway_b,issuer_unavailable,370,0.6631,0.901,0,2,0.8497,0.6429,3174,0
50516.99,wallet,gateway_b,temporary_gateway_error,450,0.6671,0.4335,0,3,0.9566,0.5512,3708,0
48579.21,wallet,gateway_b,card_expired,351,0.6456,0.9547,0,1,0.3916,0.5618,1538,0
48663.52,upi,gateway_b,temporary_gateway_error,583,0.3139,0.4756,0,1,0.6148,0.6551,3793,0
73206.78,upi,gateway_c,card_expired,915,0.7685,0.775,0,2,0.9684,0.3344,2834,0
48487.04,debit_card,gateway_b,rate_limit,753,0.2584,0.9606,0,0,0.7242,0.6111,6740,0
69407.42,wallet,gateway_a,authentication_required,132,0.1181,0.0337,1,1,0.6831,0.5119,1061,0
37715.48,wallet,gateway_a,insufficient_funds,872,0.8962,0.678,0,0,0.6198,0.5521,6667,0
94815.02,upi,gateway_c,rate_limit,109,0.3632,0.9064,0,4,0.7645,0.2013,2076,0
61868.34,wallet,gateway_b,temporary_gateway_error,911,0.0755,0.5337,0,0,0.9065,0.3795,239,0
98151.62,debit_card,gateway_b,card_expired,890,0.8563,0.6875,0,3,0.711,0.3871,3298,0
52934.49,upi,gateway_a,rate_limit,802,0.7449,0.6252,0,2,0.3407,0.5994,6276,1
47617.84,credit_card,gateway_b,network_timeout,404,0.7339,0.8186,0,4,0.3042,0.2164,4174,1
46142.96,debit_card,gateway_c,network_timeout,392,0.1512,0.0964,1,0,0.3004,0.2226,497,1
41923.65,net_banking,gateway_a,network_timeout,277,0.6155,0.6323,0,2,0.9695,0.3204,2047,0
27301.48,net_banking,gateway_c,rate_limit,215,0.2317,0.6461,0,4,0.987,0.4254,6248,1
25104.07,net_banking,gateway_c,issuer_unavailable,350,0.2865,0.408,0,1,0.3182,0.2026,63,0
47159.21,debit_card,gateway_c,temporary_gateway_error,477,0.2031,0.7905,0,1,0.8176,0.3788,4927,0
52636.15,debit_card,gateway_c,rate_limit,723,0.1457,0.6771,0,2,0.5444,0.3528,512,1
76227.81,debit_card,gateway_b,authentication_required,864,0.937,0.9512,1,3,0.7855,0.4136,4527,0
73508.54,debit_card,gateway_c,issuer_unavailable,789,0.9779,0.032,0,2,0.8582,0.7079,3395,1
41303.08,wallet,gateway_c,insufficient_funds,859,0.8838,0.918,0,1,0.6573,0.5894,5425,0
21147.17,upi,gateway_b,temporary_gateway_error,341,0.1773,0.7177,0,0,0.8595,0.8268,1751,1
2770.38,wallet,gateway_c,rate_limit,716,0.8769,0.2358,0,2,0.9886,0.3397,5185,1
51541.68,net_banking,gateway_c,temporary_gateway_error,819,0.4291,0.002,0,1,0.5186,0.5515,4795,0
23641.24,net_banking,gateway_a,issuer_unavailable,283,0.6868,0.3543,0,1,0.8284,0.3103,1926,1
51633.83,credit_card,gateway_a,temporary_gateway_error,706,0.5274,0.16,0,1,0.8114,0.7058,34,0
15111.67,wallet,gateway_b,authentication_required,948,0.151,0.5638,1,3,0.5654,0.7548,1126,0
43655.32,debit_card,gateway_b,network_timeout,807,0.5962,0.8975,0,0,0.6838,0.5267,1350,0
4641.66,credit_card,gateway_b,network_timeout,190,0.6718,0.3255,0,4,0.8336,0.8191,6383,1
62550.33,debit_card,gateway_b,authentication_required,97,0.9915,0.9928,1,0,0.9956,0.8558,3734,1
12733.6,credit_card,gateway_a,card_expired,311,0.8237,0.5397,0,0,0.8705,0.386,5127,0
68995.98,credit_card,gateway_b,temporary_gateway_error,497,0.3354,0.6962,1,1,0.675,0.5014,5557,1
61739.23,debit_card,gateway_c,temporary_gateway_error,244,0.9274,0.7798,0,4,0.3566,0.5648,5150,0
68491.83,net_banking,gateway_a,insufficient_funds,545,0.633,0.5608,0,0,0.6262,0.5533,4214,1
83906.67,wallet,gateway_b,insufficient_funds,69,0.8995,0.8436,0,4,0.7618,0.2858,6698,1
41985.06,credit_card,gateway_a,temporary_gateway_error,180,0.0346,0.5168,0,2,0.7908,0.6012,1430,0
75574.41,debit_card,gateway_c,rate_limit,169,0.4444,0.3871,0,1,0.9909,0.3113,1341,1
42311.66,net_banking,gateway_a,issuer_unavailable,879,0.6442,0.6813,0,3,0.6129,0.4813,929,0
45045.98,wallet,gateway_a,insufficient_funds,134,0.7613,0.7832,0,2,0.399,0.2708,1234,1
28655.51,net_banking,gateway_c,authentication_required,841,0.3342,0.7052,1,1,0.38,0.369,1524,0
62066.04,net_banking,gateway_b,rate_limit,434,0.5596,0.9415,0,3,0.6454,0.7613,594,0
22166.19,net_banking,gateway_b,suspected_fraud,764,0.2176,0.015,0,1,0.8,0.3028,6971,0
71389.21,wallet,gateway_b,rate_limit,259,0.977,0.5821,0,0,0.813,0.3843,4223,1
47442.42,net_banking,gateway_c,issuer_unavailable,815,0.9274,0.6107,0,2,0.3548,0.4541,4580,0
78489.22,upi,gateway_c,temporary_gateway_error,136,0.6368,0.8393,0,2,0.7641,0.7953,555,1
48679.3,net_banking,gateway_c,insufficient_funds,240,0.4419,0.4229,0,2,0.3678,0.3409,5388,0
65761.59,credit_card,gateway_c,network_timeout,664,0.3366,0.9887,0,1,0.4251,0.8548,6926,1
59825.97,wallet,gateway_b,issuer_unavailable,933,0.3495,0.6329,1,3,0.5625,0.7768,4198,0
98324.13,upi,gateway_a,rate_limit,893,0.9315,0.1697,0,3,0.8966,0.556,3080,0
19541.52,debit_card,gateway_b,authentication_required,566,0.1433,0.6248,1,2,0.44,0.3926,235,1
76393.79,credit_card,gateway_a,authentication_required,430,0.2548,0.3047,1,2,0.4581,0.7333,5715,0
90616.33,credit_card,gateway_b,insufficient_funds,573,0.8386,0.3182,0,3,0.489,0.7961,4338,0
86829.28,net_banking,gateway_b,network_timeout,234,0.7102,0.2882,0,0,0.8944,0.3258,4066,1
35941.11,net_banking,gateway_a,suspected_fraud,108,0.6571,0.11,0,0,0.7086,0.5504,6024,0
1962.05,credit_card,gateway_a,issuer_unavailable,805,0.0304,0.8587,0,3,0.4093,0.767,6554,0
98256.64,upi,gateway_c,insufficient_funds,227,0.1115,0.9713,0,4,0.5752,0.8939,204,0
36049.02,credit_card,gateway_a,temporary_gateway_error,546,0.7964,0.1923,0,0,0.315,0.5609,5283,0
51057.62,net_banking,gateway_a,card_expired,786,0.5901,0.8234,0,0,0.7184,0.4975,3113,0
94813.28,upi,gateway_c,insufficient_funds,596,0.7284,0.6573,0,3,0.4389,0.2108,2932,0
59224.13,debit_card,gateway_a,rate_limit,473,0.1091,0.0355,0,1,0.5199,0.2595,2606,1
88675.67,net_banking,gateway_b,rate_limit,269,0.4473,0.6207,0,0,0.6427,0.6512,2666,0
25795.2,upi,gateway_c,temporary_gateway_error,660,0.1148,0.0056,0,0,0.6341,0.4288,501,0
69405.71,credit_card,gateway_a,insufficient_funds,639,0.9951,0.5689,0,0,0.3505,0.4831,2529,0
13959.62,debit_card,gateway_b,suspected_fraud,122,0.5289,0.335,0,3,0.9565,0.8861,4600,1
24244.62,debit_card,gateway_b,rate_limit,882,0.1326,0.4175,0,0,0.3269,0.7072,3443,1
98629.82,wallet,gateway_a,authentication_required,789,0.2927,0.1123,1,3,0.783,0.2941,1128,1
5254.63,credit_card,gateway_a,insufficient_funds,401,0.415,0.192,0,2,0.5044,0.7843,4375,0
75167.73,upi,gateway_c,card_expired,380,0.803,0.0043,0,3,0.8854,0.7207,3819,0
92263.15,debit_card,gateway_a,suspected_fraud,132,0.199,0.467,0,4,0.7476,0.4854,227,0
92562.27,wallet,gateway_c,rate_limit,526,0.3081,0.9552,0,2,0.7446,0.6439,2728,1
101.33,credit_card,gateway_b,insufficient_funds,117,0.3428,0.9486,0,3,0.3813,0.8991,1640,0
97843.13,upi,gateway_b,temporary_gateway_error,955,0.1159,0.636,0,2,0.649,0.6759,6218,1
56366.64,upi,gateway_c,temporary_gateway_error,230,0.7923,0.4975,0,2,0.6935,0.6814,5666,0
72925.97,debit_card,gateway_c,suspected_fraud,926,0.0312,0.4993,0,0,0.8801,0.3393,2775,0
77972.55,debit_card,gateway_c,temporary_gateway_error,125,0.5862,0.7426,0,2,0.8301,0.2616,6731,0
96772.82,upi,gateway_c,card_expired,986,0.1638,0.2484,0,0,0.5807,0.8919,401,0
18650.43,debit_card,gateway_a,issuer_unavailable,755,0.9303,0.9244,0,1,0.9934,0.8673,545,1
59000.51,credit_card,gateway_a,insufficient_funds,331,0.7182,0.2057,0,3,0.3974,0.4395,2033,1
6873.56,net_banking,gateway_b,suspected_fraud,164,0.7934,0.5056,0,0,0.9806,0.8909,2025,0
80241.59,net_banking,gateway_b,issuer_unavailable,916,0.8617,0.4394,0,3,0.5856,0.5641,6733,1
16377.21,debit_card,gateway_a,suspected_fraud,100,0.3708,0.5155,0,4,0.8771,0.363,4376,0
27790.89,credit_card,gateway_a,network_timeout,455,0.9572,0.0907,0,0,0.5977,0.4302,1097,1
48605.91,upi,gateway_c,card_expired,638,0.841,0.9733,0,2,0.9806,0.5973,2436,0
84282.48,upi,gateway_a,rate_limit,867,0.2951,0.3088,0,4,0.8922,0.2048,486,0
91435.56,net_banking,gateway_a,authentication_required,635,0.5308,0.6973,1,3,0.3091,0.6244,6064,0
40018.48,wallet,gateway_c,temporary_gateway_error,904,0.63,0.3334,0,3,0.9088,0.5699,422,0
92716.89,wallet,gateway_a,insufficient_funds,898,0.4665,0.7121,0,2,0.5124,0.7751,2493,0
88060.59,debit_card,gateway_c,suspected_fraud,505,0.8722,0.1647,0,2,0.5048,0.4583,2913,0
64399.87,debit_card,gateway_c,issuer_unavailable,514,0.6555,0.3373,0,4,0.6705,0.2997,4852,0
36504.84,debit_card,gateway_b,card_expired,858,0.2023,0.4308,0,1,0.9447,0.591,3242,0
5952.98,upi,gateway_b,temporary_gateway_error,514,0.2326,0.4326,0,1,0.4482,0.4809,814,0
3767.02,net_banking,gateway_c,card_expired,782,0.0307,0.0759,0,3,0.525,0.4628,2831,0
67067.9,net_banking,gateway_a,rate_limit,114,0.1644,0.4341,0,2,0.4307,0.4012,5492,1
97834.32,wallet,gateway_a,authentication_required,94,0.4869,0.3625,1,1,0.6494,0.7031,2316,0
72252.61,upi,gateway_c,card_expired,423,0.6517,0.1679,0,1,0.9425,0.2135,4094,0
74498.73,upi,gateway_c,issuer_unavailable,132,0.5917,0.4218,0,4,0.6678,0.4393,233,0
8794.18,net_banking,gateway_c,card_expired,324,0.2597,0.684,0,4,0.4553,0.5083,2585,0
81587.73,credit_card,gateway_b,card_expired,969,0.755,0.0624,0,4,0.4858,0.7402,3266,1
75884.77,credit_card,gateway_b,network_timeout,177,0.4723,0.5248,0,2,0.5127,0.5316,2372,1
87840.63,upi,gateway_b,rate_limit,715,0.8619,0.3865,0,0,0.3551,0.5046,6920,1
51357.17,upi,gateway_a,insufficient_funds,826,0.2104,0.9656,0,2,0.3228,0.7047,2110,1
58246.87,upi,gateway_c,network_timeout,980,0.314,0.7183,0,0,0.3845,0.2862,3333,1
31718.08,debit_card,gateway_b,rate_limit,495,0.5373,0.2654,0,2,0.6899,0.7286,4692,1
55389.48,debit_card,gateway_a,network_timeout,910,0.612,0.2879,1,0,0.9654,0.6669,3706,1
11728.75,credit_card,gateway_a,card_expired,749,0.3159,0.2928,0,4,0.5138,0.3238,6461,0
41485.14,net_banking,gateway_a,suspected_fraud,770,0.682,0.3556,0,3,0.8146,0.5555,532,0
58819.6,upi,gateway_a,network_timeout,288,0.6069,0.53,0,4,0.5496,0.5575,1291,0
30633.66,debit_card,gateway_b,issuer_unavailable,896,0.1089,0.7272,0,3,0.606,0.5639,1882,0
39328.17,wallet,gateway_a,suspected_fraud,361,0.3513,0.1955,0,0,0.5184,0.2078,6402,0
6202.23,wallet,gateway_c,rate_limit,698,0.7809,0.7482,0,2,0.4972,0.4916,4605,0
46908.34,net_banking,gateway_b,rate_limit,693,0.7402,0.9301,0,0,0.4526,0.5293,3447,1
62582.11,upi,gateway_c,authentication_required,232,0.8061,0.4133,1,2,0.3109,0.7389,5669,0
14347.91,upi,gateway_a,authentication_required,889,0.0531,0.1137,1,4,0.782,0.7908,6092,0
80924.6,debit_card,gateway_b,issuer_unavailable,57,0.9117,0.6369,0,2,0.7417,0.851,4061,1
85185.2,debit_card,gateway_a,card_expired,966,0.6677,0.4301,0,0,0.8769,0.2769,4373,0
33955.32,credit_card,gateway_a,rate_limit,586,0.13,0.4735,1,0,0.773,0.6543,5934,0
96772.66,credit_card,gateway_c,rate_limit,66,0.4456,0.0019,0,3,0.4914,0.5108,3437,0
34587.52,debit_card,gateway_b,issuer_unavailable,30,0.2194,0.8843,0,2,0.8821,0.7926,711,0
44054.18,credit_card,gateway_b,issuer_unavailable,888,0.1189,0.3625,0,2,0.8079,0.8647,663,0
79966.74,wallet,gateway_c,temporary_gateway_error,811,0.6296,0.0702,0,3,0.4425,0.4104,6001,0
81762.88,upi,gateway_a,card_expired,974,0.1067,0.0182,0,3,0.4679,0.4445,537,0
27768.62,net_banking,gateway_a,authentication_required,615,0.6958,0.0217,1,3,0.3359,0.7359,2645,1
84769.02,wallet,gateway_a,network_timeout,526,0.9428,0.3665,0,0,0.8093,0.4977,821,0
51314.75,wallet,gateway_a,network_timeout,462,0.2354,0.1526,0,3,0.3993,0.8189,3965,0
64480.64,debit_card,gateway_a,temporary_gateway_error,422,0.5233,0.7704,0,0,0.4016,0.3676,4790,0
55548.03,wallet,gateway_a,network_timeout,223,0.5113,0.475,0,0,0.9164,0.8848,2359,0
13864.68,wallet,gateway_a,issuer_unavailable,266,0.765,0.4664,0,3,0.5153,0.6522,1072,0
55199.66,debit_card,gateway_a,suspected_fraud,809,0.433,0.0344,0,4,0.654,0.6222,5197,0
79746.96,credit_card,gateway_c,card_expired,405,0.9854,0.9773,0,0,0.8315,0.7352,1404,1
28449.96,upi,gateway_a,insufficient_funds,69,0.4303,0.1331,0,3,0.4736,0.4541,4078,0
46025.4,wallet,gateway_c,card_expired,598,0.3303,0.8851,0,4,0.3264,0.2714,701,0
60194.64,wallet,gateway_b,temporary_gateway_error,270,0.8181,0.3546,0,4,0.6577,0.2739,3170,0
60137.58,debit_card,gateway_c,suspected_fraud,27,0.46,0.7668,0,4,0.7554,0.7569,2293,0
46216.39,credit_card,gateway_a,temporary_gateway_error,449,0.0468,0.6799,0,3,0.494,0.4021,2251,1
6108.44,wallet,gateway_a,insufficient_funds,62,0.7824,0.4594,0,0,0.9291,0.4443,3670,0
44892.0,debit_card,gateway_b,suspected_fraud,150,0.4984,0.4598,1,2,0.6944,0.7017,652,0
47898.13,net_banking,gateway_a,suspected_fraud,353,0.6871,0.2707,0,3,0.6764,0.7033,656,0
7388.42,wallet,gateway_c,suspected_fraud,280,0.6763,0.8261,0,0,0.6257,0.4418,712,0
28948.73,wallet,gateway_c,insufficient_funds,30,0.6709,0.5627,0,0,0.895,0.3011,5647,0
87119.3,upi,gateway_c,rate_limit,576,0.8943,0.8324,0,3,0.6976,0.5746,4632,1
34307.51,credit_card,gateway_a,insufficient_funds,508,0.5525,0.5179,0,2,0.804,0.8044,5886,0
66462.08,wallet,gateway_a,network_timeout,451,0.6352,0.2475,0,1,0.7191,0.6064,4555,0
4527.57,net_banking,gateway_c,network_timeout,436,0.9754,0.7583,0,0,0.6232,0.8848,3080,0
26590.67,credit_card,gateway_a,network_timeout,91,0.1943,0.4492,0,0,0.3609,0.3968,5847,0
30890.35,upi,gateway_c,suspected_fraud,194,0.7085,0.2348,0,2,0.4511,0.7053,6601,0
32619.22,net_banking,gateway_c,rate_limit,255,0.7871,0.3259,0,2,0.9091,0.7717,6053,0
49416.4,wallet,gateway_b,rate_limit,305,0.1891,0.3911,0,4,0.8889,0.5099,6064,0
57491.25,net_banking,gateway_a,issuer_unavailable,815,0.8052,0.7996,0,1,0.5822,0.6767,2309,0
79128.04,net_banking,gateway_c,network_timeout,306,0.4383,0.7469,0,0,0.3128,0.82,3688,1
47977.85,upi,gateway_b,insufficient_funds,963,0.1248,0.6642,0,0,0.5915,0.444,3125,0
89904.49,net_banking,gateway_a,suspected_fraud,813,0.4167,0.0616,0,2,0.3713,0.3079,2489,0
17049.76,upi,gateway_a,suspected_fraud,286,0.4807,0.1641,0,4,0.9198,0.4363,5514,0
46250.06,debit_card,gateway_b,temporary_gateway_error,107,0.4595,0.4614,0,4,0.5941,0.3038,6250,0
8628.65,credit_card,gateway_c,suspected_fraud,381,0.7973,0.9513,0,4,0.6981,0.3332,6445,0
7582.77,net_banking,gateway_c,temporary_gateway_error,431,0.0842,0.3967,0,3,0.5488,0.2856,5167,0
9764.52,credit_card,gateway_b,rate_limit,738,0.6086,0.5306,0,4,0.9023,0.79,6627,1
47186.01,credit_card,gateway_b,suspected_fraud,302,0.3361,0.7096,0,1,0.3201,0.2281,4343,0
13940.06,credit_card,gateway_c,network_timeout,72,0.2776,0.0457,0,3,0.9033,0.675,3767,0
72088.34,upi,gateway_c,issuer_unavailable,334,0.531,0.1174,0,1,0.4251,0.7186,2363,1
68977.14,wallet,gateway_c,rate_limit,746,0.082,0.5637,1,1,0.8069,0.351,2355,0
91066.26,upi,gateway_b,temporary_gateway_error,507,0.3012,0.8749,0,1,0.5909,0.51,2074,1
82064.59,net_banking,gateway_a,suspected_fraud,456,0.017,0.1029,0,4,0.5316,0.5714,1878,0
68735.77,credit_card,gateway_a,network_timeout,127,0.5648,0.67,0,0,0.8517,0.8173,6022,1
48468.51,wallet,gateway_b,authentication_required,325,0.623,0.8837,1,2,0.47,0.3068,6402,1
96517.99,wallet,gateway_b,temporary_gateway_error,290,0.0674,0.7094,0,4,0.815,0.3407,1519,0
15442.11,wallet,gateway_c,temporary_gateway_error,556,0.7001,0.5351,0,4,0.9963,0.5924,487,1
66487.23,net_banking,gateway_c,issuer_unavailable,25,0.837,0.0712,0,3,0.8422,0.6473,4291,0
51400.42,upi,gateway_c,suspected_fraud,442,0.2778,0.3628,0,3,0.8326,0.6288,2757,0
12383.99,credit_card,gateway_b,authentication_required,506,0.2036,0.2596,1,2,0.642,0.4329,6032,1
26422.99,upi,gateway_b,network_timeout,58,0.8674,0.5686,0,0,0.3103,0.6574,5334,1
3019.11,credit_card,gateway_b,network_timeout,848,0.5706,0.7727,0,4,0.7256,0.2783,998,1
10076.72,debit_card,gateway_b,issuer_unavailable,712,0.6054,0.6827,0,3,0.691,0.4618,2615,1
57284.16,wallet,gateway_b,network_timeout,631,0.2581,0.8281,0,0,0.5244,0.518,499,1
32515.76,credit_card,gateway_b,authentication_required,22,0.2117,0.6388,1,1,0.5627,0.8719,3888,1
62170.71,net_banking,gateway_a,insufficient_funds,530,0.2637,0.5041,0,3,0.4656,0.5061,1050,0
23913.67,credit_card,gateway_a,authentication_required,600,0.7039,0.7515,1,4,0.3385,0.3618,3885,0
67049.87,debit_card,gateway_a,network_timeout,655,0.5159,0.3084,0,1,0.4731,0.3981,5252,1
95971.75,net_banking,gateway_c,insufficient_funds,492,0.3619,0.5164,0,2,0.9801,0.8545,2222,0
37197.75,credit_card,gateway_a,card_expired,215,0.5833,0.3995,0,3,0.9328,0.3899,6646,0
95998.44,wallet,gateway_a,authentication_required,749,0.0993,0.6801,1,0,0.5022,0.8241,3538,0
6814.02,wallet,gateway_b,issuer_unavailable,789,0.5865,0.3014,0,2,0.6979,0.8803,5740,0
5556.13,upi,gateway_c,network_timeout,617,0.4334,0.5793,1,2,0.8636,0.7284,5930,0
51237.29,credit_card,gateway_a,rate_limit,763,0.6232,0.5175,0,0,0.3275,0.2197,4769,1
32495.58,upi,gateway_a,issuer_unavailable,689,0.9292,0.1279,0,2,0.9685,0.5435,6788,0
80502.11,credit_card,gateway_b,temporary_gateway_error,977,0.3318,0.2349,0,4,0.5285,0.5492,3220,0
88270.26,wallet,gateway_c,network_timeout,449,0.7589,0.5584,0,4,0.8795,0.3143,5044,0
68803.77,debit_card,gateway_b,issuer_unavailable,961,0.5847,0.8856,0,0,0.3523,0.2169,5049,0
54788.8,net_banking,gateway_b,insufficient_funds,22,0.1242,0.6898,0,3,0.8805,0.4272,2567,0
49634.62,credit_card,gateway_b,network_timeout,722,0.229,0.5797,0,0,0.5528,0.8261,5873,1
7801.24,credit_card,gateway_a,network_timeout,913,0.0775,0.7938,0,0,0.5839,0.3629,6024,1
49088.44,debit_card,gateway_c,authentication_required,485,0.6189,0.7917,1,1,0.5319,0.72,1196,0
96901.12,wallet,gateway_a,card_expired,802,0.9722,0.9357,0,1,0.516,0.829,5082,0
21231.05,wallet,gateway_b,authentication_required,381,0.0846,0.9323,1,3,0.8338,0.5062,5838,1
38475.44,wallet,gateway_a,issuer_unavailable,263,0.854,0.2058,0,2,0.621,0.8196,3394,0
20141.24,debit_card,gateway_b,authentication_required,479,0.4417,0.8229,1,3,0.4123,0.343,697,1
51552.05,credit_card,gateway_a,suspected_fraud,893,0.8225,0.1928,0,2,0.5305,0.5539,4407,0
18760.28,wallet,gateway_c,issuer_unavailable,88,0.2276,0.5539,0,2,0.5137,0.2769,2359,0
59322.63,wallet,gateway_b,insufficient_funds,887,0.2854,0.8447,0,0,0.7719,0.5581,1679,0
38973.64,wallet,gateway_b,issuer_unavailable,920,0.8284,0.4226,0,0,0.6508,0.2438,826,1
9287.95,debit_card,gateway_b,network_timeout,894,0.8756,0.0043,0,1,0.3021,0.8695,6767,1
3604.98,upi,gateway_a,rate_limit,375,0.8366,0.3235,0,0,0.8869,0.748,3708,1
86303.35,wallet,gateway_b,suspected_fraud,963,0.0757,0.8087,0,4,0.9488,0.2273,5043,0
60371.01,debit_card,gateway_b,card_expired,251,0.2911,0.6165,0,1,0.3251,0.3071,2144,0
3040.55,upi,gateway_c,insufficient_funds,363,0.3653,0.2296,0,1,0.7405,0.7374,68,1
89981.52,debit_card,gateway_a,issuer_unavailable,968,0.5666,0.3992,0,2,0.5068,0.5678,419,1
52632.01,wallet,gateway_b,suspected_fraud,893,0.3305,0.1655,0,2,0.8552,0.4208,3445,0
26399.84,net_banking,gateway_c,issuer_unavailable,919,0.2939,0.2864,0,4,0.4001,0.3674,2717,0
69668.68,credit_card,gateway_b,issuer_unavailable,949,0.1366,0.2782,0,2,0.7534,0.875,4226,0
20762.31,debit_card,gateway_b,temporary_gateway_error,264,0.6103,0.2684,0,2,0.3077,0.7506,3332,1
76257.82,wallet,gateway_b,insufficient_funds,569,0.1217,0.5213,0,3,0.8679,0.8553,6156,0
41207.66,upi,gateway_b,temporary_gateway_error,487,0.3023,0.1407,0,1,0.3554,0.4738,4989,1
33542.49,net_banking,gateway_b,temporary_gateway_error,534,0.8359,0.5282,0,0,0.9823,0.5982,4298,1
61987.99,net_banking,gateway_c,authentication_required,968,0.1575,0.988,1,4,0.7297,0.7326,5029,1
11976.39,debit_card,gateway_a,rate_limit,503,0.5129,0.9023,0,4,0.5828,0.7585,5178,1
32297.19,credit_card,gateway_c,network_timeout,996,0.534,0.6515,0,2,0.9517,0.5989,2806,1
10729.8,wallet,gateway_a,network_timeout,626,0.1517,0.8723,0,1,0.8934,0.8343,1864,0
70169.34,net_banking,gateway_b,temporary_gateway_error,88,0.3557,0.3072,0,2,0.4824,0.5681,3312,1
13207.0,credit_card,gateway_a,suspected_fraud,595,0.9792,0.576,0,1,0.7791,0.6127,7143,0
16709.85,debit_card,gateway_a,suspected_fraud,312,0.3307,0.2777,0,2,0.5611,0.6073,5428,0
42648.52,upi,gateway_b,suspected_fraud,584,0.2316,0.9832,0,4,0.5421,0.8022,5003,0
22765.31,wallet,gateway_a,rate_limit,840,0.951,0.2029,1,2,0.7085,0.3712,5930,1
94192.22,wallet,gateway_c,card_expired,321,0.6888,0.5106,0,0,0.3889,0.2169,1030,0
58585.84,debit_card,gateway_c,issuer_unavailable,761,0.0048,0.4433,0,1,0.4004,0.5993,4419,0
10202.01,net_banking,gateway_b,authentication_required,980,0.4365,0.4589,1,3,0.947,0.679,5170,0
67915.6,net_banking,gateway_c,card_expired,550,0.5152,0.4763,0,1,0.3963,0.5421,3365,0
61806.63,upi,gateway_b,network_timeout,394,0.1748,0.7208,1,2,0.9526,0.4577,1834,1
25151.5,credit_card,gateway_a,rate_limit,353,0.2796,0.249,0,3,0.3346,0.8518,4036,0
23602.06,credit_card,gateway_b,issuer_unavailable,208,0.6904,0.6014,0,0,0.5116,0.3698,3655,0
40127.29,debit_card,gateway_a,temporary_gateway_error,226,0.7866,0.6089,0,3,0.7939,0.6838,3002,1
62249.98,net_banking,gateway_c,network_timeout,103,0.5833,0.0492,0,0,0.3367,0.4317,5955,0
38653.55,net_banking,gateway_a,temporary_gateway_error,276,0.2951,0.1221,0,1,0.6845,0.8895,4874,1
89129.87,wallet,gateway_c,issuer_unavailable,138,0.9909,0.7494,0,4,0.3496,0.7489,2903,1
51726.37,debit_card,gateway_a,rate_limit,516,0.2066,0.0114,0,3,0.803,0.4715,3150,1
26937.29,wallet,gateway_a,rate_limit,395,0.3538,0.195,0,4,0.3671,0.6976,6813,1
73294.5,credit_card,gateway_c,network_timeout,637,0.3536,0.2449,0,2,0.8079,0.8283,6284,1
66766.08,upi,gateway_a,authentication_required,874,0.6091,0.0488,1,2,0.9023,0.752,3212,0
16217.24,net_banking,gateway_a,suspected_fraud,217,0.3456,0.1151,0,4,0.4374,0.3651,2580,0
32196.6,net_banking,gateway_c,temporary_gateway_error,787,0.9202,0.7694,0,1,0.8516,0.2388,1278,1
24725.85,credit_card,gateway_b,temporary_gateway_error,328,0.3643,0.1425,0,2,0.3807,0.6977,6930,1
16496.11,net_banking,gateway_a,insufficient_funds,891,0.0237,0.2177,0,3,0.6204,0.3716,4855,0
63999.67,wallet,gateway_a,issuer_unavailable,194,0.9163,0.7141,0,0,0.5079,0.5343,1275,1
64841.42,debit_card,gateway_b,suspected_fraud,181,0.8203,0.1713,0,4,0.8391,0.4299,5218,0
83442.55,wallet,gateway_a,rate_limit,594,0.3847,0.5593,0,0,0.6155,0.7558,5678,0
80223.75,wallet,gateway_b,temporary_gateway_error,424,0.769,0.6049,0,0,0.8416,0.2809,1638,1
76148.82,debit_card,gateway_a,issuer_unavailable,427,0.6182,0.9175,0,3,0.3933,0.2425,5989,1
73019.09,wallet,gateway_a,card_expired,393,0.9106,0.6554,0,1,0.8822,0.5428,632,0
56687.11,credit_card,gateway_a,temporary_gateway_error,595,0.1812,0.3069,0,3,0.9792,0.7807,77,1
60973.38,wallet,gateway_a,network_timeout,195,0.7897,0.0963,0,1,0.9282,0.401,5432,1
86574.57,wallet,gateway_b,rate_limit,23,0.0947,0.1891,1,0,0.3465,0.8407,6437,1
37854.89,credit_card,gateway_a,authentication_required,734,0.1348,0.9541,1,2,0.929,0.21,1273,0
76782.82,upi,gateway_c,issuer_unavailable,664,0.1954,0.0494,0,0,0.8949,0.3653,4172,1
72448.51,debit_card,gateway_c,issuer_unavailable,143,0.5217,0.5904,0,2,0.6038,0.8903,3919,1
55476.85,wallet,gateway_c,card_expired,619,0.8126,0.9817,0,1,0.4276,0.2335,4185,0
69054.07,wallet,gateway_a,rate_limit,417,0.7562,0.9873,0,4,0.66,0.3508,6212,1
34171.68,credit_card,gateway_c,authentication_required,59,0.6758,0.8252,1,3,0.3594,0.34,5738,0
97197.38,wallet,gateway_a,suspected_fraud,925,0.1453,0.7896,0,4,0.6437,0.7621,1853,0
90963.93,debit_card,gateway_b,authentication_required,300,0.773,0.7652,1,0,0.6119,0.2922,653,0
30222.73,net_banking,gateway_b,rate_limit,688,0.4157,0.5609,0,3,0.6452,0.6915,6043,1
8823.35,upi,gateway_c,insufficient_funds,493,0.372,0.9211,0,2,0.4474,0.6192,7163,0
48305.26,wallet,gateway_c,suspected_fraud,278,0.1691,0.7472,0,1,0.6631,0.8445,5521,0
23410.68,debit_card,gateway_c,authentication_required,649,0.8143,0.6986,1,0,0.6234,0.2451,885,0
91190.83,credit_card,gateway_c,issuer_unavailable,371,0.5847,0.7048,0,2,0.6529,0.3832,5137,1
40039.57,net_banking,gateway_c,card_expired,728,0.7803,0.2505,1,0,0.527,0.2722,3599,0
22617.39,debit_card,gateway_c,temporary_gateway_error,342,0.0456,0.9627,0,0,0.6957,0.6605,1316,1
86938.79,net_banking,gateway_c,card_expired,893,0.0275,0.515,0,3,0.935,0.8943,297,0
6686.18,debit_card,gateway_b,card_expired,297,0.6061,0.2866,0,0,0.4493,0.8952,7067,0
19803.02,upi,gateway_a,authentication_required,90,0.7447,0.6715,1,1,0.4517,0.7235,5520,0
17383.32,debit_card,gateway_b,network_timeout,672,0.9098,0.8014,0,4,0.7536,0.4493,1087,1
66230.24,debit_card,gateway_a,network_timeout,789,0.5523,0.6996,0,3,0.4128,0.2371,3594,1
92292.36,wallet,gateway_c,temporary_gateway_error,900,0.3645,0.7499,0,2,0.6122,0.4604,436,0
99819.24,upi,gateway_c,suspected_fraud,75,0.3129,0.5532,0,1,0.7856,0.6249,6972,0
97081.31,net_banking,gateway_a,network_timeout,806,0.5656,0.6843,0,1,0.9099,0.3637,267,1
74811.31,wallet,gateway_c,insufficient_funds,559,0.2542,0.8235,0,1,0.4329,0.5074,3932,0
47403.84,debit_card,gateway_c,insufficient_funds,844,0.3162,0.2459,0,3,0.6958,0.676,5565,1
89125.7,net_banking,gateway_c,network_timeout,484,0.8418,0.5694,1,3,0.3887,0.8748,93,0
36983.86,credit_card,gateway_c,rate_limit,948,0.553,0.7921,0,4,0.5312,0.6847,740,0
40997.9,net_banking,gateway_b,temporary_gateway_error,385,0.8704,0.5174,0,2,0.7829,0.3064,2056,1
67536.51,net_banking,gateway_b,authentication_required,150,0.3579,0.3943,1,3,0.4402,0.5563,1682,1
64135.79,net_banking,gateway_c,rate_limit,957,0.5906,0.8211,0,0,0.4221,0.3957,3063,0
13177.11,debit_card,gateway_c,rate_limit,156,0.3343,0.1447,0,4,0.4626,0.8502,47,0
87739.61,wallet,gateway_a,network_timeout,432,0.0931,0.8318,0,0,0.8414,0.2177,828,1
24087.49,net_banking,gateway_b,authentication_required,85,0.6825,0.3034,1,2,0.3443,0.4446,6603,0
87628.26,credit_card,gateway_a,authentication_required,840,0.1322,0.5588,1,0,0.949,0.8902,857,1
27508.88,wallet,gateway_c,issuer_unavailable,611,0.2413,0.0211,0,0,0.4353,0.5617,3176,0
41324.08,wallet,gateway_c,insufficient_funds,431,0.8677,0.5706,0,4,0.9569,0.5416,1991,0
68038.02,wallet,gateway_c,suspected_fraud,888,0.3002,0.9774,0,3,0.9827,0.5077,4580,0
78096.51,upi,gateway_c,network_timeout,708,0.9175,0.4702,0,3,0.8526,0.7027,2990,0
56006.87,wallet,gateway_a,authentication_required,57,0.5866,0.6485,1,1,0.4265,0.8071,484,1
32348.21,wallet,gateway_a,rate_limit,981,0.674,0.7489,0,1,0.8088,0.3401,3915,1
89464.52,wallet,gateway_b,insufficient_funds,933,0.8011,0.7846,0,2,0.3635,0.6032,5507,1
67871.41,credit_card,gateway_c,rate_limit,924,0.0144,0.7563,0,0,0.7435,0.6113,5924,1
50328.36,debit_card,gateway_a,suspected_fraud,679,0.3788,0.488,0,0,0.4497,0.3291,21,0
18058.13,wallet,gateway_a,temporary_gateway_error,704,0.4166,0.5482,0,4,0.783,0.4029,3374,1
9898.71,upi,gateway_b,issuer_unavailable,958,0.3421,0.0209,0,3,0.7803,0.6941,2315,0
85807.5,debit_card,gateway_b,card_expired,66,0.4703,0.9475,0,2,0.7979,0.4864,7073,0
84935.42,wallet,gateway_c,insufficient_funds,211,0.8159,0.2272,0,0,0.7146,0.4186,2904,0
12119.66,debit_card,gateway_a,network_timeout,509,0.6336,0.276,0,1,0.7172,0.7893,442,0
4297.5,net_banking,gateway_c,network_timeout,99,0.4818,0.9451,0,0,0.8691,0.8677,6139,1
37989.39,credit_card,gateway_c,suspected_fraud,528,0.858,0.9206,0,0,0.8862,0.4886,5929,0
87707.54,wallet,gateway_b,temporary_gateway_error,962,0.6121,0.4868,0,1,0.9107,0.3516,581,1
2882.32,net_banking,gateway_c,suspected_fraud,403,0.2929,0.0683,0,4,0.8259,0.4832,1148,0
72362.84,debit_card,gateway_a,issuer_unavailable,238,0.4378,0.6579,0,3,0.4551,0.3555,434,0
75113.43,upi,gateway_c,network_timeout,470,0.473,0.9737,0,1,0.9909,0.3824,2861,1
83603.82,debit_card,gateway_c,temporary_gateway_error,996,0.6231,0.9896,0,4,0.7148,0.292,4530,0
75656.67,upi,gateway_c,suspected_fraud,834,0.2241,0.11,0,3,0.5537,0.5757,5333,0
230.14,credit_card,gateway_a,issuer_unavailable,556,0.0932,0.9622,0,0,0.7978,0.3164,5301,1
54143.05,debit_card,gateway_c,temporary_gateway_error,143,0.9401,0.7827,0,4,0.3473,0.7738,814,0
56505.55,upi,gateway_b,card_expired,434,0.7985,0.8737,0,4,0.4692,0.3543,6484,0
5329.4,upi,gateway_a,rate_limit,119,0.2882,0.1784,0,0,0.6071,0.7648,5165,1
36573.2,credit_card,gateway_c,issuer_unavailable,371,0.1401,0.6305,0,3,0.7231,0.7059,2149,0
1645.79,wallet,gateway_c,issuer_unavailable,168,0.5453,0.4633,0,2,0.6702,0.8644,5865,1
69633.23,net_banking,gateway_a,card_expired,518,0.2157,0.1549,0,0,0.7698,0.417,2793,0
45459.15,upi,gateway_c,network_timeout,335,0.1134,0.5501,0,2,0.8197,0.2947,6933,0
93929.52,wallet,gateway_c,rate_limit,933,0.8171,0.2772,0,1,0.8839,0.8204,5112,1
52670.71,debit_card,gateway_b,insufficient_funds,924,0.5262,0.1408,0,0,0.9815,0.4958,5480,0
36432.07,debit_card,gateway_c,network_timeout,312,0.6782,0.9173,0,4,0.6744,0.7953,4272,0
65667.25,net_banking,gateway_b,issuer_unavailable,801,0.4872,0.4244,0,3,0.7028,0.282,3974,0
28006.37,debit_card,gateway_c,authentication_required,966,0.9293,0.9777,1,1,0.7551,0.4156,2519,1
58485.48,debit_card,gateway_a,insufficient_funds,303,0.2932,0.4213,1,1,0.4555,0.6416,6468,1
4492.34,debit_card,gateway_a,issuer_unavailable,998,0.8689,0.852,0,3,0.9076,0.4652,4095,1
89211.04,upi,gateway_c,suspected_fraud,129,0.0875,0.5983,0,0,0.5795,0.69,2799,0
49105.2,net_banking,gateway_c,suspected_fraud,523,0.7071,0.6413,0,2,0.8968,0.6309,2153,0
24585.33,upi,gateway_a,suspected_fraud,793,0.2781,0.5794,0,4,0.3267,0.8777,3971,0
49744.75,credit_card,gateway_a,issuer_unavailable,382,0.4195,0.484,0,4,0.7624,0.7034,1733,0
20123.17,debit_card,gateway_b,rate_limit,937,0.9511,0.7781,0,2,0.7084,0.3529,6996,0
5858.45,upi,gateway_a,card_expired,783,0.8165,0.8557,0,4,0.8541,0.7331,2421,0
31140.01,upi,gateway_c,issuer_unavailable,422,0.2939,0.6424,0,3,0.7707,0.3674,4084,0
24549.21,credit_card,gateway_a,network_timeout,142,0.4113,0.9447,0,4,0.5815,0.2275,3552,0
195.64,debit_card,gateway_c,network_timeout,848,0.7224,0.9396,0,1,0.6926,0.8176,3577,1
66446.05,credit_card,gateway_b,rate_limit,519,0.5926,0.8873,0,2,0.782,0.5445,2725,1
28031.57,wallet,gateway_c,card_expired,109,0.6822,0.3053,0,0,0.9662,0.7839,901,0
3023.41,upi,gateway_b,rate_limit,972,0.1961,0.7152,0,0,0.6196,0.6035,2024,0
3564.17,net_banking,gateway_c,rate_limit,874,0.7198,0.7825,0,2,0.7286,0.4367,4997,1
77021.09,upi,gateway_c,rate_limit,358,0.8677,0.8686,0,4,0.6593,0.8877,921,1
51890.38,credit_card,gateway_b,network_timeout,281,0.7403,0.9417,0,1,0.8008,0.6697,5749,1
77796.71,net_banking,gateway_b,temporary_gateway_error,93,0.908,0.4628,0,2,0.8596,0.2156,5026,1
37620.94,debit_card,gateway_a,insufficient_funds,153,0.5713,0.7218,0,4,0.9659,0.3695,1124,0
41906.84,wallet,gateway_a,authentication_required,344,0.0695,0.7882,1,2,0.4909,0.6265,5299,1
81102.4,debit_card,gateway_a,authentication_required,949,0.7712,0.7205,1,4,0.3514,0.5887,4805,0
71158.37,net_banking,gateway_c,insufficient_funds,343,0.58,0.8076,0,3,0.3631,0.5831,2968,0
75286.59,debit_card,gateway_c,rate_limit,994,0.2076,0.6216,0,0,0.6911,0.4687,1746,0
41301.84,net_banking,gateway_c,card_expired,33,0.9127,0.9619,0,0,0.9388,0.3545,6201,0
44447.21,credit_card,gateway_b,authentication_required,320,0.1632,0.5559,1,3,0.5472,0.8043,926,0
23409.67,wallet,gateway_b,insufficient_funds,571,0.2931,0.4526,0,1,0.6704,0.6117,2741,1
9050.26,credit_card,gateway_b,insufficient_funds,886,0.986,0.1463,0,1,0.716,0.4155,2397,0
48135.08,credit_card,gateway_a,card_expired,236,0.4012,0.2008,0,0,0.7078,0.67,6490,0
96942.52,credit_card,gateway_b,temporary_gateway_error,352,0.7399,0.9033,0,4,0.4796,0.2351,2953,1
92009.19,net_banking,gateway_c,suspected_fraud,763,0.308,0.1136,0,3,0.4751,0.5803,6175,0
21645.31,wallet,gateway_c,issuer_unavailable,960,0.3087,0.8325,0,1,0.8624,0.5192,280,0
36724.13,debit_card,gateway_c,card_expired,575,0.7954,0.0208,0,2,0.4571,0.2615,1748,1
64712.76,debit_card,gateway_a,network_timeout,439,0.1163,0.4912,0,4,0.707,0.5864,6022,1
77208.75,upi,gateway_c,insufficient_funds,444,0.8409,0.6138,0,0,0.9213,0.4791,6643,0
58907.34,wallet,gateway_a,card_expired,939,0.0798,0.9381,0,2,0.3842,0.7115,1138,0
20238.29,credit_card,gateway_c,suspected_fraud,123,0.1704,0.5291,0,1,0.8227,0.2111,3228,0
94478.48,wallet,gateway_a,suspected_fraud,280,0.8784,0.7415,0,0,0.4589,0.6094,7119,0
83160.33,debit_card,gateway_c,network_timeout,644,0.7138,0.3573,0,0,0.5294,0.3303,3281,1
33398.62,net_banking,gateway_b,card_expired,335,0.3873,0.3272,0,2,0.9637,0.8538,7042,0
36640.01,wallet,gateway_a,insufficient_funds,215,0.9055,0.8188,0,4,0.5589,0.5026,1730,0
48159.53,debit_card,gateway_b,authentication_required,200,0.7321,0.6269,1,3,0.4979,0.4175,1061,0
58380.69,credit_card,gateway_b,temporary_gateway_error,271,0.909,0.8222,0,1,0.4848,0.2411,2144,1
62897.57,credit_card,gateway_c,temporary_gateway_error,865,0.0776,0.8945,0,4,0.3585,0.2002,204,0
46900.86,debit_card,gateway_b,authentication_required,735,0.4193,0.1969,1,3,0.4445,0.7075,6034,0
44618.65,wallet,gateway_b,rate_limit,931,0.121,0.5366,0,4,0.7542,0.6631,6226,0
53410.93,upi,gateway_b,temporary_gateway_error,681,0.2686,0.3873,0,1,0.9361,0.5981,2839,0
97030.88,credit_card,gateway_a,suspected_fraud,995,0.6699,0.2099,0,3,0.3389,0.4121,712,0
74810.89,wallet,gateway_b,insufficient_funds,720,0.7615,0.3597,0,3,0.4465,0.6715,4182,0
26758.12,net_banking,gateway_b,authentication_required,593,0.0744,0.8153,1,1,0.7641,0.6036,4355,0
46810.16,credit_card,gateway_c,insufficient_funds,678,0.6022,0.7219,0,2,0.8583,0.5483,3490,0
45239.06,upi,gateway_a,temporary_gateway_error,966,0.6855,0.6824,0,0,0.551,0.2349,491,0
3256.31,net_banking,gateway_c,rate_limit,509,0.901,0.1061,0,4,0.6489,0.5729,855,1
41032.04,wallet,gateway_a,card_expired,127,0.797,0.2129,0,1,0.4529,0.2696,3129,0
98822.38,debit_card,gateway_b,authentication_required,532,0.7272,0.5663,1,3,0.4677,0.474,7188,0
62937.29,credit_card,gateway_a,insufficient_funds,899,0.9917,0.8,0,0,0.781,0.414,4088,0
64671.56,wallet,gateway_a,issuer_unavailable,504,0.7588,0.2967,0,3,0.7277,0.5433,3649,0
62211.87,credit_card,gateway_b,authentication_required,978,0.3542,0.6247,1,1,0.7226,0.8302,5210,0
42120.39,wallet,gateway_b,insufficient_funds,157,0.4005,0.523,1,3,0.92,0.6425,6036,0
97800.74,debit_card,gateway_b,suspected_fraud,447,0.2062,0.961,0,1,0.6908,0.6097,2356,0
41871.4,upi,gateway_b,card_expired,600,0.9723,0.0523,0,0,0.484,0.687,593,0
54104.79,wallet,gateway_c,temporary_gateway_error,806,0.5032,0.2016,0,3,0.6821,0.5613,1242,1
60405.19,upi,gateway_c,authentication_required,446,0.2236,0.9538,1,0,0.4491,0.5337,5779,1
72179.39,wallet,gateway_a,network_timeout,656,0.1471,0.1902,0,1,0.3105,0.5478,3233,0
42605.0,debit_card,gateway_b,suspected_fraud,290,0.442,0.9842,0,0,0.3901,0.7529,5807,0
57684.38,debit_card,gateway_b,suspected_fraud,364,0.8097,0.7892,0,4,0.3969,0.2039,3111,0
75955.25,upi,gateway_b,suspected_fraud,951,0.4229,0.0034,0,3,0.7032,0.5163,1488,0
34286.11,debit_card,gateway_b,card_expired,191,0.7057,0.3946,0,1,0.459,0.4249,4193,0
11410.9,upi,gateway_b,issuer_unavailable,650,0.3423,0.4657,0,2,0.7093,0.5039,91,0
26192.43,wallet,gateway_a,suspected_fraud,595,0.8269,0.455,0,2,0.5457,0.8349,4028,0
64810.09,upi,gateway_a,rate_limit,602,0.5125,0.6901,0,4,0.6539,0.3153,3812,0
29153.39,wallet,gateway_a,issuer_unavailable,216,0.9395,0.4109,0,0,0.6939,0.4337,3392,0
48254.36,upi,gateway_a,rate_limit,570,0.9375,0.8183,0,1,0.4078,0.8384,2586,1
61499.02,net_banking,gateway_b,authentication_required,772,0.6693,0.2876,1,2,0.4207,0.3621,3588,1
28638.18,wallet,gateway_a,issuer_unavailable,148,0.241,0.2632,0,1,0.7665,0.6125,5022,0
60739.01,credit_card,gateway_c,suspected_fraud,596,0.717,0.3256,0,3,0.5732,0.648,2439,0
99387.87,wallet,gateway_a,issuer_unavailable,437,0.9908,0.4821,1,1,0.5355,0.2423,6498,1
23377.76,net_banking,gateway_c,rate_limit,739,0.8316,0.9101,0,1,0.691,0.8183,1300,1
73664.13,wallet,gateway_c,network_timeout,935,0.3108,0.2026,0,1,0.933,0.3191,2028,1
91197.81,net_banking,gateway_a,insufficient_funds,472,0.5992,0.3264,0,2,0.8144,0.8048,5333,1
62560.47,credit_card,gateway_a,suspected_fraud,499,0.6257,0.2388,0,4,0.7741,0.3365,3203,0
42649.25,debit_card,gateway_b,authentication_required,441,0.2394,0.4674,1,2,0.5005,0.4324,3641,0
4223.87,credit_card,gateway_b,suspected_fraud,444,0.0627,0.7464,0,0,0.5306,0.2616,189,0
38280.07,debit_card,gateway_a,insufficient_funds,792,0.2164,0.2079,0,3,0.4796,0.3104,3838,0
49163.13,debit_card,gateway_c,card_expired,206,0.3757,0.0839,1,1,0.6984,0.3328,4152,0
44718.07,net_banking,gateway_b,temporary_gateway_error,612,0.2799,0.5861,0,1,0.6876,0.2485,1975,1
30856.6,upi,gateway_c,network_timeout,811,0.1966,0.134,0,2,0.9021,0.8308,5880,0
97489.33,wallet,gateway_c,suspected_fraud,410,0.6581,0.0419,0,4,0.7773,0.4285,1045,0
50935.62,net_banking,gateway_a,network_timeout,952,0.3093,0.5603,0,1,0.6741,0.4705,3971,0
24881.08,debit_card,gateway_c,card_expired,146,0.4274,0.2859,0,1,0.9948,0.6867,4400,0
69175.45,credit_card,gateway_c,card_expired,136,0.1464,0.0774,0,4,0.5032,0.8268,4684,0
62644.21,wallet,gateway_c,card_expired,606,0.393,0.4564,0,2,0.7125,0.4661,6882,0
16866.81,upi,gateway_a,rate_limit,802,0.7221,0.7465,0,2,0.4276,0.5673,6438,0
36323.39,wallet,gateway_b,temporary_gateway_error,291,0.0591,0.9702,0,2,0.9277,0.852,800,1
49474.13,debit_card,gateway_a,suspected_fraud,129,0.1332,0.4796,0,3,0.7508,0.4331,1039,0
7009.03,debit_card,gateway_a,suspected_fraud,204,0.3052,0.1735,0,2,0.3203,0.7357,22,0
98289.54,debit_card,gateway_c,temporary_gateway_error,287,0.7475,0.443,0,2,0.4609,0.6639,2076,1
25519.17,wallet,gateway_a,temporary_gateway_error,492,0.3907,0.9489,0,2,0.7632,0.3978,2629,1
90225.81,credit_card,gateway_b,issuer_unavailable,842,0.1242,0.7291,0,0,0.384,0.4512,6643,0
92813.68,debit_card,gateway_a,rate_limit,674,0.4748,0.1225,0,0,0.5956,0.4825,4239,0
68351.83,upi,gateway_a,temporary_gateway_error,447,0.9797,0.554,0,3,0.9899,0.8951,6971,1
717.19,debit_card,gateway_b,card_expired,890,0.7098,0.2816,0,2,0.5484,0.5941,6408,0
38831.85,credit_card,gateway_a,network_timeout,265,0.2226,0.4074,0,2,0.7087,0.2306,6799,1
43079.16,upi,gateway_a,issuer_unavailable,694,0.7726,0.5703,0,0,0.326,0.2422,1350,1
33920.6,credit_card,gateway_a,rate_limit,27,0.8611,0.2112,0,1,0.9227,0.7759,6424,1
42511.52,debit_card,gateway_a,network_timeout,421,0.5902,0.3887,0,4,0.5849,0.8095,312,0
93504.85,debit_card,gateway_a,temporary_gateway_error,663,0.8389,0.8241,0,4,0.6149,0.7499,6766,1
73054.94,wallet,gateway_c,insufficient_funds,286,0.5873,0.0221,0,0,0.5554,0.7176,5482,0
96038.69,wallet,gateway_b,card_expired,224,0.3238,0.2249,0,4,0.6369,0.8203,283,0
25056.96,upi,gateway_b,rate_limit,262,0.0824,0.0827,0,2,0.8927,0.8559,6782,1
23832.28,debit_card,gateway_a,authentication_required,115,0.2363,0.6412,1,1,0.9364,0.2928,3481,0
74086.58,upi,gateway_c,suspected_fraud,479,0.0352,0.3919,0,0,0.4571,0.6439,2221,0
38902.18,credit_card,gateway_b,card_expired,300,0.1153,0.3993,0,1,0.482,0.8496,1980,0
3265.01,debit_card,gateway_b,issuer_unavailable,992,0.976,0.6689,0,0,0.617,0.2328,5211,1
11586.36,credit_card,gateway_b,authentication_required,564,0.7358,0.9783,1,1,0.8688,0.2342,7087,1
63726.26,credit_card,gateway_a,insufficient_funds,173,0.657,0.2531,0,0,0.5019,0.8942,5264,1
58443.23,credit_card,gateway_b,suspected_fraud,423,0.8303,0.516,0,3,0.9044,0.3658,3775,0
86184.07,wallet,gateway_c,temporary_gateway_error,854,0.2741,0.7961,0,2,0.3849,0.4936,4470,0
15459.65,credit_card,gateway_c,issuer_unavailable,647,0.7949,0.4371,0,1,0.7868,0.51,7008,0
9653.98,debit_card,gateway_b,authentication_required,162,0.4376,0.2833,1,4,0.5645,0.7966,321,1
16017.57,wallet,gateway_b,issuer_unavailable,470,0.8912,0.0773,0,3,0.7033,0.2286,5414,0
40546.92,credit_card,gateway_b,rate_limit,239,0.7564,0.8072,0,1,0.8651,0.5051,4617,0
12728.13,debit_card,gateway_c,authentication_required,170,0.9128,0.6202,1,2,0.5723,0.4144,840,0
8649.84,debit_card,gateway_c,insufficient_funds,30,0.5712,0.151,0,0,0.6638,0.6896,6529,1
2734.58,credit_card,gateway_b,issuer_unavailable,576,0.1698,0.7148,0,3,0.8403,0.5945,6929,0
18741.17,wallet,gateway_b,rate_limit,215,0.6305,0.9868,0,3,0.5747,0.6473,7128,0
91813.46,upi,gateway_b,suspected_fraud,336,0.7354,0.5434,0,1,0.5738,0.2074,6229,0
28160.31,credit_card,gateway_a,suspected_fraud,583,0.188,0.8552,0,4,0.8062,0.2811,2374,0
68960.16,credit_card,gateway_c,temporary_gateway_error,409,0.7639,0.0515,0,3,0.5724,0.3203,2502,1
10837.93,credit_card,gateway_c,issuer_unavailable,563,0.7287,0.1021,0,0,0.6424,0.3551,653,1
59271.6,upi,gateway_b,temporary_gateway_error,194,0.7773,0.5961,0,4,0.575,0.8864,2373,0
71456.14,credit_card,gateway_b,rate_limit,749,0.9647,0.5474,0,1,0.6896,0.2272,2197,0
68297.64,net_banking,gateway_a,card_expired,687,0.2174,0.0442,0,4,0.8972,0.6749,3889,0
53236.55,upi,gateway_c,temporary_gateway_error,707,0.7535,0.617,0,2,0.8738,0.2247,2298,0
69489.27,debit_card,gateway_b,issuer_unavailable,717,0.376,0.2293,0,2,0.5264,0.6514,2212,0
50241.04,credit_card,gateway_a,rate_limit,827,0.4033,0.3511,0,0,0.9478,0.3633,1382,0
71326.97,net_banking,gateway_c,network_timeout,843,0.5227,0.9032,0,1,0.3639,0.7904,6935,0
35135.36,wallet,gateway_c,network_timeout,660,0.5133,0.7606,0,4,0.6008,0.6075,6429,0
42781.22,upi,gateway_b,card_expired,478,0.7725,0.9398,0,0,0.4351,0.332,1799,1
34005.05,net_banking,gateway_a,rate_limit,436,0.8655,0.9159,0,0,0.6194,0.8394,701,0
97102.57,debit_card,gateway_c,authentication_required,338,0.8142,0.9362,1,0,0.5045,0.5927,935,1
40377.69,wallet,gateway_c,authentication_required,842,0.1978,0.9831,1,3,0.3098,0.3207,5257,1
83400.36,upi,gateway_a,temporary_gateway_error,790,0.5782,0.6171,0,4,0.8253,0.268,3257,1
95795.12,credit_card,gateway_a,issuer_unavailable,765,0.9116,0.3399,0,4,0.6065,0.8803,431,1
27673.43,wallet,gateway_c,card_expired,76,0.1728,0.099,0,2,0.992,0.2496,6882,0
28023.52,upi,gateway_b,authentication_required,548,0.2454,0.2399,1,2,0.824,0.736,6878,0
38352.78,upi,gateway_c,issuer_unavailable,154,0.9729,0.6755,0,1,0.998,0.3752,4536,0
658.62,credit_card,gateway_a,insufficient_funds,914,0.0866,0.6862,0,1,0.9929,0.4262,2958,1
96368.52,debit_card,gateway_b,issuer_unavailable,937,0.292,0.546,0,4,0.7362,0.7947,7053,1
76428.29,upi,gateway_a,temporary_gateway_error,61,0.4318,0.945,0,3,0.6425,0.5218,1001,1
18149.69,debit_card,gateway_b,insufficient_funds,989,0.5046,0.1539,0,2,0.8891,0.6476,649,0
30981.46,net_banking,gateway_b,issuer_unavailable,419,0.0904,0.2415,1,4,0.758,0.358,751,1
30824.93,credit_card,gateway_c,issuer_unavailable,158,0.213,0.9758,1,0,0.8487,0.887,4067,1
42396.73,debit_card,gateway_c,card_expired,635,0.4402,0.3297,0,0,0.4302,0.8973,2960,0
32156.6,wallet,gateway_c,temporary_gateway_error,247,0.19,0.7553,0,3,0.795,0.7061,6779,1
6719.81,debit_card,gateway_c,insufficient_funds,572,0.9586,0.6642,0,2,0.6457,0.442,2202,0
26139.54,net_banking,gateway_a,card_expired,447,0.0128,0.0218,0,2,0.3083,0.4569,3144,0
33741.7,debit_card,gateway_a,issuer_unavailable,606,0.7244,0.3917,0,2,0.7853,0.5167,4190,0
74516.17,upi,gateway_a,card_expired,530,0.8673,0.7648,0,3,0.7006,0.566,454,0
81773.67,debit_card,gateway_c,issuer_unavailable,303,0.5673,0.497,0,0,0.9253,0.6124,6724,1
11004.69,credit_card,gateway_b,temporary_gateway_error,473,0.1896,0.4448,0,2,0.8523,0.8653,227,1
5018.14,debit_card,gateway_b,suspected_fraud,37,0.6344,0.5396,0,0,0.4353,0.8041,3921,0
95159.26,net_banking,gateway_b,network_timeout,879,0.4684,0.8417,0,4,0.5874,0.6878,3549,1
42034.27,net_banking,gateway_c,network_timeout,394,0.4702,0.9348,0,2,0.7522,0.7657,7027,1
31217.34,upi,gateway_a,card_expired,188,0.7039,0.0091,0,1,0.5243,0.2928,7144,0
78201.93,wallet,gateway_a,issuer_unavailable,712,0.7891,0.8629,1,3,0.8353,0.5815,7140,1
9376.01,wallet,gateway_c,rate_limit,773,0.1357,0.5592,0,1,0.4249,0.453,774,1
48698.29,debit_card,gateway_c,temporary_gateway_error,603,0.7154,0.3231,0,2,0.7924,0.8694,4378,0
71102.13,wallet,gateway_b,suspected_fraud,296,0.1468,0.6949,0,0,0.7954,0.6401,4083,0
88084.68,wallet,gateway_c,insufficient_funds,143,0.5958,0.9098,0,4,0.9392,0.7397,3768,0
77634.53,upi,gateway_b,card_expired,874,0.1643,0.6969,0,1,0.8935,0.8059,1056,0
23623.92,net_banking,gateway_b,issuer_unavailable,246,0.1263,0.6872,0,0,0.4809,0.3325,4135,1
55381.38,debit_card,gateway_c,temporary_gateway_error,996,0.9347,0.0939,0,1,0.7828,0.3472,4906,0
52939.18,upi,gateway_a,network_timeout,827,0.3753,0.7145,0,0,0.3278,0.251,6835,0
66357.85,credit_card,gateway_b,insufficient_funds,826,0.0899,0.0234,0,4,0.6745,0.8826,7109,0
24238.23,debit_card,gateway_c,network_timeout,614,0.3325,0.2387,0,0,0.9464,0.869,3836,0
46131.13,debit_card,gateway_a,temporary_gateway_error,116,0.5704,0.6407,0,4,0.9911,0.2277,1574,0
56116.48,net_banking,gateway_a,network_timeout,203,0.8541,0.6104,0,3,0.3842,0.5264,5105,0
73168.18,debit_card,gateway_b,temporary_gateway_error,388,0.8036,0.8456,0,3,0.6531,0.7982,4703,1
83123.67,wallet,gateway_a,temporary_gateway_error,283,0.3758,0.8959,0,1,0.3548,0.8065,591,1
26790.69,debit_card,gateway_c,issuer_unavailable,601,0.4188,0.1425,0,0,0.5763,0.6318,4706,0
14328.03,net_banking,gateway_a,issuer_unavailable,448,0.9091,0.1587,0,2,0.7223,0.4204,3214,0
76299.99,credit_card,gateway_c,issuer_unavailable,160,0.1723,0.0086,0,0,0.5737,0.2022,6078,0
14992.59,credit_card,gateway_c,suspected_fraud,227,0.2573,0.9313,0,3,0.8347,0.7411,2456,0
15341.24,credit_card,gateway_a,insufficient_funds,369,0.0282,0.441,0,2,0.5308,0.6557,5525,0
47576.96,net_banking,gateway_c,authentication_required,412,0.2572,0.0096,1,3,0.4554,0.6608,1133,0
82195.02,upi,gateway_a,card_expired,386,0.6543,0.5572,0,4,0.9774,0.305,3327,0
74647.5,debit_card,gateway_c,authentication_required,57,0.4531,0.2645,1,2,0.5851,0.4042,2144,0
91742.48,debit_card,gateway_a,card_expired,458,0.1551,0.2891,0,4,0.5658,0.8641,784,1
35972.4,wallet,gateway_a,rate_limit,227,0.8255,0.4693,0,3,0.8446,0.5157,4801,0
3282.62,credit_card,gateway_a,insufficient_funds,234,0.9808,0.1754,0,2,0.6441,0.6929,2139,1
25382.56,credit_card,gateway_b,temporary_gateway_error,488,0.3461,0.0859,0,3,0.6616,0.8632,5958,1
42626.87,debit_card,gateway_b,issuer_unavailable,97,0.3163,0.3605,0,4,0.9221,0.8134,1022,0
69884.45,upi,gateway_a,card_expired,220,0.564,0.2871,0,3,0.6542,0.7338,3459,0
61002.85,debit_card,gateway_a,network_timeout,869,0.4131,0.1111,0,4,0.4072,0.3504,6451,1
95582.04,wallet,gateway_b,rate_limit,407,0.9343,0.0206,0,4,0.9898,0.3375,836,0
89088.56,net_banking,gateway_a,insufficient_funds,518,0.5119,0.1476,0,1,0.4922,0.5323,4758,1
7871.71,upi,gateway_c,rate_limit,190,0.147,0.1376,0,1,0.7713,0.6717,263,1
17687.5,upi,gateway_b,suspected_fraud,312,0.778,0.5065,0,0,0.4517,0.7691,6756,0
59596.71,debit_card,gateway_c,issuer_unavailable,514,0.9354,0.9056,0,1,0.9397,0.7067,5953,0
69256.8,upi,gateway_b,network_timeout,165,0.2061,0.3677,0,4,0.3901,0.524,2150,1
38772.39,wallet,gateway_a,rate_limit,572,0.9655,0.891,0,1,0.5536,0.7417,5704,1
53156.61,debit_card,gateway_b,issuer_unavailable,868,0.0656,0.8987,0,4,0.5817,0.5025,2353,0
18182.18,credit_card,gateway_b,network_timeout,447,0.0908,0.1404,0,4,0.9329,0.6548,4076,1
57840.81,wallet,gateway_b,temporary_gateway_error,536,0.0919,0.2054,1,4,0.9237,0.7538,615,1
49073.46,debit_card,gateway_a,suspected_fraud,344,0.5548,0.2168,0,0,0.6215,0.8127,6596,0
51093.38,upi,gateway_c,temporary_gateway_error,746,0.9985,0.0296,0,4,0.5833,0.6001,4839,1
37782.32,debit_card,gateway_a,issuer_unavailable,418,0.6816,0.9024,0,3,0.5785,0.8753,3235,0
50375.71,wallet,gateway_c,authentication_required,635,0.8544,0.0366,1,1,0.6333,0.873,6663,1
7577.53,credit_card,gateway_c,rate_limit,74,0.1337,0.3332,0,1,0.615,0.6387,1045,1
58233.42,upi,gateway_a,issuer_unavailable,334,0.1885,0.6325,0,3,0.6569,0.2692,2045,0
42894.05,net_banking,gateway_a,card_expired,613,0.9551,0.5619,0,3,0.4273,0.837,3260,0
93634.67,debit_card,gateway_c,network_timeout,560,0.1462,0.6934,0,3,0.5663,0.7661,5953,0
55599.65,upi,gateway_c,authentication_required,95,0.2642,0.5792,1,4,0.5872,0.7793,844,0
94468.01,credit_card,gateway_c,issuer_unavailable,478,0.1521,0.7506,0,3,0.7889,0.6462,5268,0
44134.46,wallet,gateway_a,card_expired,526,0.4177,0.6135,0,3,0.5962,0.5954,2134,0
56272.41,credit_card,gateway_c,card_expired,940,0.4087,0.0685,0,2,0.7882,0.5232,1528,0
80216.75,net_banking,gateway_b,network_timeout,609,0.1394,0.1695,1,0,0.7832,0.3441,4533,0
21995.2,debit_card,gateway_b,network_timeout,756,0.6266,0.1997,0,3,0.4331,0.7372,755,0
15284.24,upi,gateway_c,suspected_fraud,107,0.435,0.9839,0,0,0.9994,0.8984,2289,0
19493.25,debit_card,gateway_a,authentication_required,596,0.3142,0.7798,1,1,0.7263,0.3742,2551,1
99062.7,net_banking,gateway_a,issuer_unavailable,318,0.755,0.6055,0,2,0.3757,0.3665,4411,0
62991.9,net_banking,gateway_b,authentication_required,213,0.1076,0.7363,1,3,0.6909,0.2133,4589,0
46489.8,net_banking,gateway_b,suspected_fraud,70,0.2899,0.1741,0,1,0.3287,0.7727,877,0
58408.32,wallet,gateway_a,suspected_fraud,369,0.0803,0.3904,0,2,0.8836,0.5288,5819,0
62786.05,net_banking,gateway_c,card_expired,589,0.9255,0.2798,0,0,0.4538,0.5287,392,0
52353.02,credit_card,gateway_c,card_expired,323,0.7855,0.638,0,0,0.8347,0.6749,1172,0
27273.33,debit_card,gateway_b,suspected_fraud,482,0.0259,0.5302,0,3,0.6836,0.7511,5288,0
95489.16,wallet,gateway_c,temporary_gateway_error,630,0.6274,0.3554,0,2,0.4745,0.3846,5866,0
82276.09,debit_card,gateway_c,temporary_gateway_error,919,0.1155,0.5208,0,2,0.4019,0.7539,3971,1
96778.77,upi,gateway_b,insufficient_funds,892,0.6095,0.1569,0,0,0.7733,0.7328,1707,0
31368.3,net_banking,gateway_c,issuer_unavailable,463,0.9824,0.9091,0,4,0.7956,0.6473,6246,0
96412.56,debit_card,gateway_b,card_expired,445,0.0441,0.1875,0,4,0.6794,0.5515,4786,0
20265.78,net_banking,gateway_b,suspected_fraud,221,0.0362,0.604,0,0,0.5347,0.5954,6744,0
36350.22,debit_card,gateway_b,temporary_gateway_error,618,0.3665,0.1479,0,0,0.6038,0.811,3796,1
69235.03,debit_card,gateway_a,temporary_gateway_error,691,0.0766,0.2468,0,4,0.9446,0.8874,6908,1
52314.57,net_banking,gateway_b,rate_limit,757,0.2115,0.0298,0,0,0.9857,0.2245,3640,0
7328.09,credit_card,gateway_c,network_timeout,632,0.3749,0.7432,0,2,0.8129,0.6572,720,0
1381.26,net_banking,gateway_a,rate_limit,833,0.5531,0.0115,0,4,0.9998,0.5379,5548,0
49557.58,net_banking,gateway_a,rate_limit,190,0.4441,0.1564,0,3,0.4774,0.7785,6283,1
74103.88,upi,gateway_b,card_expired,869,0.0252,0.7963,0,0,0.3366,0.343,1105,0
59111.29,credit_card,gateway_b,card_expired,268,0.7213,0.5151,0,4,0.717,0.3851,6250,0
74761.46,upi,gateway_c,network_timeout,681,0.8049,0.7786,0,1,0.8772,0.5078,1906,1
20636.22,wallet,gateway_c,suspected_fraud,183,0.191,0.2079,0,3,0.449,0.8053,4076,0
69041.52,upi,gateway_b,authentication_required,75,0.3155,0.6863,1,2,0.3649,0.5436,2759,1
12001.91,wallet,gateway_c,temporary_gateway_error,94,0.56,0.2006,0,3,0.6317,0.7262,1281,1
76737.27,wallet,gateway_c,authentication_required,349,0.4712,0.1557,1,3,0.5202,0.4152,2834,0
36672.27,wallet,gateway_c,rate_limit,133,0.0433,0.9516,0,0,0.3633,0.7556,4705,1
2568.87,debit_card,gateway_a,suspected_fraud,966,0.4842,0.1496,0,3,0.4453,0.5469,4906,0
76611.6,debit_card,gateway_b,insufficient_funds,47,0.2285,0.9214,0,1,0.317,0.8145,6361,0
44312.82,credit_card,gateway_c,temporary_gateway_error,400,0.864,0.6628,0,0,0.5192,0.2478,6581,1
67585.88,wallet,gateway_c,temporary_gateway_error,55,0.9841,0.5399,0,2,0.676,0.8442,3561,1
11542.91,net_banking,gateway_b,authentication_required,435,0.9288,0.7632,1,4,0.3901,0.5265,6692,0
52132.43,credit_card,gateway_a,network_timeout,392,0.009,0.1091,0,3,0.5795,0.8913,780,0
41799.04,upi,gateway_c,authentication_required,125,0.8089,0.734,1,1,0.4335,0.7117,3200,1
25627.22,upi,gateway_a,issuer_unavailable,433,0.9116,0.2987,0,1,0.4989,0.8781,3655,1
62892.01,credit_card,gateway_c,insufficient_funds,617,0.2846,0.0761,0,4,0.58,0.592,1600,0
4962.6,net_banking,gateway_c,card_expired,556,0.0442,0.6515,0,4,0.6339,0.7708,4376,0
31245.59,upi,gateway_c,issuer_unavailable,32,0.5381,0.7821,0,3,0.7534,0.7018,338,1
29925.27,debit_card,gateway_c,insufficient_funds,755,0.3682,0.208,0,4,0.5747,0.8276,5469,0
97631.77,credit_card,gateway_b,insufficient_funds,729,0.236,0.3097,0,3,0.9264,0.2563,155,0
79715.22,upi,gateway_b,authentication_required,940,0.1154,0.0155,1,1,0.4893,0.2926,5034,1
73408.4,wallet,gateway_a,issuer_unavailable,356,0.5978,0.8903,0,3,0.9571,0.7304,3850,0
93676.07,debit_card,gateway_a,insufficient_funds,211,0.5442,0.1328,0,4,0.5171,0.7593,431,0
99368.78,wallet,gateway_c,card_expired,535,0.7877,0.668,0,2,0.77,0.3614,2051,0
57817.57,credit_card,gateway_b,rate_limit,181,0.8021,0.4756,0,3,0.8421,0.8196,3270,1
71953.94,debit_card,gateway_c,network_timeout,967,0.1761,0.7465,1,4,0.8578,0.8623,7065,1
43741.26,credit_card,gateway_c,rate_limit,78,0.0543,0.0917,0,4,0.5566,0.5511,702,1
60847.14,net_banking,gateway_a,temporary_gateway_error,309,0.3036,0.9847,0,0,0.4429,0.3257,6522,0
76591.36,net_banking,gateway_c,temporary_gateway_error,584,0.973,0.029,0,3,0.7699,0.4197,799,0
23089.03,credit_card,gateway_b,card_expired,84,0.9932,0.7175,0,3,0.6078,0.8413,4658,0
15484.85,credit_card,gateway_c,network_timeout,939,0.9291,0.0686,0,0,0.303,0.2115,4928,1
94011.43,net_banking,gateway_c,authentication_required,86,0.1439,0.4673,1,4,0.4486,0.3402,3187,1
84160.67,debit_card,gateway_b,suspected_fraud,468,0.9178,0.8417,0,2,0.415,0.6486,5935,0
49119.72,net_banking,gateway_b,issuer_unavailable,663,0.1367,0.2945,0,3,0.7956,0.6439,851,0
81202.21,net_banking,gateway_a,authentication_required,156,0.0655,0.3705,1,0,0.8374,0.5033,943,0
94620.18,credit_card,gateway_a,temporary_gateway_error,733,0.8037,0.4925,0,1,0.9854,0.2183,5216,1
40068.26,debit_card,gateway_b,suspected_fraud,583,0.2169,0.0105,0,0,0.3315,0.3156,185,0
1298.54,upi,gateway_c,insufficient_funds,46,0.253,0.0496,0,3,0.3606,0.6624,253,0
80784.8,upi,gateway_c,rate_limit,76,0.2703,0.6256,0,0,0.7851,0.8642,3744,0
87620.2,credit_card,gateway_a,card_expired,71,0.4502,0.4698,0,1,0.8443,0.3499,2275,0
5372.36,wallet,gateway_c,authentication_required,34,0.2656,0.0968,1,1,0.5882,0.6565,604,0
57150.1,credit_card,gateway_c,temporary_gateway_error,723,0.6161,0.4645,0,2,0.4616,0.33,5611,1
66485.19,upi,gateway_c,card_expired,534,0.0848,0.9925,0,4,0.7241,0.2052,20,0
32991.4,net_banking,gateway_c,rate_limit,349,0.1036,0.4207,0,2,0.7748,0.4231,1093,1
3709.22,debit_card,gateway_c,rate_limit,912,0.4603,0.9598,0,2,0.4207,0.5723,306,1
87408.1,net_banking,gateway_a,authentication_required,332,0.8395,0.9245,1,2,0.6303,0.4196,1828,1
23138.42,credit_card,gateway_b,authentication_required,798,0.8994,0.2935,1,2,0.8257,0.6917,256,1
75805.98,wallet,gateway_b,authentication_required,110,0.4871,0.1673,1,4,0.5622,0.3109,1209,0
87148.98,upi,gateway_c,temporary_gateway_error,557,0.6006,0.5697,0,3,0.5094,0.6695,982,0
8378.98,credit_card,gateway_a,card_expired,850,0.3587,0.2523,1,4,0.3297,0.6848,1446,0
68649.22,net_banking,gateway_c,network_timeout,52,0.9925,0.9792,0,2,0.7678,0.5137,1770,1
69615.39,upi,gateway_a,authentication_required,126,0.4445,0.9365,1,4,0.9422,0.218,4400,0
33901.36,net_banking,gateway_a,issuer_unavailable,141,0.0899,0.5401,0,0,0.881,0.7634,360,0
51666.98,upi,gateway_c,issuer_unavailable,559,0.7727,0.6607,0,3,0.7783,0.5857,2505,0
72250.07,debit_card,gateway_a,network_timeout,717,0.7556,0.6421,0,3,0.871,0.5121,5624,1
48003.14,upi,gateway_a,issuer_unavailable,930,0.6777,0.7914,0,4,0.9396,0.2471,4582,0
99316.54,wallet,gateway_c,authentication_required,153,0.8427,0.2442,1,1,0.4759,0.3043,445,1
65615.41,wallet,gateway_b,network_timeout,580,0.872,0.8988,0,3,0.8727,0.2225,6315,1
6365.19,debit_card,gateway_b,rate_limit,109,0.4287,0.9456,0,2,0.4486,0.3653,5566,0
64949.79,debit_card,gateway_a,temporary_gateway_error,22,0.028,0.4748,0,3,0.8514,0.2458,566,0
43976.97,net_banking,gateway_c,network_timeout,473,0.0023,0.5341,0,4,0.3755,0.6294,1633,0
72925.22,credit_card,gateway_b,suspected_fraud,490,0.01,0.4894,0,2,0.6268,0.5149,6897,0
47659.13,debit_card,gateway_b,suspected_fraud,98,0.648,0.3568,0,3,0.9203,0.3969,4555,0
62208.76,net_banking,gateway_c,insufficient_funds,564,0.2042,0.0072,0,2,0.8932,0.2541,6587,0
48888.18,upi,gateway_c,card_expired,201,0.6824,0.4845,0,0,0.9366,0.7776,1806,0
63507.65,wallet,gateway_a,network_timeout,464,0.5113,0.5487,0,4,0.8507,0.2608,1103,0
43700.25,wallet,gateway_c,network_timeout,780,0.8643,0.2831,0,2,0.9356,0.6863,3826,1
57998.87,upi,gateway_c,issuer_unavailable,384,0.1924,0.8115,0,4,0.4135,0.3072,5658,1
90283.26,net_banking,gateway_c,network_timeout,857,0.2592,0.3365,0,3,0.7708,0.3523,139,0
15593.51,upi,gateway_a,rate_limit,755,0.8084,0.8552,0,3,0.3362,0.8709,3385,1
25078.04,net_banking,gateway_b,issuer_unavailable,226,0.4816,0.608,0,0,0.5907,0.207,2508,1
81317.86,net_banking,gateway_b,issuer_unavailable,742,0.1395,0.1419,0,1,0.3158,0.355,1541,0
9049.81,net_banking,gateway_b,insufficient_funds,388,0.3767,0.133,0,0,0.3792,0.3912,7155,1
41962.96,net_banking,gateway_c,temporary_gateway_error,982,0.4954,0.0683,0,0,0.4409,0.3272,5643,0
71657.35,wallet,gateway_b,insufficient_funds,187,0.1978,0.6663,0,4,0.3061,0.5787,1434,0
9666.72,wallet,gateway_b,network_timeout,918,0.3051,0.8814,0,2,0.9191,0.6173,2376,0
45491.67,wallet,gateway_b,network_timeout,130,0.0808,0.3232,0,2,0.6946,0.5993,6840,1
39122.87,wallet,gateway_b,authentication_required,493,0.9601,0.7967,1,1,0.6159,0.3011,5500,1
79773.92,upi,gateway_a,authentication_required,774,0.9202,0.0719,1,1,0.8813,0.5273,3178,1
5149.01,net_banking,gateway_c,insufficient_funds,375,0.6865,0.1603,0,3,0.5667,0.8644,2860,1
51169.55,upi,gateway_b,insufficient_funds,114,0.3156,0.5325,0,1,0.6911,0.6726,3384,1
47884.26,credit_card,gateway_b,suspected_fraud,632,0.3174,0.0813,0,4,0.9358,0.7542,5036,0
93797.62,upi,gateway_b,card_expired,695,0.1116,0.7776,0,2,0.9931,0.2911,5815,0
79866.78,net_banking,gateway_c,rate_limit,681,0.4655,0.8579,0,4,0.5342,0.4388,6222,0
13462.53,net_banking,gateway_a,network_timeout,175,0.8329,0.5743,0,3,0.8723,0.3483,2400,0
95544.76,upi,gateway_c,suspected_fraud,767,0.7165,0.753,0,3,0.3242,0.4029,1845,0
15671.85,net_banking,gateway_b,rate_limit,353,0.601,0.163,0,4,0.8088,0.4103,533,0
64502.93,credit_card,gateway_a,card_expired,692,0.8738,0.7276,0,0,0.3508,0.6512,3030,1
7573.09,net_banking,gateway_c,suspected_fraud,78,0.5672,0.9202,0,0,0.8562,0.5224,5043,0
94976.45,upi,gateway_c,network_timeout,718,0.3019,0.3652,0,4,0.409,0.6434,3420,0
38247.93,credit_card,gateway_a,issuer_unavailable,738,0.1808,0.8523,0,4,0.9908,0.6465,2930,0
45966.4,wallet,gateway_c,issuer_unavailable,374,0.8682,0.0103,0,3,0.8673,0.6796,4637,1
65324.89,net_banking,gateway_a,card_expired,29,0.2991,0.4698,0,3,0.6805,0.8952,4899,0
72874.77,credit_card,gateway_a,temporary_gateway_error,230,0.1681,0.6306,0,2,0.7081,0.5652,6816,1
31768.07,wallet,gateway_b,rate_limit,428,0.5028,0.9565,0,1,0.7939,0.2175,4931,1
14593.91,credit_card,gateway_c,network_timeout,96,0.2529,0.6935,0,4,0.701,0.3431,2844,1
70001.71,upi,gateway_c,network_timeout,486,0.3631,0.8497,0,1,0.8015,0.6365,1955,1
128.85,credit_card,gateway_b,temporary_gateway_error,163,0.1185,0.1022,0,4,0.6205,0.5862,5198,1
33216.49,net_banking,gateway_c,issuer_unavailable,324,0.9449,0.4392,0,0,0.9449,0.458,523,0
88595.78,net_banking,gateway_c,issuer_unavailable,882,0.1538,0.1089,0,4,0.8855,0.4852,1972,0
97270.6,credit_card,gateway_c,suspected_fraud,82,0.5236,0.7188,0,0,0.4101,0.3365,2128,0
3371.32,upi,gateway_b,card_expired,403,0.6108,0.6182,0,4,0.8145,0.8904,1880,0
87492.24,credit_card,gateway_b,suspected_fraud,449,0.7339,0.2449,0,3,0.7857,0.4805,1921,0
83947.37,credit_card,gateway_a,rate_limit,452,0.4165,0.1108,0,0,0.3302,0.6192,2662,1
64759.37,net_banking,gateway_a,temporary_gateway_error,482,0.2023,0.7743,0,2,0.8082,0.3373,5120,1
8319.83,credit_card,gateway_c,insufficient_funds,458,0.2503,0.6456,0,4,0.3884,0.3445,3090,0
54637.3,upi,gateway_a,suspected_fraud,904,0.9114,0.6406,0,3,0.5097,0.7073,1204,0
84489.19,net_banking,gateway_a,insufficient_funds,255,0.6805,0.2729,0,1,0.7269,0.8233,203,1
5548.75,wallet,gateway_a,rate_limit,663,0.4196,0.0279,0,2,0.6476,0.3725,1151,1
63002.59,credit_card,gateway_b,insufficient_funds,214,0.309,0.2019,0,3,0.637,0.7384,19,1
88919.76,credit_card,gateway_a,authentication_required,915,0.9611,0.628,1,1,0.3895,0.3539,112,1
17858.75,debit_card,gateway_a,insufficient_funds,193,0.9547,0.0906,1,4,0.6906,0.3554,177,0
90379.95,upi,gateway_b,network_timeout,178,0.3118,0.6796,0,2,0.6262,0.7743,4204,1
18254.09,wallet,gateway_c,card_expired,203,0.2313,0.7412,0,0,0.9113,0.8923,742,0
51259.39,credit_card,gateway_a,insufficient_funds,588,0.1961,0.0342,0,1,0.4737,0.4584,6284,0
56973.51,net_banking,gateway_b,card_expired,342,0.9625,0.6984,0,1,0.7316,0.3884,337,0
86576.73,net_banking,gateway_b,suspected_fraud,460,0.3026,0.136,0,3,0.7773,0.8693,100,0
5733.48,net_banking,gateway_b,authentication_required,354,0.4569,0.645,1,3,0.7533,0.7064,2159,1
68566.18,wallet,gateway_a,issuer_unavailable,991,0.7769,0.7613,1,4,0.5157,0.7415,3041,0
36360.58,upi,gateway_b,temporary_gateway_error,118,0.313,0.6032,0,1,0.3109,0.8357,834,1
2349.48,wallet,gateway_b,card_expired,438,0.4946,0.3945,0,1,0.9431,0.728,6308,0
29493.16,debit_card,gateway_b,card_expired,946,0.7997,0.436,0,3,0.3435,0.4747,5744,0
44215.84,wallet,gateway_b,network_timeout,196,0.9792,0.8777,0,4,0.4278,0.7352,6657,0
39723.22,upi,gateway_b,authentication_required,295,0.6435,0.3228,1,4,0.8969,0.7595,937,1
23882.85,credit_card,gateway_a,rate_limit,575,0.6876,0.4039,0,0,0.9605,0.6531,1884,0
99995.21,upi,gateway_a,insufficient_funds,181,0.4542,0.2639,0,2,0.7011,0.2726,5848,0
71118.38,credit_card,gateway_b,network_timeout,685,0.8263,0.6379,0,0,0.6778,0.223,1459,1
64529.68,credit_card,gateway_a,issuer_unavailable,424,0.7592,0.5902,0,3,0.4553,0.8462,4736,1
5826.08,debit_card,gateway_c,rate_limit,594,0.3807,0.0569,0,2,0.3749,0.3543,6899,1
38703.62,net_banking,gateway_c,insufficient_funds,760,0.4629,0.0235,0,1,0.744,0.6766,2304,0
36974.4,credit_card,gateway_c,suspected_fraud,643,0.6395,0.5795,0,3,0.6914,0.3831,64,0
47901.77,upi,gateway_b,rate_limit,444,0.4056,0.7648,0,3,0.3657,0.6272,4461,1
1149.19,net_banking,gateway_a,network_timeout,750,0.5293,0.7071,0,2,0.8909,0.3488,3784,1
70389.67,net_banking,gateway_a,temporary_gateway_error,167,0.3419,0.4172,1,0,0.3657,0.8954,2743,0
47988.28,upi,gateway_a,authentication_required,967,0.6674,0.1323,1,4,0.7588,0.8635,1528,1
75928.09,credit_card,gateway_a,authentication_required,221,0.0963,0.6898,1,0,0.6076,0.2374,3933,1
60297.88,upi,gateway_c,insufficient_funds,880,0.5967,0.4874,0,0,0.7279,0.4484,1133,1
73614.97,debit_card,gateway_a,rate_limit,96,0.133,0.5853,0,0,0.7211,0.6426,1113,1
11345.7,net_banking,gateway_c,temporary_gateway_error,763,0.2417,0.2254,0,3,0.489,0.8759,4768,1
20141.76,upi,gateway_a,rate_limit,77,0.8193,0.3346,0,0,0.3751,0.6327,5646,1
38969.5,wallet,gateway_a,authentication_required,955,0.3735,0.0315,1,0,0.3905,0.2974,3940,0
54364.34,debit_card,gateway_c,network_timeout,666,0.9001,0.2874,0,3,0.7079,0.4528,5481,1
3780.2,credit_card,gateway_c,network_timeout,622,0.5059,0.2995,0,3,0.9929,0.4574,3608,0
93223.04,debit_card,gateway_b,card_expired,271,0.1963,0.6368,0,4,0.3851,0.2429,6279,0
80625.58,debit_card,gateway_c,network_timeout,924,0.9033,0.9313,0,2,0.5454,0.694,3976,0
48227.88,credit_card,gateway_c,card_expired,460,0.9078,0.8859,0,0,0.9419,0.8979,5371,0
55274.33,wallet,gateway_a,insufficient_funds,283,0.5693,0.4963,0,0,0.7522,0.674,2680,1
54548.41,net_banking,gateway_b,suspected_fraud,877,0.6508,0.9936,0,0,0.4672,0.6432,3186,0
82856.45,upi,gateway_c,card_expired,919,0.457,0.0309,0,1,0.6145,0.4323,313,0
85585.29,net_banking,gateway_c,insufficient_funds,726,0.4357,0.7712,0,4,0.5339,0.5414,3536,0
80827.15,net_banking,gateway_c,card_expired,985,0.9704,0.9187,0,4,0.6324,0.3004,7152,0
51350.65,credit_card,gateway_a,authentication_required,904,0.7845,0.3157,1,0,0.7259,0.7294,1681,0
385.86,net_banking,gateway_c,issuer_unavailable,707,0.6575,0.4012,0,2,0.3492,0.2418,3232,0
99906.53,net_banking,gateway_b,rate_limit,447,0.5734,0.8432,0,0,0.7476,0.8565,6560,1
34418.67,credit_card,gateway_a,insufficient_funds,474,0.8009,0.2971,0,0,0.5621,0.3961,1614,0
73072.4,wallet,gateway_a,suspected_fraud,140,0.9423,0.1567,0,0,0.4959,0.3128,318,0
88215.91,debit_card,gateway_a,issuer_unavailable,907,0.9062,0.7824,0,1,0.9957,0.4186,4243,0
8872.92,credit_card,gateway_c,rate_limit,593,0.8571,0.902,1,1,0.8988,0.5854,2047,1
78911.26,upi,gateway_c,issuer_unavailable,782,0.859,0.0215,0,3,0.4813,0.5056,2183,0
43649.78,debit_card,gateway_b,rate_limit,326,0.9812,0.5706,0,4,0.4789,0.7315,1725,1
18685.73,debit_card,gateway_c,card_expired,995,0.3619,0.1927,0,4,0.8297,0.4606,6502,0
48814.03,debit_card,gateway_a,insufficient_funds,120,0.2855,0.5082,0,2,0.589,0.5711,5285,0
63650.89,net_banking,gateway_c,rate_limit,711,0.2323,0.6278,0,2,0.3389,0.6067,535,0
76518.26,net_banking,gateway_b,issuer_unavailable,467,0.4289,0.3885,0,1,0.5443,0.6923,4963,0
91490.74,upi,gateway_a,authentication_required,614,0.9063,0.5301,1,4,0.6696,0.5959,5517,0
6863.1,net_banking,gateway_c,insufficient_funds,690,0.522,0.7249,1,2,0.6969,0.5248,2098,1
40429.64,credit_card,gateway_b,insufficient_funds,428,0.3799,0.9392,0,0,0.4272,0.2313,5152,0
33084.57,wallet,gateway_a,suspected_fraud,552,0.6303,0.6688,0,4,0.4281,0.719,6458,0
77849.61,debit_card,gateway_b,card_expired,622,0.2761,0.4048,0,4,0.5052,0.8975,3462,0
20009.49,credit_card,gateway_b,suspected_fraud,968,0.3109,0.8609,0,1,0.814,0.5804,155,0
12632.74,upi,gateway_a,network_timeout,155,0.026,0.2614,0,2,0.5657,0.612,2025,0
36105.16,wallet,gateway_a,insufficient_funds,735,0.3452,0.7105,0,2,0.6467,0.374,2419,0
81228.45,upi,gateway_c,insufficient_funds,786,0.4143,0.1718,0,1,0.979,0.6753,3615,1
83573.88,wallet,gateway_a,insufficient_funds,454,0.6841,0.1152,0,1,0.8968,0.5336,1160,0
50934.6,debit_card,gateway_c,temporary_gateway_error,604,0.4128,0.4658,0,1,0.4124,0.5405,3265,0
30601.39,debit_card,gateway_b,issuer_unavailable,284,0.3719,0.4724,0,1,0.5378,0.4906,1342,0
73921.07,net_banking,gateway_c,network_timeout,830,0.251,0.6152,0,3,0.9433,0.8098,4464,0
13978.92,debit_card,gateway_c,issuer_unavailable,457,0.3986,0.6747,0,1,0.8079,0.6212,331,1
44397.36,net_banking,gateway_c,insufficient_funds,796,0.8376,0.7465,0,0,0.3888,0.7539,518,0
53316.9,upi,gateway_c,issuer_unavailable,219,0.3408,0.0777,1,2,0.7149,0.6905,4744,0
37731.48,wallet,gateway_c,authentication_required,322,0.5982,0.5457,1,3,0.6207,0.8633,5202,0
57838.42,credit_card,gateway_a,issuer_unavailable,767,0.4997,0.3072,0,1,0.7385,0.4852,4863,1
26231.95,wallet,gateway_b,card_expired,397,0.6623,0.4146,0,0,0.6597,0.8924,898,0
48544.86,net_banking,gateway_c,authentication_required,827,0.9127,0.218,1,4,0.8997,0.7753,3575,0
28787.81,wallet,gateway_b,network_timeout,594,0.1593,0.5254,0,0,0.6645,0.6874,3021,1
2850.39,wallet,gateway_a,temporary_gateway_error,622,0.9126,0.8656,0,4,0.3683,0.6983,1030,1
44868.83,credit_card,gateway_c,rate_limit,201,0.8071,0.5419,0,2,0.9453,0.8841,2804,1
5441.52,credit_card,gateway_a,insufficient_funds,920,0.5091,0.2018,0,4,0.9726,0.3443,6703,0
72260.65,wallet,gateway_b,network_timeout,663,0.8286,0.8148,0,0,0.873,0.7346,3536,1
59234.94,upi,gateway_a,suspected_fraud,967,0.4779,0.2735,0,2,0.6847,0.376,6709,0
461.33,credit_card,gateway_a,insufficient_funds,356,0.7076,0.7329,1,2,0.8311,0.3621,4920,1
56802.72,net_banking,gateway_b,insufficient_funds,409,0.5787,0.8103,0,3,0.4936,0.3992,3689,0
88774.11,net_banking,gateway_c,issuer_unavailable,379,0.5052,0.1442,0,2,0.9374,0.6425,4454,1
94954.39,upi,gateway_b,network_timeout,184,0.3282,0.6457,0,1,0.4127,0.3029,1318,1
50220.43,wallet,gateway_b,card_expired,422,0.2093,0.886,0,1,0.6609,0.8393,5114,0
18778.96,debit_card,gateway_c,card_expired,155,0.449,0.3894,0,3,0.8101,0.6311,3661,0
13675.85,wallet,gateway_a,suspected_fraud,993,0.1636,0.7386,0,4,0.9313,0.7527,3732,0
49520.57,net_banking,gateway_b,insufficient_funds,425,0.0338,0.8781,0,2,0.8705,0.762,7194,0
25178.32,wallet,gateway_b,issuer_unavailable,601,0.5834,0.4309,0,0,0.431,0.8834,5442,1
90667.92,net_banking,gateway_c,issuer_unavailable,970,0.5866,0.9595,0,3,0.6861,0.2827,1836,0
41581.11,debit_card,gateway_c,suspected_fraud,389,0.236,0.72,0,0,0.3047,0.5174,6781,0
12085.44,upi,gateway_a,network_timeout,864,0.2221,0.3829,0,2,0.7358,0.3424,34,0
60189.28,debit_card,gateway_a,network_timeout,510,0.8811,0.356,0,1,0.3775,0.5802,3853,1
62210.27,credit_card,gateway_b,insufficient_funds,521,0.1412,0.6282,0,0,0.677,0.3706,6520,0
83482.25,upi,gateway_a,suspected_fraud,461,0.2108,0.4985,0,4,0.6959,0.6321,2840,0
32082.27,credit_card,gateway_c,issuer_unavailable,519,0.5462,0.8411,0,0,0.4297,0.8184,3861,0
58153.29,debit_card,gateway_b,issuer_unavailable,869,0.1456,0.3174,0,1,0.3934,0.3337,1792,1
98290.31,net_banking,gateway_a,card_expired,231,0.8133,0.4458,0,4,0.5738,0.4151,4306,0
49936.42,upi,gateway_c,card_expired,408,0.108,0.5172,0,4,0.6793,0.6441,2850,0
3479.1,net_banking,gateway_a,suspected_fraud,135,0.0272,0.9384,0,2,0.3667,0.5068,5834,0
15698.84,net_banking,gateway_a,issuer_unavailable,657,0.8685,0.9486,0,1,0.5435,0.3377,6677,1
92813.84,debit_card,gateway_a,rate_limit,471,0.3098,0.92,0,1,0.621,0.7869,3576,1
12523.46,debit_card,gateway_a,suspected_fraud,549,0.6656,0.2586,0,1,0.3305,0.2308,3326,0
82010.97,upi,gateway_c,issuer_unavailable,336,0.6289,0.8449,0,3,0.5144,0.5562,6650,0
49995.7,credit_card,gateway_a,suspected_fraud,660,0.0996,0.6417,0,1,0.567,0.7991,2672,0
45921.63,debit_card,gateway_b,rate_limit,493,0.6536,0.2408,0,4,0.3057,0.331,1004,1
36091.16,debit_card,gateway_a,temporary_gateway_error,82,0.9603,0.1348,0,4,0.8384,0.3555,5145,0
2295.61,debit_card,gateway_b,insufficient_funds,171,0.3503,0.0805,0,4,0.9487,0.6112,4036,1
7953.89,upi,gateway_a,issuer_unavailable,940,0.6565,0.3479,0,1,0.9579,0.6386,5414,0
22564.54,upi,gateway_a,issuer_unavailable,365,0.6618,0.872,0,1,0.7705,0.6403,6887,1
7360.67,net_banking,gateway_c,suspected_fraud,532,0.5863,0.6462,0,4,0.6366,0.5841,3405,0
10784.61,debit_card,gateway_c,insufficient_funds,843,0.0418,0.9812,0,2,0.8119,0.4781,5055,0
7032.49,upi,gateway_c,suspected_fraud,41,0.7225,0.5195,0,0,0.561,0.6444,2151,0
12284.06,debit_card,gateway_c,authentication_required,86,0.0018,0.3704,1,0,0.3151,0.6616,2006,1
86419.4,upi,gateway_c,insufficient_funds,376,0.2164,0.2781,1,4,0.9316,0.2881,1622,0
5975.01,credit_card,gateway_c,card_expired,391,0.8226,0.0381,0,3,0.8081,0.8758,358,0
54828.44,upi,gateway_c,authentication_required,243,0.0461,0.0679,1,4,0.4445,0.5594,2665,1
15385.6,net_banking,gateway_b,network_timeout,53,0.2519,0.6854,0,3,0.7384,0.4154,5575,1
23376.68,wallet,gateway_c,issuer_unavailable,640,0.6911,0.5319,0,4,0.7112,0.7766,2133,0
78296.16,debit_card,gateway_a,insufficient_funds,687,0.4363,0.4862,0,3,0.7283,0.7934,5608,0
87499.99,wallet,gateway_c,network_timeout,40,0.3628,0.3736,0,0,0.9934,0.6328,4081,1
79023.38,wallet,gateway_c,network_timeout,177,0.484,0.9918,0,4,0.3431,0.712,169,0
29335.99,wallet,gateway_c,network_timeout,810,0.9921,0.5761,0,4,0.451,0.2055,1758,1
66310.67,credit_card,gateway_b,suspected_fraud,60,0.9685,0.92,0,1,0.635,0.8017,6566,0
71364.28,credit_card,gateway_c,temporary_gateway_error,647,0.8059,0.7657,0,1,0.9008,0.7454,4649,1
97217.94,credit_card,gateway_b,temporary_gateway_error,879,0.5355,0.9,0,1,0.8897,0.4709,3962,0
89933.13,wallet,gateway_b,issuer_unavailable,634,0.2885,0.7821,0,1,0.7953,0.8129,4676,1
56506.88,net_banking,gateway_c,network_timeout,636,0.685,0.157,0,4,0.9819,0.2996,685,0
40818.29,debit_card,gateway_c,temporary_gateway_error,579,0.4795,0.7068,0,0,0.8368,0.5421,2641,1
61592.72,net_banking,gateway_c,temporary_gateway_error,96,0.7559,0.4754,0,4,0.456,0.8209,1374,0
80238.2,credit_card,gateway_b,network_timeout,704,0.5147,0.8259,0,0,0.8159,0.2162,3623,1
23179.21,debit_card,gateway_b,temporary_gateway_error,471,0.3924,0.1849,0,3,0.8863,0.7279,374,1
61481.29,debit_card,gateway_b,rate_limit,172,0.743,0.3513,0,3,0.4757,0.4461,4975,1
79069.87,upi,gateway_b,rate_limit,654,0.8528,0.7712,0,1,0.7053,0.7893,2513,0
43103.25,wallet,gateway_b,insufficient_funds,496,0.0795,0.1744,0,3,0.4688,0.3049,2239,0
49151.99,wallet,gateway_c,temporary_gateway_error,829,0.9145,0.1524,0,0,0.3792,0.4879,200,1
20998.65,upi,gateway_b,issuer_unavailable,639,0.8688,0.7951,0,3,0.5706,0.8291,6495,1
34874.82,wallet,gateway_a,network_timeout,450,0.838,0.6897,0,2,0.6648,0.2184,4887,1
13227.56,net_banking,gateway_b,temporary_gateway_error,241,0.2293,0.541,0,4,0.5978,0.7518,1637,1
50313.84,debit_card,gateway_c,insufficient_funds,365,0.9809,0.8065,0,3,0.4525,0.7484,862,0
62527.35,credit_card,gateway_a,suspected_fraud,647,0.3293,0.1441,0,1,0.6199,0.8789,4059,0
63574.2,upi,gateway_b,authentication_required,697,0.8453,0.2208,1,2,0.3709,0.2454,6209,0
79659.2,debit_card,gateway_b,card_expired,779,0.6755,0.2046,0,2,0.3687,0.5542,5828,0
44202.28,credit_card,gateway_c,authentication_required,323,0.8208,0.488,1,2,0.7629,0.8659,5336,1
18843.58,net_banking,gateway_c,network_timeout,865,0.8735,0.8174,0,3,0.8903,0.6127,1056,1
10223.19,upi,gateway_b,issuer_unavailable,654,0.5208,0.9613,0,3,0.3979,0.6777,6953,0
61523.7,net_banking,gateway_b,authentication_required,172,0.3212,0.6326,1,0,0.9041,0.7441,3406,1
65670.78,net_banking,gateway_b,suspected_fraud,662,0.6961,0.4972,0,1,0.3115,0.2116,6877,0
81773.64,upi,gateway_c,authentication_required,398,0.4309,0.7054,1,2,0.9304,0.684,3664,0
54535.36,wallet,gateway_b,issuer_unavailable,313,0.1204,0.3506,0,2,0.8219,0.6333,7069,1
52343.31,net_banking,gateway_a,rate_limit,744,0.3655,0.4781,0,4,0.7051,0.3935,2607,1
49467.42,credit_card,gateway_a,suspected_fraud,85,0.3867,0.6757,0,0,0.8071,0.2846,3986,0
26887.37,upi,gateway_a,card_expired,450,0.8936,0.1144,0,1,0.6955,0.879,6245,0
83925.14,net_banking,gateway_c,insufficient_funds,960,0.1578,0.5358,0,0,0.3556,0.5317,4363,1
82167.49,debit_card,gateway_a,authentication_required,478,0.8513,0.0582,1,1,0.342,0.3088,5040,0
38119.1,credit_card,gateway_c,suspected_fraud,938,0.1552,0.9479,0,4,0.7467,0.2046,1943,0
35647.22,wallet,gateway_c,issuer_unavailable,613,0.3573,0.6919,0,2,0.3366,0.6632,3619,0
48024.05,debit_card,gateway_a,insufficient_funds,344,0.2711,0.1212,0,4,0.3071,0.7164,933,0
64784.88,debit_card,gateway_b,card_expired,714,0.0766,0.8815,0,2,0.8756,0.5205,3695,0
33947.91,net_banking,gateway_a,issuer_unavailable,94,0.8251,0.8705,0,0,0.6961,0.2019,2381,1
21393.03,wallet,gateway_c,suspected_fraud,689,0.105,0.7299,0,4,0.6539,0.7731,2453,0
63322.64,debit_card,gateway_c,authentication_required,336,0.4518,0.6563,1,1,0.5274,0.3161,1841,0
91818.86,wallet,gateway_c,network_timeout,944,0.7795,0.473,0,2,0.6576,0.8429,1841,1
62168.66,net_banking,gateway_a,issuer_unavailable,808,0.0841,0.3737,0,3,0.6912,0.41,6949,0
29798.3,wallet,gateway_a,suspected_fraud,740,0.9512,0.4322,0,2,0.7715,0.7308,6002,0
96456.69,upi,gateway_a,authentication_required,630,0.5253,0.5565,1,4,0.7264,0.2515,5498,1
16595.93,upi,gateway_b,network_timeout,859,0.7766,0.7566,0,4,0.8865,0.4469,2088,0
98260.49,debit_card,gateway_b,insufficient_funds,714,0.9647,0.9607,0,1,0.626,0.6411,5263,0
68125.68,credit_card,gateway_c,authentication_required,498,0.1336,0.6552,1,2,0.9136,0.2148,1147,1
88337.22,debit_card,gateway_a,suspected_fraud,749,0.2645,0.3389,0,0,0.5845,0.7843,6969,0
23956.65,net_banking,gateway_a,card_expired,49,0.4695,0.609,0,3,0.502,0.8016,2767,0
10906.26,credit_card,gateway_b,issuer_unavailable,454,0.5601,0.6975,0,0,0.3818,0.5074,4570,0
25811.28,debit_card,gateway_b,card_expired,290,0.3792,0.0038,0,1,0.8997,0.2393,1482,0
14531.46,upi,gateway_c,rate_limit,988,0.5615,0.807,0,1,0.8932,0.3545,1368,1
23429.86,net_banking,gateway_b,temporary_gateway_error,662,0.956,0.5382,0,3,0.9415,0.6371,6769,0
44566.02,net_banking,gateway_c,issuer_unavailable,280,0.0667,0.0475,0,3,0.3788,0.2333,1721,0
99933.42,debit_card,gateway_c,rate_limit,674,0.939,0.0648,0,3,0.7328,0.4535,5625,0
91652.35,upi,gateway_b,network_timeout,556,0.5878,0.3097,0,1,0.5021,0.7952,96,1
99103.42,wallet,gateway_b,insufficient_funds,442,0.4356,0.8515,0,1,0.7915,0.4622,5991,0
50183.27,credit_card,gateway_c,temporary_gateway_error,107,0.5516,0.8122,0,4,0.6823,0.3414,2846,1
25618.2,credit_card,gateway_c,temporary_gateway_error,320,0.4647,0.8484,0,4,0.5286,0.4142,601,0
150.35,net_banking,gateway_c,network_timeout,549,0.2463,0.7615,0,4,0.5781,0.4453,6594,1
67441.96,credit_card,gateway_c,card_expired,580,0.5502,0.133,0,1,0.9673,0.4943,3155,0
11196.52,wallet,gateway_b,issuer_unavailable,926,0.7215,0.0951,0,3,0.3978,0.3667,3551,0
95201.53,debit_card,gateway_a,temporary_gateway_error,824,0.554,0.6258,0,0,0.8663,0.5141,2308,0
71820.38,credit_card,gateway_a,insufficient_funds,813,0.6133,0.2935,0,2,0.3897,0.791,5322,0
23743.3,debit_card,gateway_b,authentication_required,36,0.9053,0.6044,1,1,0.9816,0.3531,5047,1
42164.06,upi,gateway_c,suspected_fraud,82,0.4723,0.5414,0,4,0.542,0.595,5006,0
73575.32,debit_card,gateway_a,issuer_unavailable,662,0.0576,0.1341,1,0,0.5444,0.5715,6262,0
40024.28,upi,gateway_a,insufficient_funds,358,0.2592,0.2365,0,1,0.4705,0.2957,5059,0
55210.8,credit_card,gateway_c,authentication_required,496,0.6964,0.7962,1,4,0.4917,0.2269,6639,0
44464.4,debit_card,gateway_b,card_expired,844,0.361,0.5393,0,2,0.6429,0.4282,5707,0
56287.68,debit_card,gateway_b,rate_limit,241,0.3586,0.0866,0,0,0.8447,0.654,2748,1
44318.09,net_banking,gateway_c,network_timeout,427,0.1041,0.5846,0,0,0.8737,0.2401,2010,0
28526.96,debit_card,gateway_a,card_expired,514,0.2657,0.8431,1,2,0.864,0.3502,4829,0
98903.05,upi,gateway_a,suspected_fraud,389,0.322,0.893,0,0,0.5911,0.5446,5558,0
74690.74,upi,gateway_a,authentication_required,980,0.7265,0.7147,1,1,0.4482,0.7474,832,0
76173.95,upi,gateway_b,authentication_required,30,0.1241,0.0787,1,4,0.3404,0.2173,763,0
54262.46,upi,gateway_a,authentication_required,354,0.4011,0.1597,1,1,0.3934,0.8168,4624,1
19778.92,debit_card,gateway_b,authentication_required,125,0.2509,0.9977,1,2,0.6451,0.4481,173,0
3088.69,net_banking,gateway_b,network_timeout,98,0.658,0.6901,0,1,0.8848,0.4679,4718,1
33415.07,wallet,gateway_b,network_timeout,960,0.7206,0.7021,0,1,0.33,0.5206,5520,1
28227.95,upi,gateway_a,insufficient_funds,237,0.5429,0.7429,0,0,0.7653,0.6677,1987,1
49786.08,credit_card,gateway_b,insufficient_funds,840,0.2219,0.9983,0,2,0.9724,0.475,4342,0
7160.4,net_banking,gateway_b,network_timeout,774,0.9367,0.5702,0,4,0.4524,0.341,937,0
97011.05,credit_card,gateway_b,rate_limit,783,0.7324,0.6173,1,3,0.5678,0.2865,5175,0
60281.07,debit_card,gateway_b,issuer_unavailable,173,0.1279,0.4465,1,0,0.3552,0.5659,4424,1
76939.2,debit_card,gateway_c,network_timeout,485,0.1936,0.3872,0,3,0.7526,0.4144,3809,1
18112.51,net_banking,gateway_c,network_timeout,661,0.9881,0.7821,0,0,0.5023,0.2022,242,1
60151.01,upi,gateway_b,authentication_required,796,0.2316,0.3722,1,4,0.8384,0.5187,3320,1
6364.1,wallet,gateway_c,suspected_fraud,647,0.3055,0.4878,0,4,0.7708,0.6561,4278,0
1817.68,upi,gateway_c,insufficient_funds,892,0.5614,0.9133,0,1,0.7568,0.8731,5423,0
27414.17,upi,gateway_c,rate_limit,407,0.1818,0.2382,0,2,0.5752,0.7315,410,1
97981.8,net_banking,gateway_c,authentication_required,465,0.2767,0.6222,1,0,0.5053,0.4793,4923,0
98687.24,upi,gateway_b,authentication_required,519,0.1639,0.7989,1,1,0.3213,0.3635,6184,1
88449.55,wallet,gateway_c,issuer_unavailable,661,0.7636,0.1446,0,2,0.4648,0.2878,5634,0
97370.31,wallet,gateway_c,suspected_fraud,437,0.4673,0.6263,1,0,0.7394,0.2875,3906,0
86862.06,upi,gateway_a,insufficient_funds,563,0.3082,0.3746,0,3,0.6559,0.731,3248,0
69309.47,wallet,gateway_b,insufficient_funds,312,0.1495,0.4591,0,1,0.9859,0.5648,6581,1
38901.06,debit_card,gateway_b,suspected_fraud,403,0.7031,0.9814,1,4,0.9419,0.7993,6952,0
48000.01,debit_card,gateway_b,authentication_required,661,0.263,0.4002,1,3,0.3515,0.3417,6910,1
52014.73,upi,gateway_b,issuer_unavailable,84,0.4619,0.1954,0,3,0.375,0.7285,5820,0
44996.1,upi,gateway_b,insufficient_funds,723,0.7122,0.5871,0,1,0.8699,0.4191,2737,0
55081.93,debit_card,gateway_b,temporary_gateway_error,619,0.1687,0.4925,0,0,0.6414,0.4086,1721,1
72845.33,net_banking,gateway_b,temporary_gateway_error,225,0.3366,0.9699,0,1,0.7259,0.5915,6627,1
4732.63,net_banking,gateway_b,issuer_unavailable,177,0.2708,0.6439,0,4,0.368,0.8273,1011,0
9922.96,upi,gateway_b,authentication_required,643,0.6206,0.0073,1,4,0.8363,0.8051,2313,1
77321.88,upi,gateway_c,rate_limit,605,0.3532,0.9716,0,0,0.6525,0.29,4508,1
2495.01,debit_card,gateway_c,issuer_unavailable,178,0.9261,0.8006,1,1,0.712,0.5296,4389,1
52056.21,wallet,gateway_c,suspected_fraud,738,0.8495,0.9629,0,4,0.6678,0.6047,2766,0
76656.32,upi,gateway_c,suspected_fraud,461,0.3841,0.26,0,0,0.3388,0.4186,4582,0
54093.46,credit_card,gateway_a,rate_limit,470,0.0651,0.0764,0,2,0.8045,0.637,3802,0
31905.05,upi,gateway_b,temporary_gateway_error,59,0.0782,0.5781,0,0,0.6044,0.8646,325,1
50863.04,net_banking,gateway_a,suspected_fraud,783,0.2718,0.9844,0,0,0.7785,0.6624,4513,0
67963.5,net_banking,gateway_c,card_expired,743,0.7262,0.6732,0,1,0.3298,0.8867,6468,0
60874.57,upi,gateway_c,rate_limit,401,0.4304,0.379,0,4,0.4112,0.7393,4306,0
26482.7,net_banking,gateway_c,network_timeout,626,0.8163,0.1672,0,2,0.6867,0.6495,1504,0
93047.95,upi,gateway_c,authentication_required,914,0.8169,0.5552,1,1,0.7556,0.6942,1363,1
9794.62,wallet,gateway_b,network_timeout,857,0.9038,0.6282,0,1,0.5417,0.327,1527,1
16468.05,credit_card,gateway_c,network_timeout,50,0.7447,0.3021,0,0,0.7698,0.8515,5001,1
13320.66,net_banking,gateway_a,authentication_required,40,0.7252,0.8674,1,3,0.9935,0.8216,4311,0
96360.7,net_banking,gateway_b,issuer_unavailable,609,0.4688,0.0458,0,0,0.3679,0.6987,2843,1
99646.2,upi,gateway_a,temporary_gateway_error,662,0.025,0.0557,0,0,0.3044,0.4249,365,1
37367.18,wallet,gateway_a,issuer_unavailable,490,0.7588,0.331,0,4,0.9834,0.3467,1934,0
46196.0,net_banking,gateway_a,suspected_fraud,767,0.1804,0.0792,0,2,0.9121,0.5995,1878,0
59749.32,debit_card,gateway_b,authentication_required,934,0.3818,0.0597,1,4,0.6895,0.7279,4966,0
43075.79,debit_card,gateway_c,card_expired,816,0.3898,0.464,0,0,0.4482,0.765,102,0
43779.49,net_banking,gateway_c,authentication_required,687,0.1238,0.092,1,0,0.7228,0.4942,1351,1
91167.53,upi,gateway_b,insufficient_funds,560,0.5176,0.355,1,4,0.5311,0.5181,1770,0
31372.72,debit_card,gateway_a,network_timeout,334,0.2142,0.4327,0,1,0.3028,0.7379,5292,1
99096.81,credit_card,gateway_c,rate_limit,877,0.3576,0.6821,0,0,0.4271,0.3492,7096,0
82108.09,credit_card,gateway_a,issuer_unavailable,230,0.767,0.1536,0,2,0.3729,0.234,578,0
36410.82,credit_card,gateway_a,network_timeout,891,0.3173,0.1645,0,0,0.8103,0.5117,1144,0
48703.12,debit_card,gateway_c,rate_limit,855,0.6489,0.2049,0,0,0.6982,0.3503,4040,0
97208.71,debit_card,gateway_b,network_timeout,718,0.6057,0.6551,1,3,0.9068,0.8451,2598,1
37379.96,wallet,gateway_c,card_expired,702,0.8753,0.2223,0,1,0.736,0.5975,3404,0
11550.63,wallet,gateway_b,authentication_required,965,0.1608,0.9326,1,1,0.8679,0.8122,5462,1
34666.97,net_banking,gateway_c,suspected_fraud,393,0.5261,0.5989,0,0,0.4589,0.4535,4396,0
46046.28,net_banking,gateway_a,rate_limit,253,0.8322,0.2495,0,4,0.7637,0.3558,3167,1
55771.7,debit_card,gateway_c,card_expired,694,0.4816,0.7873,0,3,0.7199,0.4325,6748,0
80830.84,upi,gateway_c,suspected_fraud,301,0.6241,0.7303,0,3,0.7351,0.4541,652,0
33718.0,upi,gateway_b,insufficient_funds,538,0.2439,0.8499,0,0,0.3527,0.4923,671,0
20801.73,net_banking,gateway_c,suspected_fraud,560,0.0204,0.1653,0,2,0.8267,0.286,5262,0
57115.04,credit_card,gateway_b,network_timeout,103,0.7876,0.6768,0,1,0.6856,0.4137,2121,1
19677.26,credit_card,gateway_b,card_expired,100,0.6193,0.804,0,2,0.9012,0.4418,4936,0
55473.33,debit_card,gateway_c,temporary_gateway_error,390,0.6875,0.5863,0,3,0.9253,0.4199,1664,1
3417.69,debit_card,gateway_c,suspected_fraud,664,0.1884,0.7399,0,3,0.765,0.4993,4246,0
41072.4,upi,gateway_c,network_timeout,398,0.6247,0.5124,0,2,0.7989,0.8334,5452,1
41510.55,wallet,gateway_b,card_expired,302,0.791,0.8008,0,0,0.9067,0.2201,4566,0
93051.98,debit_card,gateway_c,insufficient_funds,156,0.6439,0.759,0,1,0.5835,0.2215,6302,0
93769.08,credit_card,gateway_b,card_expired,523,0.8775,0.6678,0,2,0.5278,0.2563,3901,0
98338.33,wallet,gateway_a,authentication_required,56,0.2567,0.2031,1,4,0.6211,0.887,3711,0
79580.79,upi,gateway_b,insufficient_funds,34,0.7904,0.6928,0,1,0.6966,0.7138,6941,0
58216.22,wallet,gateway_a,issuer_unavailable,163,0.3713,0.8767,0,2,0.7416,0.7668,6386,1
96959.55,debit_card,gateway_b,network_timeout,598,0.6854,0.9272,0,1,0.4739,0.6363,591,0
64181.3,upi,gateway_b,insufficient_funds,688,0.0418,0.4755,0,1,0.7723,0.5861,429,0
88844.1,wallet,gateway_b,issuer_unavailable,827,0.4327,0.1781,0,0,0.4041,0.7186,5426,0
85635.52,upi,gateway_a,card_expired,905,0.1784,0.1758,0,2,0.4152,0.5745,6625,0
42369.85,upi,gateway_c,insufficient_funds,248,0.6806,0.4696,0,3,0.5203,0.8949,6967,0
35260.58,credit_card,gateway_c,card_expired,328,0.7309,0.2658,0,3,0.8429,0.7144,5301,0
59146.37,net_banking,gateway_b,card_expired,861,0.7072,0.6131,0,4,0.7142,0.8826,2109,0
39437.19,credit_card,gateway_a,suspected_fraud,242,0.7723,0.5601,0,0,0.7348,0.5392,924,0
84507.36,wallet,gateway_a,suspected_fraud,20,0.8546,0.9804,0,0,0.5077,0.269,1414,0
90264.38,upi,gateway_a,suspected_fraud,775,0.3545,0.2592,0,3,0.6897,0.2207,2409,0
22569.12,wallet,gateway_a,insufficient_funds,357,0.9121,0.6967,1,2,0.3849,0.365,2956,0
33273.95,credit_card,gateway_a,temporary_gateway_error,175,0.7687,0.3883,0,2,0.9354,0.8078,977,0
99561.6,wallet,gateway_c,network_timeout,548,0.868,0.8767,0,4,0.6975,0.7495,1271,0
18895.5,net_banking,gateway_b,network_timeout,122,0.3073,0.542,0,4,0.9897,0.7289,1385,1
15140.43,credit_card,gateway_b,suspected_fraud,409,0.2109,0.0239,0,1,0.9025,0.8587,1875,0
64177.26,debit_card,gateway_c,rate_limit,950,0.7526,0.1537,0,0,0.6203,0.3275,4055,1
37883.65,net_banking,gateway_c,issuer_unavailable,954,0.1695,0.0216,0,0,0.7494,0.5034,1230,1
12198.33,upi,gateway_c,insufficient_funds,289,0.4477,0.7642,0,1,0.4101,0.4559,1953,0
61249.04,upi,gateway_a,temporary_gateway_error,434,0.254,0.0811,0,0,0.8988,0.3324,5320,0
84553.07,wallet,gateway_b,temporary_gateway_error,57,0.3462,0.9676,0,2,0.5163,0.513,5541,1
15019.56,net_banking,gateway_b,insufficient_funds,471,0.8871,0.8643,0,4,0.7062,0.4257,761,0
90128.07,upi,gateway_a,suspected_fraud,196,0.8269,0.4147,0,2,0.4394,0.3141,5923,0
69878.28,upi,gateway_a,authentication_required,930,0.7685,0.6185,1,4,0.6197,0.506,3660,0
31505.21,debit_card,gateway_b,network_timeout,895,0.8715,0.7366,0,4,0.8364,0.7498,2620,1
11939.1,debit_card,gateway_c,authentication_required,587,0.5209,0.6372,1,4,0.7372,0.7757,96,0
99572.85,upi,gateway_c,suspected_fraud,622,0.798,0.2221,0,0,0.9492,0.2898,6650,0
29978.04,net_banking,gateway_b,insufficient_funds,233,0.6515,0.0974,0,2,0.6563,0.7779,5920,0
42727.42,upi,gateway_a,temporary_gateway_error,659,0.9743,0.1178,0,4,0.9892,0.5497,4774,1
27955.9,wallet,gateway_a,network_timeout,342,0.422,0.5193,0,0,0.7079,0.2866,2899,1
11241.08,debit_card,gateway_a,issuer_unavailable,918,0.358,0.4929,0,3,0.6965,0.3721,1194,0
79221.09,credit_card,gateway_a,network_timeout,867,0.9804,0.8955,0,1,0.3611,0.2553,1041,0
22331.84,net_banking,gateway_c,network_timeout,252,0.0966,0.9719,0,4,0.8356,0.7615,6104,0
22106.45,debit_card,gateway_b,suspected_fraud,935,0.5534,0.6707,0,2,0.7932,0.8017,2466,0
6684.78,credit_card,gateway_a,rate_limit,906,0.6873,0.7106,0,2,0.3401,0.6823,2870,1
72114.34,wallet,gateway_b,rate_limit,159,0.1821,0.1219,0,2,0.9898,0.4008,6993,1
50634.76,debit_card,gateway_a,suspected_fraud,492,0.4484,0.0796,0,3,0.4509,0.6372,3270,0
75920.4,debit_card,gateway_a,issuer_unavailable,600,0.9124,0.2884,1,1,0.4549,0.2863,3645,1
38686.36,upi,gateway_c,card_expired,337,0.3814,0.7632,0,4,0.9958,0.2349,3670,0
42331.89,net_banking,gateway_b,authentication_required,811,0.6714,0.7123,1,0,0.6832,0.3171,931,1
9960.13,upi,gateway_c,network_timeout,20,0.9711,0.8769,0,3,0.5401,0.2788,1079,1
24018.62,net_banking,gateway_a,network_timeout,783,0.9229,0.038,0,4,0.6858,0.2261,550,0
95768.64,upi,gateway_a,authentication_required,198,0.1084,0.073,1,0,0.7104,0.8813,1005,0
61577.92,net_banking,gateway_c,suspected_fraud,192,0.9446,0.9918,0,3,0.6992,0.8433,1791,0
38056.19,debit_card,gateway_a,issuer_unavailable,412,0.9307,0.7711,0,0,0.5167,0.7485,310,1
82303.43,debit_card,gateway_a,card_expired,567,0.5441,0.2952,0,2,0.4271,0.5687,6229,0
81368.85,upi,gateway_c,temporary_gateway_error,24,0.3626,0.7002,1,0,0.5652,0.6166,6631,1
20730.81,upi,gateway_c,authentication_required,349,0.9379,0.7179,1,2,0.9921,0.3251,4652,1
2404.67,net_banking,gateway_b,rate_limit,784,0.5061,0.2269,0,4,0.4325,0.7641,3558,1
69596.65,debit_card,gateway_a,suspected_fraud,431,0.3437,0.5601,0,0,0.9267,0.4607,895,0
89923.59,credit_card,gateway_a,insufficient_funds,82,0.7087,0.0204,0,0,0.4871,0.2435,6555,1
64170.09,wallet,gateway_a,issuer_unavailable,954,0.4804,0.8021,0,1,0.3628,0.3965,1808,0
97569.83,net_banking,gateway_b,network_timeout,789,0.0875,0.9206,0,1,0.9246,0.359,1549,1
9668.28,net_banking,gateway_c,rate_limit,713,0.5178,0.5096,0,4,0.3891,0.3236,545,1
60057.69,upi,gateway_a,card_expired,151,0.7449,0.8486,0,1,0.5585,0.6599,1211,0
99084.87,debit_card,gateway_c,temporary_gateway_error,530,0.1733,0.6116,0,3,0.9654,0.3647,6406,0
15646.56,net_banking,gateway_b,rate_limit,830,0.1778,0.0097,0,4,0.9452,0.51,2492,0
84455.78,net_banking,gateway_a,rate_limit,194,0.2041,0.8878,0,1,0.3496,0.6674,4588,1
74223.21,net_banking,gateway_c,authentication_required,596,0.1505,0.2652,1,3,0.5205,0.4665,303,0
72557.2,wallet,gateway_b,card_expired,405,0.8457,0.3665,0,0,0.8146,0.3416,458,0
82211.31,debit_card,gateway_a,card_expired,864,0.5509,0.9256,0,0,0.9505,0.5649,4355,0
88065.31,credit_card,gateway_b,suspected_fraud,205,0.457,0.7941,0,3,0.8857,0.7987,5623,0
90956.53,debit_card,gateway_c,insufficient_funds,277,0.7067,0.5291,0,2,0.8644,0.4868,1839,1
54138.44,upi,gateway_a,temporary_gateway_error,128,0.1922,0.9092,0,2,0.5478,0.5778,5070,1
97554.73,credit_card,gateway_c,issuer_unavailable,225,0.4909,0.9304,0,3,0.6145,0.5239,1196,0
55613.66,wallet,gateway_b,card_expired,771,0.3652,0.6959,0,0,0.8148,0.4383,5526,0
59796.05,wallet,gateway_a,issuer_unavailable,624,0.9586,0.2233,0,3,0.4677,0.6263,1409,1
24421.95,credit_card,gateway_b,authentication_required,518,0.9591,0.6809,1,0,0.5589,0.2625,4704,0
73925.28,credit_card,gateway_a,authentication_required,376,0.4763,0.5201,1,2,0.7677,0.3954,1768,1
83505.48,debit_card,gateway_c,network_timeout,428,0.9635,0.0372,1,2,0.4345,0.3515,6454,0
61468.56,credit_card,gateway_a,network_timeout,63,0.8759,0.5708,0,3,0.5188,0.3849,2614,0
23842.67,debit_card,gateway_b,rate_limit,469,0.2574,0.2715,0,0,0.9208,0.3289,992,1
45209.89,net_banking,gateway_c,temporary_gateway_error,367,0.533,0.5567,0,3,0.89,0.4557,6131,1
15703.65,upi,gateway_b,network_timeout,296,0.3832,0.3828,0,1,0.7297,0.6282,3668,0
15773.42,credit_card,gateway_c,suspected_fraud,448,0.4828,0.2055,0,2,0.6799,0.534,1147,0
27161.83,net_banking,gateway_a,insufficient_funds,765,0.1518,0.6304,0,4,0.4368,0.2747,1695,0
99871.72,debit_card,gateway_a,issuer_unavailable,642,0.0099,0.3738,1,4,0.9423,0.7215,4511,0
87750.72,credit_card,gateway_c,card_expired,137,0.7098,0.2443,0,2,0.4189,0.2275,336,0
53289.16,upi,gateway_a,rate_limit,84,0.8061,0.1242,0,4,0.6108,0.6568,2319,0
40075.06,upi,gateway_a,card_expired,490,0.0655,0.1621,0,1,0.5358,0.7547,4840,0
97986.83,upi,gateway_c,issuer_unavailable,281,0.2947,0.0093,0,3,0.7405,0.3331,5890,0
40728.8,credit_card,gateway_c,suspected_fraud,999,0.3163,0.6792,1,4,0.5139,0.7866,2156,0
16386.81,debit_card,gateway_b,issuer_unavailable,487,0.272,0.1782,0,4,0.5163,0.8768,3405,1
52781.53,net_banking,gateway_a,temporary_gateway_error,397,0.6741,0.1537,0,0,0.8208,0.8708,5999,0
88668.84,debit_card,gateway_a,network_timeout,796,0.4338,0.5313,0,2,0.5971,0.6357,3730,0
66634.17,wallet,gateway_b,card_expired,948,0.9625,0.6504,0,0,0.9329,0.2889,3734,0
71802.5,wallet,gateway_a,insufficient_funds,950,0.7223,0.9864,0,1,0.7201,0.8278,4518,0
71424.01,upi,gateway_c,suspected_fraud,89,0.9552,0.425,0,0,0.6598,0.8977,2728,0
7316.76,credit_card,gateway_a,rate_limit,420,0.8643,0.3602,0,2,0.6831,0.8837,102,1
32010.11,upi,gateway_a,authentication_required,805,0.9303,0.4271,1,4,0.3977,0.6724,6573,1
61743.37,credit_card,gateway_b,temporary_gateway_error,553,0.5673,0.7376,0,3,0.8189,0.7064,2743,1
50908.75,net_banking,gateway_c,card_expired,634,0.3996,0.8139,0,1,0.9867,0.5531,5134,0
90997.62,debit_card,gateway_b,network_timeout,575,0.5701,0.8745,0,0,0.3909,0.744,1437,1
23164.02,credit_card,gateway_a,temporary_gateway_error,361,0.773,0.0737,0,1,0.7891,0.8743,126,1
88484.39,wallet,gateway_c,issuer_unavailable,361,0.2083,0.3301,0,2,0.6488,0.3025,3064,1
91442.1,wallet,gateway_b,suspected_fraud,310,0.7002,0.6867,0,4,0.9267,0.7422,5140,0
83793.48,net_banking,gateway_b,network_timeout,755,0.939,0.8396,0,2,0.3937,0.7836,5159,1
31537.86,debit_card,gateway_c,authentication_required,935,0.9882,0.5388,1,2,0.6782,0.6481,3759,1
61223.08,debit_card,gateway_a,suspected_fraud,250,0.6093,0.9007,0,3,0.4952,0.4881,3842,0
99858.02,credit_card,gateway_a,authentication_required,919,0.6175,0.6292,1,4,0.574,0.3436,2020,0
29440.64,wallet,gateway_b,authentication_required,375,0.0111,0.2679,1,4,0.4076,0.8408,1910,1
41788.2,upi,gateway_a,suspected_fraud,412,0.1505,0.7931,0,3,0.5211,0.8359,4928,0
74378.0,wallet,gateway_b,issuer_unavailable,873,0.9867,0.5778,0,1,0.926,0.6319,4108,0
4594.01,debit_card,gateway_c,network_timeout,116,0.6526,0.8354,0,3,0.6677,0.6612,4250,1
77977.31,debit_card,gateway_c,card_expired,67,0.694,0.0715,0,1,0.539,0.8907,1748,0
77106.98,upi,gateway_b,rate_limit,284,0.597,0.6998,0,4,0.7584,0.2033,881,0
81491.15,debit_card,gateway_a,temporary_gateway_error,733,0.6915,0.1695,0,4,0.4358,0.4949,2071,1
79429.2,debit_card,gateway_a,rate_limit,697,0.7949,0.8083,0,0,0.7553,0.7588,6813,0
56005.39,wallet,gateway_b,suspected_fraud,490,0.5479,0.8745,0,4,0.499,0.5126,2786,0
948.4,net_banking,gateway_b,network_timeout,443,0.2903,0.7362,0,4,0.421,0.5522,1686,1
88438.3,net_banking,gateway_c,suspected_fraud,212,0.495,0.8802,0,0,0.4306,0.5059,5630,0
13421.21,debit_card,gateway_b,authentication_required,425,0.1512,0.4708,1,2,0.5766,0.377,4458,0
81781.46,net_banking,gateway_a,issuer_unavailable,26,0.045,0.9173,0,0,0.3787,0.4342,2925,0
44892.56,credit_card,gateway_c,rate_limit,624,0.2865,0.8212,1,0,0.8964,0.2817,3075,1
31517.75,net_banking,gateway_b,rate_limit,262,0.5221,0.6321,0,0,0.7124,0.8425,2751,0
53837.95,net_banking,gateway_b,issuer_unavailable,748,0.9085,0.225,0,2,0.9771,0.7723,159,1
70768.03,wallet,gateway_c,network_timeout,866,0.8511,0.2475,0,0,0.7868,0.6619,2435,1
45144.38,upi,gateway_a,rate_limit,338,0.8141,0.5713,0,1,0.4726,0.4838,1146,1
71467.29,net_banking,gateway_a,temporary_gateway_error,242,0.0131,0.6066,0,2,0.744,0.2336,2356,0
56770.6,upi,gateway_c,temporary_gateway_error,496,0.4505,0.8649,1,2,0.5917,0.7802,2698,1
12341.41,credit_card,gateway_a,issuer_unavailable,138,0.6039,0.5301,0,0,0.9367,0.6102,1360,0
47520.97,debit_card,gateway_c,temporary_gateway_error,272,0.1596,0.3892,1,4,0.6149,0.2865,6408,0
95738.12,wallet,gateway_c,card_expired,21,0.9747,0.3236,0,2,0.9345,0.4868,5420,0
32607.36,net_banking,gateway_a,issuer_unavailable,830,0.8918,0.5669,0,0,0.8524,0.6327,4499,0
9727.31,credit_card,gateway_b,rate_limit,425,0.7894,0.0637,1,4,0.9022,0.821,1570,1
70370.2,net_banking,gateway_c,insufficient_funds,20,0.3741,0.1501,0,0,0.3534,0.8902,1909,0
23516.53,credit_card,gateway_a,insufficient_funds,56,0.3001,0.0644,0,4,0.7702,0.7828,3134,1
13650.47,debit_card,gateway_b,insufficient_funds,361,0.1763,0.2352,0,4,0.9066,0.5805,4618,0
24521.12,debit_card,gateway_c,issuer_unavailable,558,0.9421,0.8351,0,3,0.6675,0.4947,6874,1
57927.49,net_banking,gateway_b,insufficient_funds,829,0.9148,0.7465,0,0,0.6752,0.3075,953,0
23301.21,credit_card,gateway_a,authentication_required,102,0.8371,0.5896,1,0,0.5777,0.2943,2494,0
7218.55,debit_card,gateway_b,temporary_gateway_error,372,0.243,0.4076,0,1,0.4706,0.425,5364,1
28572.22,credit_card,gateway_a,rate_limit,322,0.1889,0.2734,0,3,0.776,0.2469,6104,0
226.83,debit_card,gateway_a,temporary_gateway_error,574,0.1991,0.647,0,0,0.7136,0.6135,1743,0
98695.54,credit_card,gateway_a,insufficient_funds,382,0.97,0.1554,0,3,0.5033,0.3422,6942,0
29582.97,credit_card,gateway_c,card_expired,984,0.765,0.796,0,4,0.8016,0.7128,4964,0
61039.78,credit_card,gateway_b,authentication_required,804,0.2344,0.1824,1,1,0.3969,0.5841,6891,0
56102.13,credit_card,gateway_b,temporary_gateway_error,687,0.0437,0.4198,0,2,0.3278,0.8255,4003,0
52012.8,wallet,gateway_a,network_timeout,793,0.8012,0.9631,0,3,0.3999,0.556,859,0
1283.17,wallet,gateway_c,card_expired,445,0.4235,0.6945,0,2,0.79,0.5364,5780,0
22764.92,net_banking,gateway_b,issuer_unavailable,655,0.1512,0.212,0,4,0.9676,0.6253,3735,0
14013.43,wallet,gateway_a,card_expired,34,0.2556,0.5328,0,1,0.7223,0.2813,5771,0
70566.55,credit_card,gateway_c,card_expired,531,0.4952,0.7452,1,4,0.9591,0.2096,2957,0
90817.6,net_banking,gateway_c,network_timeout,65,0.8073,0.5314,0,0,0.9462,0.5076,3391,1
1531.65,credit_card,gateway_b,rate_limit,227,0.5494,0.3503,0,1,0.6254,0.3612,5660,1
2419.62,net_banking,gateway_c,authentication_required,892,0.6547,0.9626,1,4,0.5539,0.5066,4783,1
10388.27,credit_card,gateway_b,rate_limit,406,0.2869,0.4007,0,0,0.6597,0.8549,2526,1
77971.34,wallet,gateway_c,temporary_gateway_error,429,0.2397,0.0317,0,4,0.914,0.2738,1577,0
64591.09,upi,gateway_c,issuer_unavailable,161,0.794,0.0897,0,3,0.8986,0.6119,742,0
51152.14,debit_card,gateway_c,card_expired,40,0.4808,0.2144,0,0,0.6579,0.2022,1961,0
99877.8,credit_card,gateway_b,network_timeout,307,0.6654,0.9599,0,1,0.9445,0.3489,2518,1
35754.29,net_banking,gateway_a,temporary_gateway_error,835,0.4725,0.8615,0,0,0.6731,0.5001,6449,1
29191.99,credit_card,gateway_c,issuer_unavailable,410,0.5991,0.7233,1,3,0.474,0.675,6851,0
43827.73,upi,gateway_c,card_expired,66,0.4081,0.9371,0,3,0.7906,0.8194,6461,0
10033.88,net_banking,gateway_c,insufficient_funds,498,0.7243,0.1617,0,3,0.6133,0.8202,3383,0
67012.86,wallet,gateway_c,authentication_required,669,0.2297,0.7423,1,3,0.5402,0.8766,4475,0
66630.07,net_banking,gateway_a,suspected_fraud,30,0.4567,0.607,0,0,0.7774,0.5056,1111,0
53059.35,credit_card,gateway_c,card_expired,64,0.4141,0.4055,0,3,0.7987,0.869,7184,0
61313.34,upi,gateway_b,issuer_unavailable,184,0.1529,0.4863,0,2,0.5079,0.2611,5544,0
26189.23,upi,gateway_a,insufficient_funds,146,0.6285,0.7404,0,1,0.7589,0.7422,5371,1
65989.41,wallet,gateway_a,rate_limit,273,0.8772,0.5807,0,4,0.8055,0.3962,6139,0
780.48,debit_card,gateway_a,card_expired,488,0.2356,0.1544,0,1,0.8317,0.4511,1608,0
65267.35,credit_card,gateway_a,card_expired,415,0.622,0.0522,0,1,0.8506,0.7052,6932,0
15653.6,upi,gateway_b,rate_limit,767,0.7422,0.1232,0,3,0.9865,0.8927,4112,1
16136.28,wallet,gateway_b,card_expired,559,0.5051,0.2739,0,0,0.7355,0.6838,3858,0
25844.2,credit_card,gateway_a,issuer_unavailable,192,0.7533,0.2496,0,2,0.8847,0.7911,3212,1
24519.73,upi,gateway_b,insufficient_funds,977,0.5331,0.0008,0,4,0.5786,0.8337,6163,0
81514.45,upi,gateway_c,suspected_fraud,736,0.5818,0.085,0,4,0.9256,0.2712,5986,0
21862.64,upi,gateway_c,card_expired,717,0.7745,0.0005,0,3,0.8944,0.2139,3372,0
94165.18,wallet,gateway_c,suspected_fraud,240,0.6174,0.4767,0,2,0.9332,0.7129,3935,0
93880.13,wallet,gateway_b,network_timeout,166,0.6358,0.9358,0,3,0.7317,0.2547,6437,1
61670.47,debit_card,gateway_c,insufficient_funds,927,0.3942,0.6268,0,2,0.5196,0.4612,1699,0
47496.99,net_banking,gateway_c,card_expired,992,0.2985,0.7332,0,4,0.8447,0.5347,3252,0
22650.2,upi,gateway_c,issuer_unavailable,874,0.6638,0.7432,0,0,0.3455,0.6406,4986,1
59367.78,debit_card,gateway_a,issuer_unavailable,680,0.5591,0.1532,0,3,0.4116,0.7587,178,0
33986.06,upi,gateway_a,insufficient_funds,575,0.0379,0.0239,0,3,0.8625,0.5614,2061,1
6296.96,credit_card,gateway_b,insufficient_funds,512,0.3336,0.978,0,0,0.3097,0.6297,2857,1
71906.54,net_banking,gateway_c,insufficient_funds,987,0.2212,0.6565,0,0,0.8996,0.8233,2192,1
74045.37,upi,gateway_c,temporary_gateway_error,352,0.154,0.8164,0,4,0.3193,0.8005,2000,0
13500.94,upi,gateway_a,insufficient_funds,101,0.356,0.2291,1,2,0.7576,0.3756,1268,0
34637.67,wallet,gateway_a,network_timeout,796,0.1797,0.4652,0,3,0.5836,0.3138,6286,0
32270.04,net_banking,gateway_c,card_expired,747,0.6402,0.1546,0,1,0.7201,0.2244,4769,0
97406.97,credit_card,gateway_b,rate_limit,493,0.5068,0.1465,0,3,0.9054,0.5372,6939,0
61287.03,upi,gateway_b,suspected_fraud,395,0.6807,0.7019,0,4,0.4754,0.7334,6470,0
97516.31,debit_card,gateway_c,authentication_required,779,0.7335,0.106,1,0,0.6314,0.8265,3336,1
42494.95,debit_card,gateway_c,card_expired,965,0.6138,0.4981,0,0,0.8988,0.6362,2022,0
50299.54,credit_card,gateway_c,issuer_unavailable,768,0.3274,0.9631,0,2,0.3867,0.5818,6125,0
77844.8,upi,gateway_c,rate_limit,711,0.3408,0.8302,0,4,0.7644,0.3497,2769,0
89750.57,credit_card,gateway_a,network_timeout,550,0.669,0.9572,0,0,0.8347,0.5984,6139,1
57907.35,upi,gateway_a,suspected_fraud,258,0.6026,0.5628,0,4,0.9053,0.4937,4542,0
34848.6,net_banking,gateway_a,suspected_fraud,669,0.3304,0.778,0,3,0.7097,0.8028,1818,0
69414.04,upi,gateway_c,temporary_gateway_error,414,0.4784,0.9927,0,0,0.8195,0.4942,6534,0
95361.37,credit_card,gateway_b,network_timeout,713,0.5466,0.4476,0,2,0.6847,0.7707,5831,0
63737.15,net_banking,gateway_c,issuer_unavailable,211,0.2175,0.722,0,1,0.6727,0.297,6433,0
65115.75,net_banking,gateway_a,insufficient_funds,911,0.7461,0.7721,0,0,0.5991,0.5145,5503,0
9231.3,net_banking,gateway_a,card_expired,495,0.0134,0.5018,0,2,0.5482,0.3974,445,0
8843.24,upi,gateway_c,temporary_gateway_error,412,0.6422,0.9164,0,1,0.7431,0.8772,3163,1
84668.89,wallet,gateway_c,insufficient_funds,917,0.9668,0.1647,0,0,0.4894,0.7561,1192,0
74796.42,upi,gateway_c,issuer_unavailable,220,0.4525,0.0042,0,2,0.3239,0.4462,1918,0
36697.06,net_banking,gateway_c,temporary_gateway_error,315,0.0081,0.7817,0,4,0.4724,0.8685,2467,0
67584.94,credit_card,gateway_c,rate_limit,885,0.6682,0.5236,0,3,0.3289,0.3574,4458,0
9558.03,net_banking,gateway_c,issuer_unavailable,677,0.8996,0.6707,0,4,0.7137,0.8098,3562,1
64141.39,net_banking,gateway_a,temporary_gateway_error,148,0.2387,0.8837,0,0,0.5329,0.5892,2946,1
50027.37,upi,gateway_a,rate_limit,818,0.2127,0.3881,0,2,0.7913,0.2315,5830,1
12371.64,debit_card,gateway_a,insufficient_funds,290,0.5714,0.8169,0,1,0.4613,0.6017,2416,0
83012.93,upi,gateway_c,authentication_required,408,0.3317,0.5668,1,4,0.5341,0.3776,4752,0
61346.49,net_banking,gateway_c,temporary_gateway_error,299,0.9215,0.5287,0,1,0.5605,0.2239,2603,1
45283.49,debit_card,gateway_a,issuer_unavailable,569,0.3356,0.0305,0,4,0.5454,0.7091,846,0
24115.07,net_banking,gateway_b,issuer_unavailable,670,0.4024,0.7448,0,4,0.6687,0.2296,632,0
88226.02,debit_card,gateway_b,card_expired,511,0.034,0.6385,0,0,0.8214,0.7331,323,0
64779.42,upi,gateway_b,temporary_gateway_error,500,0.3763,0.0497,0,3,0.3356,0.2261,5638,1
50052.99,debit_card,gateway_a,rate_limit,832,0.0297,0.7819,0,1,0.4346,0.2595,3594,1
53130.52,debit_card,gateway_a,insufficient_funds,362,0.5588,0.8814,0,3,0.436,0.5448,6440,0
75839.73,net_banking,gateway_b,rate_limit,720,0.016,0.496,0,1,0.9683,0.3794,6682,0
74883.34,debit_card,gateway_b,network_timeout,313,0.7306,0.0271,0,2,0.817,0.2641,3029,0
37147.69,net_banking,gateway_b,issuer_unavailable,355,0.2955,0.5888,1,1,0.8507,0.3773,5126,1
63435.15,wallet,gateway_a,suspected_fraud,700,0.6324,0.2492,0,0,0.4844,0.6154,3466,0
71191.66,net_banking,gateway_b,rate_limit,282,0.279,0.8309,0,1,0.9641,0.4558,6201,1
30429.51,upi,gateway_a,insufficient_funds,555,0.9842,0.9356,0,1,0.8846,0.7998,1762,0
18274.28,upi,gateway_b,insufficient_funds,343,0.0145,0.4385,0,1,0.4737,0.8207,3725,1
13970.35,upi,gateway_a,card_expired,578,0.3152,0.1045,0,4,0.4472,0.8768,3875,0
94350.64,net_banking,gateway_a,card_expired,752,0.4827,0.9632,0,3,0.369,0.2646,982,0
55926.73,credit_card,gateway_b,suspected_fraud,448,0.3639,0.4295,0,3,0.5931,0.8454,7116,0
4324.96,upi,gateway_c,rate_limit,852,0.2123,0.0585,0,3,0.4247,0.4023,4740,0
72292.32,credit_card,gateway_c,suspected_fraud,469,0.8372,0.643,0,0,0.5406,0.5371,6171,0
41774.75,credit_card,gateway_c,issuer_unavailable,585,0.3512,0.0942,0,0,0.9106,0.6004,3117,1
61870.82,credit_card,gateway_b,network_timeout,197,0.0707,0.033,0,3,0.6711,0.3954,6382,1
30586.73,debit_card,gateway_a,insufficient_funds,612,0.9235,0.2241,0,2,0.6102,0.2816,4281,1
60894.91,upi,gateway_b,suspected_fraud,597,0.8152,0.1924,0,4,0.4506,0.6967,3352,0
42184.09,net_banking,gateway_c,network_timeout,255,0.2069,0.4919,0,2,0.732,0.753,4854,1
52364.01,wallet,gateway_c,network_timeout,658,0.9791,0.5191,0,0,0.881,0.8549,2339,1
89530.2,upi,gateway_b,network_timeout,369,0.696,0.1017,0,4,0.6093,0.6609,4748,0
12104.51,wallet,gateway_a,issuer_unavailable,631,0.4561,0.9268,0,2,0.8838,0.6027,2280,1
16762.57,credit_card,gateway_a,temporary_gateway_error,637,0.4979,0.1338,0,1,0.9759,0.3927,4163,1
75115.19,wallet,gateway_a,card_expired,227,0.3513,0.3182,0,0,0.3539,0.7728,1550,0
30924.76,net_banking,gateway_c,card_expired,435,0.0674,0.1656,0,3,0.6154,0.2037,2760,0
43572.88,upi,gateway_c,card_expired,871,0.0626,0.4467,0,0,0.4817,0.3131,1997,0
40986.98,net_banking,gateway_b,issuer_unavailable,118,0.1854,0.4035,0,0,0.3555,0.4735,5304,0
76168.76,debit_card,gateway_a,rate_limit,314,0.6457,0.558,0,1,0.3358,0.2932,1063,0
26037.66,wallet,gateway_a,suspected_fraud,279,0.3842,0.3605,0,4,0.7375,0.2681,3222,0
95006.54,net_banking,gateway_a,suspected_fraud,662,0.5759,0.5813,0,1,0.9233,0.8189,2373,0
22405.27,net_banking,gateway_c,authentication_required,835,0.5788,0.0962,1,0,0.7365,0.6611,422,1
17738.47,wallet,gateway_a,authentication_required,171,0.3695,0.4984,1,0,0.7842,0.3392,3355,1
90511.68,upi,gateway_a,network_timeout,809,0.8795,0.8753,0,3,0.9096,0.7776,3632,0
42056.58,credit_card,gateway_a,suspected_fraud,133,0.1225,0.5586,0,2,0.6763,0.7853,5444,0
62724.73,credit_card,gateway_c,network_timeout,95,0.3728,0.3674,0,1,0.8932,0.4125,917,1
42095.03,wallet,gateway_c,insufficient_funds,683,0.8839,0.1988,0,4,0.5612,0.5096,4375,0
37756.43,wallet,gateway_b,temporary_gateway_error,281,0.7319,0.597,0,3,0.4606,0.7309,6769,1
72034.74,debit_card,gateway_b,card_expired,301,0.0128,0.4219,0,0,0.5446,0.4529,173,0
16484.05,upi,gateway_c,rate_limit,703,0.9134,0.7946,0,2,0.432,0.4793,3979,0
94095.1,credit_card,gateway_c,rate_limit,350,0.6191,0.4938,0,3,0.3622,0.3402,4515,0
55565.78,net_banking,gateway_c,card_expired,947,0.0439,0.9024,0,3,0.6263,0.7391,6569,0
9023.45,wallet,gateway_a,insufficient_funds,789,0.4632,0.2891,0,3,0.7116,0.7476,3124,0
44100.36,upi,gateway_c,temporary_gateway_error,425,0.6767,0.9477,0,0,0.7535,0.5136,2057,1
60492.16,credit_card,gateway_b,rate_limit,390,0.6243,0.7528,0,3,0.5958,0.8459,4188,0
38214.95,net_banking,gateway_c,network_timeout,951,0.3355,0.5295,0,0,0.5807,0.2225,4381,0
9106.44,credit_card,gateway_b,temporary_gateway_error,242,0.6306,0.8933,1,2,0.6651,0.6348,4882,0
83070.89,net_banking,gateway_c,network_timeout,126,0.2234,0.8446,0,2,0.6183,0.4474,7060,1
82590.95,debit_card,gateway_a,card_expired,624,0.288,0.7799,0,2,0.6105,0.7934,4227,0
59690.55,wallet,gateway_b,temporary_gateway_error,946,0.9355,0.0836,0,4,0.3903,0.5829,4718,1
20118.63,wallet,gateway_c,authentication_required,128,0.4555,0.2439,1,3,0.3122,0.6566,5825,0
91374.51,wallet,gateway_b,card_expired,805,0.4296,0.4263,1,4,0.9841,0.3476,6679,0
54025.26,upi,gateway_b,suspected_fraud,490,0.6063,0.7894,0,0,0.493,0.2836,536,0
15066.09,upi,gateway_a,temporary_gateway_error,353,0.913,0.8716,0,2,0.8523,0.2362,123,0
25515.39,upi,gateway_b,insufficient_funds,113,0.7369,0.1331,0,3,0.9394,0.7408,154,1
47803.26,net_banking,gateway_b,authentication_required,105,0.4659,0.3707,1,4,0.9553,0.359,1661,0
2138.05,wallet,gateway_c,temporary_gateway_error,157,0.702,0.5491,0,3,0.941,0.3484,3448,1
13664.79,wallet,gateway_c,suspected_fraud,587,0.4073,0.5893,0,4,0.7101,0.6109,4168,0
45455.99,debit_card,gateway_c,authentication_required,664,0.9492,0.082,1,3,0.9011,0.4722,6829,0
49613.54,debit_card,gateway_a,temporary_gateway_error,820,0.0075,0.8915,0,1,0.6333,0.3705,4419,1
42763.0,upi,gateway_c,temporary_gateway_error,593,0.0315,0.7135,0,1,0.6458,0.2258,6571,0
61395.41,wallet,gateway_c,insufficient_funds,395,0.5488,0.8685,0,4,0.8835,0.3177,401,0
24162.56,wallet,gateway_a,rate_limit,938,0.8095,0.6846,0,3,0.7078,0.2321,1603,1
88836.09,net_banking,gateway_c,card_expired,211,0.0418,0.0036,0,1,0.3814,0.763,2605,0
64759.29,upi,gateway_a,network_timeout,904,0.4332,0.6791,1,1,0.6105,0.408,3744,0
56585.7,net_banking,gateway_c,temporary_gateway_error,148,0.6807,0.4573,0,0,0.8765,0.5117,5302,0
66367.6,debit_card,gateway_a,rate_limit,371,0.8925,0.424,0,0,0.5107,0.8362,7084,0
28538.03,upi,gateway_b,temporary_gateway_error,88,0.2532,0.8873,0,4,0.3399,0.5622,1679,0
86732.15,net_banking,gateway_a,card_expired,123,0.3728,0.6152,0,4,0.8567,0.224,1951,0
32532.16,net_banking,gateway_c,authentication_required,360,0.2434,0.0074,1,4,0.857,0.3284,5088,0
9026.08,upi,gateway_c,authentication_required,304,0.2895,0.8569,1,1,0.4656,0.5179,764,1
95484.85,debit_card,gateway_a,temporary_gateway_error,871,0.1278,0.2719,0,4,0.6092,0.3278,2527,0
52422.77,credit_card,gateway_a,network_timeout,921,0.4772,0.8213,0,4,0.9595,0.8978,2644,1
98412.0,wallet,gateway_b,rate_limit,332,0.4557,0.0409,1,2,0.4879,0.8242,1139,1
94677.61,net_banking,gateway_a,suspected_fraud,536,0.8394,0.4157,0,4,0.7504,0.6628,5562,0
39050.87,upi,gateway_a,suspected_fraud,906,0.9315,0.1132,0,4,0.8005,0.379,1890,0
81686.22,upi,gateway_a,issuer_unavailable,365,0.9134,0.1039,0,4,0.479,0.6187,1701,0
98877.1,upi,gateway_c,suspected_fraud,829,0.4326,0.7483,0,2,0.953,0.8853,2321,0
81186.85,net_banking,gateway_a,card_expired,159,0.4028,0.5971,0,2,0.742,0.3989,1961,0
54108.26,upi,gateway_a,temporary_gateway_error,946,0.9764,0.8058,0,1,0.6614,0.7381,3246,1
45495.95,debit_card,gateway_c,card_expired,684,0.075,0.1071,0,3,0.4252,0.8417,6692,0
14721.78,credit_card,gateway_a,rate_limit,501,0.787,0.4913,0,3,0.4731,0.71,956,0
83589.47,upi,gateway_c,temporary_gateway_error,157,0.4082,0.9033,0,0,0.5986,0.2533,2643,1
53388.79,credit_card,gateway_a,card_expired,989,0.1464,0.9501,0,1,0.4122,0.5172,362,0
23731.68,net_banking,gateway_b,network_timeout,780,0.2095,0.5873,0,2,0.7257,0.5606,5785,0
88243.94,wallet,gateway_a,network_timeout,252,0.7185,0.6402,0,1,0.4344,0.401,4550,1
42750.85,upi,gateway_b,authentication_required,865,0.8522,0.7492,1,4,0.8336,0.8012,3207,0
23546.62,net_banking,gateway_b,authentication_required,368,0.6852,0.9021,1,1,0.5395,0.7506,4950,1
35259.17,debit_card,gateway_c,insufficient_funds,804,0.8557,0.3269,0,0,0.8906,0.2743,3863,0
59268.87,credit_card,gateway_b,network_timeout,273,0.3723,0.3211,0,0,0.3698,0.658,4900,1
10753.05,net_banking,gateway_c,authentication_required,801,0.691,0.0981,1,4,0.3526,0.2958,6390,1
91571.08,credit_card,gateway_b,authentication_required,421,0.1613,0.548,1,4,0.9849,0.6187,5352,1
92607.89,credit_card,gateway_b,authentication_required,771,0.1479,0.7919,1,4,0.5621,0.2147,701,0
12555.96,debit_card,gateway_c,suspected_fraud,815,0.4173,0.6206,0,2,0.6768,0.3161,1876,0
48757.13,debit_card,gateway_b,temporary_gateway_error,730,0.9037,0.3479,0,4,0.3092,0.4748,3771,1
40894.55,upi,gateway_b,suspected_fraud,744,0.2369,0.5194,0,0,0.5954,0.3444,4473,0
39706.74,debit_card,gateway_b,rate_limit,427,0.8984,0.7394,0,4,0.5164,0.2348,809,0
3002.11,credit_card,gateway_a,temporary_gateway_error,369,0.7441,0.4258,0,1,0.6146,0.8727,3888,1
72084.24,net_banking,gateway_a,rate_limit,852,0.8466,0.4043,0,3,0.9263,0.6935,2820,1
90424.76,credit_card,gateway_c,issuer_unavailable,572,0.7771,0.851,1,2,0.9563,0.6261,785,0
24267.12,debit_card,gateway_b,authentication_required,117,0.2141,0.1027,1,1,0.9099,0.7283,6679,1
24047.99,upi,gateway_c,temporary_gateway_error,93,0.0209,0.7168,0,0,0.8421,0.5138,4239,1
64716.82,wallet,gateway_b,temporary_gateway_error,215,0.6828,0.4283,0,3,0.4828,0.7184,5184,1
39583.88,net_banking,gateway_b,card_expired,121,0.036,0.7918,0,2,0.8887,0.8651,4242,0
52248.15,wallet,gateway_b,issuer_unavailable,281,0.0174,0.2256,0,3,0.7392,0.8861,3789,0
80743.5,wallet,gateway_a,authentication_required,713,0.175,0.618,1,0,0.8533,0.6054,4269,0
16633.63,credit_card,gateway_a,network_timeout,732,0.9958,0.238,0,2,0.8231,0.5573,4733,1
30835.78,upi,gateway_a,issuer_unavailable,233,0.5012,0.0477,0,4,0.9897,0.8151,5513,1
44439.71,debit_card,gateway_b,card_expired,730,0.041,0.9617,0,0,0.7831,0.8446,6125,0
70916.38,upi,gateway_a,card_expired,944,0.945,0.9002,0,1,0.6849,0.3331,4570,0
15443.02,credit_card,gateway_b,insufficient_funds,174,0.4728,0.087,0,4,0.7732,0.5628,6527,0
60446.67,debit_card,gateway_c,network_timeout,802,0.7363,0.8439,0,1,0.3248,0.586,5773,1
57974.23,debit_card,gateway_c,insufficient_funds,716,0.4981,0.9481,0,1,0.4271,0.7917,516,0
74436.13,net_banking,gateway_b,issuer_unavailable,627,0.6386,0.9146,0,2,0.7716,0.4774,4803,1
95383.75,debit_card,gateway_c,insufficient_funds,149,0.2537,0.7726,0,0,0.8088,0.587,4989,1
1124.5,net_banking,gateway_b,rate_limit,714,0.5762,0.8436,0,1,0.8466,0.3189,4046,1
77171.84,upi,gateway_c,insufficient_funds,213,0.7057,0.2761,0,2,0.4377,0.5054,2873,0
94054.89,debit_card,gateway_c,insufficient_funds,681,0.4037,0.9467,0,0,0.6292,0.8108,4603,0
30854.11,credit_card,gateway_b,authentication_required,329,0.3949,0.7307,1,1,0.3759,0.2396,5099,1
57591.21,upi,gateway_c,card_expired,471,0.812,0.5078,0,4,0.7596,0.6328,7118,0
91750.05,upi,gateway_c,authentication_required,640,0.9009,0.4872,1,1,0.8892,0.3261,1658,0
38166.62,wallet,gateway_b,authentication_required,867,0.9096,0.3773,1,3,0.7688,0.4211,6403,0
63936.83,wallet,gateway_c,suspected_fraud,655,0.7266,0.7469,0,2,0.7115,0.8819,6119,0
7002.18,credit_card,gateway_c,issuer_unavailable,694,0.5631,0.8681,0,3,0.9952,0.7939,2726,1
65052.7,debit_card,gateway_c,suspected_fraud,63,0.289,0.5519,0,4,0.3247,0.7547,6258,0
66543.92,wallet,gateway_c,insufficient_funds,161,0.9844,0.1083,0,1,0.5615,0.3219,541,0
77684.0,upi,gateway_c,card_expired,311,0.2627,0.4928,0,2,0.6359,0.3001,4535,0
6567.65,net_banking,gateway_b,temporary_gateway_error,633,0.9611,0.2057,0,0,0.8029,0.5394,3204,1
53077.17,net_banking,gateway_c,issuer_unavailable,773,0.2618,0.983,0,1,0.3618,0.3841,6949,1
69640.35,wallet,gateway_a,insufficient_funds,519,0.9391,0.1781,0,1,0.5952,0.2358,69,1
56595.81,credit_card,gateway_c,insufficient_funds,303,0.082,0.6701,0,0,0.6887,0.8842,1641,0
65422.99,wallet,gateway_c,insufficient_funds,311,0.5885,0.7979,0,0,0.8682,0.6018,6881,0
95830.45,net_banking,gateway_a,rate_limit,267,0.0911,0.6374,0,2,0.6049,0.6332,2066,1
46754.17,upi,gateway_a,temporary_gateway_error,240,0.0013,0.2057,1,2,0.7018,0.8931,252,1
39663.11,wallet,gateway_c,card_expired,666,0.477,0.9821,0,2,0.5443,0.7702,4041,0
13216.87,debit_card,gateway_c,authentication_required,973,0.7083,0.0588,1,4,0.8311,0.8399,1464,1
13147.45,credit_card,gateway_b,network_timeout,932,0.9309,0.624,0,1,0.7516,0.7938,4030,1
97251.35,net_banking,gateway_c,temporary_gateway_error,182,0.7536,0.9445,0,0,0.5601,0.8007,2699,1
60155.3,net_banking,gateway_c,rate_limit,450,0.182,0.0454,0,2,0.8712,0.3461,7057,1
66415.67,upi,gateway_b,rate_limit,88,0.0653,0.6429,0,3,0.5231,0.5419,3953,0
3250.66,debit_card,gateway_b,rate_limit,503,0.703,0.1968,0,2,0.8788,0.8836,2306,1
62565.23,debit_card,gateway_b,card_expired,979,0.7471,0.0706,0,0,0.4091,0.6769,1415,0
45099.79,upi,gateway_b,network_timeout,376,0.9485,0.2803,0,2,0.692,0.2915,6803,0
80336.58,net_banking,gateway_b,authentication_required,610,0.8636,0.7359,1,2,0.8996,0.3953,4912,1
19038.36,credit_card,gateway_b,insufficient_funds,473,0.0075,0.6678,0,4,0.6823,0.8703,3027,0
98708.77,debit_card,gateway_c,issuer_unavailable,157,0.8811,0.4072,0,3,0.9895,0.2187,5936,1
46090.32,debit_card,gateway_a,insufficient_funds,172,0.3185,0.618,0,3,0.4818,0.8822,6920,0
74805.64,wallet,gateway_b,issuer_unavailable,424,0.9737,0.0292,0,4,0.3633,0.3993,4850,0
93361.94,debit_card,gateway_a,network_timeout,171,0.5592,0.5474,0,1,0.6437,0.8445,995,1
94905.53,credit_card,gateway_a,network_timeout,924,0.5572,0.8868,0,1,0.4528,0.574,1249,0
49289.26,wallet,gateway_c,network_timeout,42,0.072,0.837,0,1,0.7865,0.6413,385,1
29363.22,wallet,gateway_b,issuer_unavailable,762,0.3302,0.5572,0,0,0.6939,0.5997,4413,0
79501.37,wallet,gateway_b,rate_limit,769,0.3383,0.2417,0,1,0.8686,0.5667,3742,1
7447.37,upi,gateway_c,authentication_required,547,0.5176,0.5904,1,2,0.698,0.5938,6224,0
72608.87,wallet,gateway_a,rate_limit,211,0.4336,0.1348,1,4,0.549,0.3865,5899,0
4820.33,debit_card,gateway_a,authentication_required,676,0.2194,0.0265,1,2,0.9632,0.2814,5314,0
4368.0,debit_card,gateway_b,temporary_gateway_error,405,0.802,0.3095,0,3,0.8884,0.4417,4340,1
99127.26,credit_card,gateway_a,network_timeout,967,0.8013,0.0725,0,1,0.3819,0.4947,1416,1
72724.79,wallet,gateway_b,rate_limit,97,0.0515,0.9498,0,2,0.9005,0.5437,283,0
68296.57,upi,gateway_c,network_timeout,340,0.5196,0.1973,0,3,0.763,0.2418,673,1
66599.77,credit_card,gateway_c,authentication_required,479,0.3646,0.4743,1,4,0.9238,0.4426,1161,0
12545.57,wallet,gateway_b,authentication_required,684,0.0078,0.9485,1,2,0.5034,0.4149,2438,0
91158.68,debit_card,gateway_c,temporary_gateway_error,901,0.8551,0.1586,0,0,0.631,0.3079,2735,0
85865.97,debit_card,gateway_b,rate_limit,79,0.7923,0.7968,0,2,0.5084,0.3474,4086,0
71289.81,net_banking,gateway_c,insufficient_funds,842,0.7152,0.3824,0,4,0.6163,0.8798,6882,0
80774.04,net_banking,gateway_a,authentication_required,131,0.2703,0.1224,1,2,0.8441,0.3433,1103,1
6931.18,upi,gateway_a,rate_limit,864,0.8457,0.0192,0,3,0.7376,0.3811,4309,1
72154.21,credit_card,gateway_a,rate_limit,502,0.6128,0.5577,0,4,0.4482,0.6816,5080,1
81908.7,credit_card,gateway_a,rate_limit,757,0.7525,0.3757,0,3,0.5086,0.4561,2087,0
7526.52,debit_card,gateway_b,issuer_unavailable,274,0.4592,0.3189,0,4,0.7592,0.4197,557,1
19936.09,debit_card,gateway_a,issuer_unavailable,864,0.2955,0.8128,0,2,0.3048,0.4574,26,0
67982.64,upi,gateway_b,authentication_required,426,0.2753,0.6429,1,3,0.3244,0.5872,4172,0
34261.14,debit_card,gateway_b,network_timeout,792,0.3709,0.2864,0,0,0.4294,0.4649,7091,1
28355.13,upi,gateway_a,rate_limit,829,0.9158,0.1162,0,0,0.5156,0.82,1548,1
5275.44,credit_card,gateway_a,card_expired,351,0.8844,0.0887,0,3,0.588,0.8109,6965,0
94698.97,upi,gateway_b,temporary_gateway_error,958,0.1655,0.6768,0,3,0.318,0.5555,1078,1
25069.08,wallet,gateway_a,authentication_required,451,0.7264,0.5077,1,0,0.7407,0.3384,2717,1
78497.21,wallet,gateway_b,insufficient_funds,348,0.9126,0.8749,0,4,0.6397,0.853,6727,0
14003.14,credit_card,gateway_c,suspected_fraud,508,0.0248,0.7684,0,3,0.7541,0.624,225,0
74368.14,credit_card,gateway_b,rate_limit,168,0.0064,0.9997,0,0,0.5899,0.8739,6416,1
96567.86,net_banking,gateway_b,card_expired,296,0.0297,0.4486,0,0,0.8847,0.3867,4061,0
22951.47,debit_card,gateway_c,issuer_unavailable,348,0.3118,0.2342,0,0,0.798,0.8358,3757,1
52803.26,net_banking,gateway_c,card_expired,887,0.6951,0.183,0,2,0.8258,0.2551,4496,0
94299.38,credit_card,gateway_c,temporary_gateway_error,965,0.8592,0.8605,0,2,0.6658,0.2937,2059,1
69197.31,credit_card,gateway_a,authentication_required,94,0.8596,0.8516,1,1,0.3191,0.773,6953,1
75080.45,credit_card,gateway_a,suspected_fraud,137,0.8758,0.8753,0,3,0.9226,0.6987,3044,0
43034.98,upi,gateway_b,issuer_unavailable,859,0.8828,0.5436,0,4,0.6223,0.496,4385,0
41018.89,wallet,gateway_b,network_timeout,936,0.2446,0.1935,0,2,0.822,0.2769,3603,0
50156.9,net_banking,gateway_b,temporary_gateway_error,300,0.5008,0.5852,0,1,0.61,0.4317,4074,1
53427.86,credit_card,gateway_c,card_expired,862,0.7857,0.5363,0,2,0.9771,0.8964,7031,0
74532.71,net_banking,gateway_a,insufficient_funds,121,0.3632,0.1651,0,0,0.4249,0.5473,3177,1
17030.71,wallet,gateway_b,temporary_gateway_error,522,0.3443,0.4227,0,0,0.7645,0.2341,7047,0
11739.8,upi,gateway_b,temporary_gateway_error,482,0.1335,0.5575,0,4,0.7575,0.3634,481,0
24351.0,wallet,gateway_b,authentication_required,320,0.0466,0.4815,1,4,0.3771,0.3174,6050,0
20013.64,net_banking,gateway_b,rate_limit,187,0.0705,0.0176,0,0,0.5045,0.8118,776,1
38224.31,net_banking,gateway_a,issuer_unavailable,424,0.9727,0.5685,1,3,0.6882,0.7439,5716,1
91061.73,debit_card,gateway_b,network_timeout,441,0.5107,0.6431,0,1,0.4562,0.8446,5405,1
99765.5,upi,gateway_b,network_timeout,666,0.4822,0.9525,0,1,0.9325,0.6762,3041,1
75937.81,wallet,gateway_b,card_expired,978,0.5837,0.0082,0,3,0.6852,0.3126,5934,0
403.09,net_banking,gateway_a,authentication_required,504,0.9823,0.586,1,0,0.7606,0.5631,5117,0
33858.83,credit_card,gateway_c,network_timeout,892,0.2698,0.4167,0,3,0.4885,0.6067,6700,1
16903.12,debit_card,gateway_b,issuer_unavailable,997,0.2892,0.3964,0,1,0.3603,0.6641,4519,0
568.41,net_banking,gateway_c,network_timeout,680,0.0457,0.9175,0,2,0.6894,0.8698,892,1
42310.53,credit_card,gateway_b,card_expired,155,0.7775,0.9121,0,0,0.4331,0.8424,7185,0
90457.26,wallet,gateway_a,authentication_required,362,0.0203,0.3026,1,0,0.9887,0.6828,3142,0
39686.73,net_banking,gateway_c,card_expired,696,0.2797,0.7523,0,2,0.406,0.5866,5374,0
79210.23,debit_card,gateway_b,temporary_gateway_error,429,0.0498,0.892,0,0,0.6327,0.4794,3581,1
15641.74,debit_card,gateway_a,network_timeout,180,0.1264,0.824,0,2,0.7059,0.2286,2398,1
85822.92,upi,gateway_c,temporary_gateway_error,133,0.0585,0.1471,0,3,0.731,0.7554,755,0
44723.23,debit_card,gateway_c,insufficient_funds,257,0.8521,0.3235,0,3,0.479,0.8005,6955,0
83400.19,net_banking,gateway_a,suspected_fraud,437,0.6029,0.4057,0,3,0.4661,0.6691,3829,0
1367.67,wallet,gateway_a,authentication_required,753,0.5306,0.7265,1,4,0.5308,0.2246,3797,1
1070.35,net_banking,gateway_a,network_timeout,923,0.3993,0.0629,0,2,0.3408,0.2549,1301,0
84197.1,debit_card,gateway_b,card_expired,555,0.2781,0.5843,0,3,0.3955,0.8104,6210,0
50456.42,debit_card,gateway_c,network_timeout,773,0.4225,0.6611,0,2,0.9635,0.494,2124,0
3127.85,credit_card,gateway_c,insufficient_funds,71,0.7014,0.0567,0,4,0.3983,0.6849,1805,0
72749.71,wallet,gateway_b,authentication_required,336,0.1266,0.6372,1,3,0.4159,0.6011,2501,0
72196.7,debit_card,gateway_a,suspected_fraud,86,0.7297,0.1057,0,0,0.4063,0.2148,3133,0
37063.9,wallet,gateway_b,rate_limit,666,0.8697,0.0896,0,4,0.4509,0.3755,3059,0
62487.79,net_banking,gateway_a,card_expired,654,0.4132,0.7876,0,1,0.4027,0.2682,3141,0
45037.6,net_banking,gateway_c,network_timeout,153,0.7734,0.3591,0,3,0.951,0.2475,5035,0
29218.34,net_banking,gateway_a,authentication_required,742,0.2978,0.635,1,0,0.9266,0.8656,4900,0
57935.04,net_banking,gateway_a,card_expired,689,0.7473,0.8157,0,4,0.4344,0.2721,5104,0
47650.34,upi,gateway_c,network_timeout,410,0.2556,0.5862,0,1,0.6413,0.6414,5016,1
40024.53,debit_card,gateway_b,rate_limit,586,0.9019,0.7167,0,4,0.4369,0.5594,5463,0
94948.85,upi,gateway_a,suspected_fraud,528,0.5478,0.1198,0,0,0.4048,0.6703,423,0
61318.22,credit_card,gateway_c,insufficient_funds,862,0.033,0.5061,0,4,0.593,0.6531,6584,0
49319.91,wallet,gateway_c,insufficient_funds,947,0.3589,0.7215,0,3,0.6707,0.3815,1167,1
27161.51,debit_card,gateway_b,rate_limit,631,0.1662,0.9284,0,1,0.5965,0.7126,6938,0
44413.83,debit_card,gateway_c,card_expired,244,0.8846,0.8863,0,4,0.5119,0.4093,2942,0
76833.21,net_banking,gateway_b,suspected_fraud,354,0.5018,0.022,0,3,0.4034,0.2078,2340,0
24074.92,net_banking,gateway_a,issuer_unavailable,184,0.613,0.5935,0,2,0.7179,0.7707,6125,0
29299.58,net_banking,gateway_b,issuer_unavailable,684,0.421,0.1814,0,2,0.6255,0.6161,1106,0
23279.34,net_banking,gateway_a,issuer_unavailable,839,0.9839,0.4129,0,3,0.5213,0.2047,5359,0
13644.63,wallet,gateway_a,card_expired,917,0.207,0.5415,0,1,0.3168,0.3216,1589,0
67130.18,credit_card,gateway_b,authentication_required,498,0.3541,0.2329,1,3,0.9243,0.6555,4769,0
79046.2,credit_card,gateway_c,issuer_unavailable,534,0.0654,0.7273,0,2,0.7558,0.3321,2152,1
31593.01,net_banking,gateway_c,rate_limit,109,0.1,0.5412,0,3,0.9842,0.8346,3767,0
56567.06,upi,gateway_b,issuer_unavailable,642,0.0085,0.0437,0,1,0.885,0.2858,3166,1
76267.54,credit_card,gateway_a,issuer_unavailable,273,0.7909,0.779,0,2,0.675,0.7647,2057,0
69555.21,upi,gateway_a,suspected_fraud,941,0.4108,0.1312,0,0,0.3813,0.8167,2699,0
99357.09,net_banking,gateway_a,network_timeout,416,0.8022,0.7344,0,0,0.3069,0.7788,833,0
53412.69,debit_card,gateway_a,network_timeout,212,0.7771,0.0209,0,3,0.5135,0.5783,6764,1
70666.59,credit_card,gateway_c,network_timeout,906,0.5669,0.2653,0,4,0.8715,0.8002,2122,0
95921.79,net_banking,gateway_c,card_expired,897,0.9336,0.4289,0,0,0.3977,0.6079,7182,0
28011.34,debit_card,gateway_c,card_expired,165,0.0406,0.9772,0,1,0.4295,0.3623,2089,0
27264.89,debit_card,gateway_b,network_timeout,988,0.5927,0.1024,0,1,0.523,0.4375,566,0
57898.25,credit_card,gateway_a,network_timeout,538,0.3357,0.4815,0,0,0.7698,0.4071,7016,0
9720.69,upi,gateway_a,insufficient_funds,158,0.5666,0.1635,0,4,0.5594,0.5894,1166,0
63300.52,credit_card,gateway_c,insufficient_funds,508,0.4523,0.238,1,4,0.8275,0.2779,5816,0
10879.37,debit_card,gateway_b,insufficient_funds,470,0.0044,0.4697,0,1,0.5635,0.2507,2541,0
66039.9,upi,gateway_b,network_timeout,828,0.324,0.5061,0,1,0.6888,0.5927,2549,1
24348.1,upi,gateway_b,rate_limit,165,0.7978,0.862,0,0,0.3522,0.5716,4450,0
80690.95,wallet,gateway_a,authentication_required,701,0.5055,0.4388,1,0,0.6313,0.4889,4257,0
21939.47,wallet,gateway_b,network_timeout,153,0.1575,0.6992,0,2,0.5828,0.5957,5520,1
74581.96,upi,gateway_c,authentication_required,796,0.6118,0.8321,1,1,0.3615,0.5613,2486,0
87634.65,wallet,gateway_a,card_expired,614,0.954,0.5593,0,0,0.6878,0.6886,4742,0
94246.15,wallet,gateway_a,insufficient_funds,807,0.0345,0.2634,0,3,0.4771,0.6005,5842,1
49470.89,wallet,gateway_c,insufficient_funds,501,0.1397,0.034,0,2,0.4834,0.2172,5263,0
47082.44,wallet,gateway_a,network_timeout,673,0.9535,0.4836,0,4,0.3086,0.797,2499,0
64968.59,credit_card,gateway_b,insufficient_funds,714,0.8662,0.6744,0,2,0.5675,0.2936,5284,0
2474.87,wallet,gateway_b,insufficient_funds,711,0.0979,0.7082,0,4,0.8204,0.6916,7039,0
55603.57,debit_card,gateway_b,temporary_gateway_error,177,0.3175,0.9155,0,0,0.9003,0.6678,2458,1
21304.94,net_banking,gateway_a,authentication_required,123,0.2893,0.3161,1,3,0.9782,0.238,6482,0
18996.49,wallet,gateway_c,insufficient_funds,484,0.4847,0.2063,0,1,0.6922,0.4376,1160,0
52578.06,upi,gateway_c,issuer_unavailable,200,0.013,0.5731,0,3,0.5629,0.892,465,0
84388.1,net_banking,gateway_b,temporary_gateway_error,683,0.4404,0.868,0,0,0.4819,0.4444,1832,0
52386.03,credit_card,gateway_b,rate_limit,608,0.9303,0.384,0,3,0.4159,0.4853,4955,1
42507.27,credit_card,gateway_a,network_timeout,820,0.384,0.5531,0,0,0.7285,0.8647,3095,1
33569.31,wallet,gateway_c,issuer_unavailable,293,0.0793,0.5838,0,3,0.8952,0.3476,4527,0
31669.73,upi,gateway_a,rate_limit,498,0.7215,0.8907,0,2,0.9539,0.7182,4774,1
12922.41,net_banking,gateway_a,insufficient_funds,151,0.9509,0.1121,0,4,0.8286,0.5927,4866,0
74230.44,wallet,gateway_a,insufficient_funds,333,0.8941,0.4786,0,3,0.5895,0.3741,6518,0
84378.21,wallet,gateway_b,network_timeout,266,0.7127,0.2545,0,4,0.5021,0.8933,1011,0
43890.34,net_banking,gateway_c,issuer_unavailable,21,0.6543,0.4191,0,3,0.6402,0.8283,1409,1
5228.56,upi,gateway_a,issuer_unavailable,728,0.7828,0.3775,0,0,0.9444,0.5857,499,1
77879.62,net_banking,gateway_a,temporary_gateway_error,217,0.4535,0.4433,0,2,0.795,0.8185,6227,1
23757.78,wallet,gateway_a,insufficient_funds,294,0.4936,0.4912,1,1,0.3109,0.3351,4217,0
19674.92,wallet,gateway_b,authentication_required,403,0.6464,0.1496,1,0,0.3049,0.8739,532,1
522.15,net_banking,gateway_a,issuer_unavailable,830,0.6697,0.9798,0,3,0.3537,0.6098,6950,0
21017.8,credit_card,gateway_a,suspected_fraud,420,0.8494,0.8161,0,4,0.8359,0.2662,1980,0
71723.4,upi,gateway_a,issuer_unavailable,975,0.4149,0.3035,0,1,0.7736,0.8972,667,0
21163.51,wallet,gateway_c,issuer_unavailable,88,0.276,0.6093,0,0,0.3326,0.6249,5634,1
78389.89,debit_card,gateway_a,network_timeout,897,0.5979,0.0188,0,4,0.7349,0.784,6769,0
55441.44,upi,gateway_c,insufficient_funds,847,0.9473,0.5344,0,0,0.8434,0.8613,5643,1
12034.78,credit_card,gateway_c,rate_limit,575,0.859,0.0519,0,2,0.7265,0.4036,4511,1
16022.84,credit_card,gateway_a,rate_limit,32,0.4881,0.6629,0,2,0.3578,0.5964,5170,1
80793.54,net_banking,gateway_c,suspected_fraud,645,0.3952,0.3865,0,1,0.7595,0.2687,6425,0
37391.72,credit_card,gateway_a,authentication_required,390,0.624,0.8361,1,1,0.7443,0.6049,1989,0
51238.08,credit_card,gateway_c,card_expired,938,0.2466,0.7854,0,3,0.5225,0.7965,7099,0
48265.29,upi,gateway_c,issuer_unavailable,708,0.2477,0.3366,0,4,0.6851,0.2388,4703,0
97716.26,net_banking,gateway_c,insufficient_funds,349,0.1265,0.746,0,4,0.305,0.611,6267,0
99927.74,upi,gateway_a,temporary_gateway_error,751,0.2643,0.6249,0,1,0.3457,0.6515,3263,0
12992.05,credit_card,gateway_c,network_timeout,471,0.5383,0.1913,0,0,0.4577,0.7629,5103,1
82860.13,debit_card,gateway_b,temporary_gateway_error,522,0.4372,0.0159,0,2,0.5033,0.7848,1988,1
33188.85,wallet,gateway_a,temporary_gateway_error,347,0.6991,0.3609,0,1,0.5324,0.8808,1147,1
57473.99,wallet,gateway_a,network_timeout,681,0.7957,0.0442,0,3,0.8614,0.498,5470,0
9899.99,upi,gateway_a,authentication_required,209,0.7687,0.4942,1,1,0.9002,0.3194,1336,0
81574.35,net_banking,gateway_c,rate_limit,515,0.5022,0.12,0,2,0.6994,0.2508,2804,1
43695.45,wallet,gateway_c,insufficient_funds,396,0.2629,0.9595,0,3,0.9685,0.6027,3555,0
41115.49,credit_card,gateway_a,network_timeout,556,0.1787,0.6348,0,4,0.575,0.8496,1721,0
79579.58,net_banking,gateway_b,card_expired,236,0.7186,0.8862,0,1,0.4461,0.2043,712,0
58796.58,debit_card,gateway_a,temporary_gateway_error,259,0.7001,0.9598,0,0,0.436,0.8853,1545,1
38131.18,debit_card,gateway_c,suspected_fraud,817,0.7525,0.4187,0,0,0.8854,0.2045,6894,0
54829.2,credit_card,gateway_b,network_timeout,945,0.02,0.3061,0,3,0.3847,0.3896,1843,0
99398.77,debit_card,gateway_b,network_timeout,963,0.6333,0.0545,0,3,0.7678,0.3259,5037,0
20296.16,net_banking,gateway_a,rate_limit,907,0.7366,0.9079,0,4,0.6768,0.271,24,1
51312.51,debit_card,gateway_b,authentication_required,850,0.1453,0.4668,1,0,0.6272,0.3883,6148,0
45469.67,credit_card,gateway_b,insufficient_funds,535,0.2207,0.2513,0,4,0.3343,0.8243,6433,0
89197.98,upi,gateway_c,rate_limit,530,0.0342,0.248,0,2,0.9881,0.4996,5857,1
82631.86,debit_card,gateway_c,issuer_unavailable,218,0.6079,0.8996,0,1,0.5729,0.6161,3044,1
11401.57,debit_card,gateway_a,issuer_unavailable,325,0.1408,0.0626,0,4,0.9751,0.7228,4751,0
61966.48,upi,gateway_a,rate_limit,114,0.6642,0.6426,0,2,0.8647,0.4913,4726,1
87549.95,debit_card,gateway_c,insufficient_funds,968,0.8051,0.6927,0,2,0.5101,0.3848,5511,0
28634.64,wallet,gateway_b,suspected_fraud,287,0.9647,0.5755,0,2,0.6563,0.4821,293,0
85309.05,debit_card,gateway_a,issuer_unavailable,39,0.6978,0.51,0,3,0.8317,0.6235,6440,1
93867.19,wallet,gateway_b,issuer_unavailable,739,0.4245,0.9832,1,2,0.5077,0.5412,6116,1
23024.59,upi,gateway_a,card_expired,329,0.5661,0.9721,0,1,0.4679,0.5535,2468,0
65243.67,credit_card,gateway_b,insufficient_funds,192,0.5632,0.0541,0,1,0.7753,0.3014,3,0
31974.37,credit_card,gateway_b,authentication_required,716,0.6192,0.2897,1,0,0.5333,0.2085,3294,0
51388.94,wallet,gateway_b,insufficient_funds,385,0.4949,0.7153,0,3,0.4214,0.6532,3219,0
39133.95,debit_card,gateway_b,insufficient_funds,285,0.3868,0.4592,0,2,0.6508,0.2212,4046,1
82906.2,wallet,gateway_a,temporary_gateway_error,156,0.8797,0.9791,0,0,0.4549,0.8218,3342,1
57636.22,debit_card,gateway_c,authentication_required,908,0.8706,0.8096,1,1,0.835,0.8287,2227,0
56641.41,net_banking,gateway_a,network_timeout,847,0.5235,0.2459,0,3,0.3132,0.4901,6115,0
39444.24,upi,gateway_c,insufficient_funds,719,0.6141,0.5629,0,3,0.359,0.6842,6632,0
10080.95,credit_card,gateway_a,authentication_required,355,0.0809,0.9536,1,1,0.9638,0.8941,6187,1
45703.24,net_banking,gateway_c,card_expired,62,0.5147,0.0822,0,2,0.8784,0.2545,5993,1
83164.17,debit_card,gateway_a,card_expired,588,0.6524,0.1287,0,1,0.9856,0.7419,3348,0
77166.22,upi,gateway_c,authentication_required,789,0.455,0.8237,1,4,0.3234,0.7684,3423,0
66633.04,debit_card,gateway_a,temporary_gateway_error,417,0.4061,0.9174,0,1,0.8089,0.326,783,1
22422.14,wallet,gateway_b,issuer_unavailable,338,0.9444,0.4177,0,3,0.6161,0.7451,2999,1
77835.44,credit_card,gateway_a,temporary_gateway_error,388,0.0312,0.8323,0,3,0.7344,0.3846,6932,0
74955.95,credit_card,gateway_c,rate_limit,875,0.9275,0.5693,0,2,0.3267,0.7331,258,0
37510.14,credit_card,gateway_a,network_timeout,987,0.8718,0.4109,0,0,0.5375,0.6113,3248,1
29140.45,net_banking,gateway_c,network_timeout,517,0.773,0.8626,1,0,0.9219,0.7155,5224,1
80487.74,net_banking,gateway_b,issuer_unavailable,196,0.9117,0.2724,0,1,0.3906,0.6952,3597,0
29946.97,net_banking,gateway_a,insufficient_funds,75,0.1723,0.4773,1,4,0.6533,0.3468,4746,0
54971.03,net_banking,gateway_b,temporary_gateway_error,729,0.5928,0.0095,0,4,0.8382,0.666,1811,0
25806.03,upi,gateway_c,network_timeout,662,0.7942,0.3926,0,3,0.8609,0.2443,6755,1
75450.08,wallet,gateway_a,insufficient_funds,210,0.4891,0.1872,0,2,0.4845,0.2586,635,0
52221.08,credit_card,gateway_b,network_timeout,196,0.128,0.0038,0,1,0.6683,0.3783,3812,0
80718.3,upi,gateway_b,rate_limit,519,0.2437,0.1592,0,0,0.8242,0.317,4860,0
24363.99,wallet,gateway_c,suspected_fraud,327,0.9716,0.9976,0,1,0.9445,0.8161,6033,0
50514.25,upi,gateway_a,authentication_required,719,0.259,0.7098,1,3,0.7072,0.7852,3786,0
76290.6,debit_card,gateway_b,issuer_unavailable,607,0.2907,0.647,0,1,0.584,0.7679,5906,1
61957.85,upi,gateway_c,card_expired,607,0.0488,0.3527,0,0,0.9781,0.4538,6971,0
39636.1,upi,gateway_a,temporary_gateway_error,787,0.9521,0.3596,0,2,0.7957,0.3509,6841,1
62325.25,net_banking,gateway_a,insufficient_funds,239,0.6424,0.1544,0,3,0.9048,0.4045,2242,0
1830.24,net_banking,gateway_a,temporary_gateway_error,725,0.0471,0.0559,0,1,0.4139,0.4129,6896,0
49567.52,wallet,gateway_b,temporary_gateway_error,507,0.3113,0.3774,0,0,0.8146,0.5392,874,0
444.64,net_banking,gateway_a,suspected_fraud,514,0.5495,0.137,0,1,0.9299,0.6181,5747,0
85446.24,credit_card,gateway_c,issuer_unavailable,922,0.019,0.6409,0,1,0.9272,0.3263,4658,0
65081.91,credit_card,gateway_c,card_expired,136,0.9718,0.3206,0,3,0.751,0.5412,6861,0
80930.23,wallet,gateway_b,issuer_unavailable,368,0.3962,0.5267,0,2,0.3953,0.5072,2168,0
37536.36,debit_card,gateway_b,issuer_unavailable,288,0.6098,0.9518,0,2,0.7652,0.8912,5613,1
80770.72,wallet,gateway_c,insufficient_funds,908,0.7509,0.2813,0,4,0.3015,0.8629,782,0
45525.29,credit_card,gateway_a,authentication_required,303,0.2973,0.8947,1,0,0.5954,0.7702,7145,1
5175.5,net_banking,gateway_c,temporary_gateway_error,355,0.5687,0.0629,0,1,0.6325,0.3502,2296,1
10219.63,credit_card,gateway_b,insufficient_funds,431,0.221,0.6519,0,0,0.5574,0.2725,1370,1
17354.32,net_banking,gateway_a,issuer_unavailable,619,0.3047,0.3263,0,2,0.7005,0.6114,1655,1
34401.72,debit_card,gateway_c,temporary_gateway_error,106,0.5294,0.8233,0,4,0.491,0.53,157,0
7505.88,credit_card,gateway_a,suspected_fraud,539,0.5594,0.982,0,0,0.7685,0.3439,121,0
86305.37,upi,gateway_b,issuer_unavailable,192,0.5966,0.7022,1,2,0.776,0.6362,3415,1
21793.81,credit_card,gateway_b,card_expired,255,0.5981,0.0238,0,3,0.8853,0.4485,1678,0
70825.31,wallet,gateway_c,suspected_fraud,130,0.739,0.849,0,4,0.7826,0.6973,6392,0
32172.93,debit_card,gateway_c,authentication_required,803,0.8394,0.3319,1,1,0.8061,0.3501,4547,0
27384.93,debit_card,gateway_c,network_timeout,329,0.326,0.4951,0,3,0.9296,0.741,5179,0
89766.63,net_banking,gateway_c,rate_limit,600,0.0535,0.2977,0,0,0.8167,0.4996,7084,1
76577.46,wallet,gateway_b,insufficient_funds,221,0.4745,0.2259,0,3,0.357,0.4179,4119,0
22117.95,upi,gateway_b,suspected_fraud,692,0.2333,0.983,0,2,0.5565,0.3237,3221,0
88710.72,net_banking,gateway_b,insufficient_funds,509,0.8953,0.9493,0,1,0.8719,0.3532,1831,0
35556.4,credit_card,gateway_b,card_expired,138,0.2831,0.5041,0,0,0.5562,0.5986,4527,0
88223.22,wallet,gateway_c,temporary_gateway_error,279,0.471,0.0994,0,1,0.968,0.7291,2117,0
85897.54,debit_card,gateway_c,issuer_unavailable,777,0.1454,0.3216,0,1,0.4762,0.894,2348,0
35748.13,debit_card,gateway_b,issuer_unavailable,626,0.645,0.8654,0,0,0.7021,0.5454,6749,0
63485.4,debit_card,gateway_b,network_timeout,412,0.134,0.318,0,2,0.6864,0.4891,6781,0
8205.95,credit_card,gateway_a,card_expired,337,0.0873,0.4195,0,2,0.4348,0.3742,1350,0
61741.47,credit_card,gateway_c,issuer_unavailable,710,0.7148,0.5077,0,1,0.5093,0.2802,4333,0
48666.44,wallet,gateway_b,temporary_gateway_error,294,0.2113,0.0661,0,2,0.9287,0.8615,2359,1
31648.34,upi,gateway_a,issuer_unavailable,645,0.2139,0.3379,0,0,0.3521,0.5703,2696,1
42083.24,net_banking,gateway_c,insufficient_funds,742,0.1303,0.5787,0,1,0.5958,0.6526,4174,1
48283.82,wallet,gateway_a,rate_limit,680,0.2567,0.7232,0,1,0.8581,0.4801,6888,1
75258.68,debit_card,gateway_b,card_expired,297,0.281,0.2739,0,3,0.7872,0.4725,3923,0
19913.17,wallet,gateway_b,authentication_required,619,0.5555,0.4599,1,0,0.3082,0.7618,6496,1
45274.09,wallet,gateway_a,suspected_fraud,198,0.5649,0.9733,0,1,0.7361,0.7754,6371,0
39803.82,credit_card,gateway_c,card_expired,581,0.8177,0.3001,0,0,0.7003,0.6543,307,0
45455.59,credit_card,gateway_a,suspected_fraud,208,0.544,0.3659,0,1,0.5988,0.8011,460,0
80819.85,credit_card,gateway_c,temporary_gateway_error,349,0.522,0.5866,0,2,0.7788,0.6441,4763,0
23108.28,debit_card,gateway_c,authentication_required,264,0.2637,0.3624,1,2,0.977,0.2585,1800,0
60793.53,debit_card,gateway_a,authentication_required,330,0.902,0.0662,1,4,0.9727,0.4505,1903,1
11581.53,debit_card,gateway_c,suspected_fraud,353,0.3184,0.279,0,1,0.7807,0.6918,4280,0
88930.9,net_banking,gateway_c,insufficient_funds,979,0.8941,0.1371,0,3,0.3208,0.455,2333,0
98388.69,net_banking,gateway_c,network_timeout,733,0.6779,0.1694,0,2,0.4952,0.5032,1958,0
89238.19,debit_card,gateway_a,network_timeout,506,0.0689,0.6736,0,4,0.5239,0.2691,6954,0
54758.48,debit_card,gateway_a,insufficient_funds,577,0.3428,0.9532,0,1,0.5696,0.5775,1563,0
8767.07,net_banking,gateway_a,insufficient_funds,945,0.0551,0.6372,0,3,0.5643,0.5435,1786,1
41704.75,debit_card,gateway_a,card_expired,502,0.4826,0.9742,0,4,0.9837,0.4301,5051,0
68148.16,upi,gateway_c,network_timeout,712,0.6525,0.1925,0,2,0.6042,0.4547,2254,0
31936.62,net_banking,gateway_c,authentication_required,751,0.3676,0.0346,1,3,0.852,0.6746,4704,1
80017.51,upi,gateway_b,card_expired,92,0.944,0.04,0,3,0.6314,0.6203,4415,0
96516.9,wallet,gateway_c,temporary_gateway_error,776,0.5949,0.3795,0,4,0.8513,0.2057,5716,0
53358.33,debit_card,gateway_c,authentication_required,751,0.9578,0.036,1,0,0.3431,0.7397,2359,1
9741.05,credit_card,gateway_c,card_expired,716,0.0901,0.4483,0,0,0.401,0.3631,4545,0
3568.4,credit_card,gateway_a,temporary_gateway_error,740,0.2118,0.2319,1,4,0.5773,0.7834,3678,1
5635.76,wallet,gateway_c,insufficient_funds,236,0.1399,0.7767,0,2,0.6714,0.3671,167,0
8663.37,upi,gateway_c,issuer_unavailable,903,0.2267,0.0079,0,3,0.6449,0.7946,5959,1
64212.04,debit_card,gateway_b,suspected_fraud,778,0.0784,0.6119,0,3,0.4033,0.5553,911,0
86765.53,upi,gateway_a,temporary_gateway_error,84,0.7357,0.818,0,4,0.7108,0.3854,4988,1
80984.53,credit_card,gateway_b,issuer_unavailable,74,0.2913,0.4095,0,3,0.7224,0.8417,3838,0
9010.99,net_banking,gateway_b,issuer_unavailable,845,0.3379,0.591,0,0,0.5837,0.516,5455,1
55330.93,net_banking,gateway_c,issuer_unavailable,601,0.2676,0.7104,0,0,0.4045,0.7006,3219,1
82558.68,upi,gateway_b,card_expired,598,0.6049,0.8798,0,2,0.6334,0.4538,1404,0
69980.62,debit_card,gateway_c,insufficient_funds,855,0.8223,0.0202,0,1,0.6873,0.8861,6830,0
45616.75,debit_card,gateway_c,card_expired,856,0.2901,0.4373,0,4,0.5854,0.8164,2381,0
6862.25,upi,gateway_b,insufficient_funds,952,0.6619,0.9628,0,4,0.3946,0.5406,5497,1
95699.64,upi,gateway_a,temporary_gateway_error,399,0.348,0.2859,0,4,0.7121,0.7278,6514,1
23781.11,debit_card,gateway_c,card_expired,114,0.8356,0.7269,0,3,0.7376,0.8055,3873,0
25829.68,credit_card,gateway_c,insufficient_funds,254,0.1472,0.8773,0,1,0.83,0.5672,4717,0
88601.14,wallet,gateway_a,authentication_required,339,0.7975,0.016,1,4,0.5053,0.5452,876,1
54229.1,wallet,gateway_c,insufficient_funds,425,0.794,0.7055,0,1,0.5196,0.41,2331,0
12369.76,debit_card,gateway_a,rate_limit,512,0.2107,0.577,0,3,0.9481,0.5082,1954,0
63802.77,net_banking,gateway_a,card_expired,59,0.493,0.9023,0,3,0.5083,0.3926,929,0
43934.56,wallet,gateway_c,insufficient_funds,702,0.167,0.6598,1,0,0.5756,0.7998,563,1
63478.16,debit_card,gateway_a,suspected_fraud,320,0.0071,0.5309,0,3,0.9295,0.6154,2270,0
74828.48,credit_card,gateway_b,insufficient_funds,185,0.8766,0.6899,0,0,0.6022,0.2278,1585,1
686.61,credit_card,gateway_b,authentication_required,197,0.677,0.2334,1,1,0.687,0.5142,6482,1
21085.16,upi,gateway_a,insufficient_funds,430,0.0139,0.4153,0,0,0.7259,0.7502,307,1
91338.62,upi,gateway_b,insufficient_funds,902,0.2597,0.2203,0,0,0.8877,0.3705,4241,0
13509.88,net_banking,gateway_b,suspected_fraud,107,0.0886,0.4505,0,1,0.9828,0.4267,2568,0
94148.68,net_banking,gateway_a,suspected_fraud,652,0.7695,0.2281,0,0,0.9759,0.4409,7183,0
5488.42,debit_card,gateway_c,rate_limit,700,0.5384,0.0525,0,2,0.5763,0.2305,4218,0
88689.33,wallet,gateway_b,card_expired,704,0.9049,0.8555,0,2,0.7324,0.3985,3686,0
49203.29,wallet,gateway_c,suspected_fraud,104,0.9456,0.8084,0,4,0.8747,0.2557,7137,0
77478.91,credit_card,gateway_a,insufficient_funds,284,0.3488,0.8322,0,3,0.3888,0.2177,6795,1
48028.85,wallet,gateway_b,temporary_gateway_error,518,0.8345,0.5131,0,0,0.4138,0.7517,28,0
29884.93,net_banking,gateway_c,issuer_unavailable,844,0.22,0.4386,0,3,0.8774,0.6224,2911,0
63589.78,debit_card,gateway_a,issuer_unavailable,669,0.4145,0.4328,0,3,0.367,0.5612,1595,0
89799.99,wallet,gateway_c,network_timeout,776,0.1088,0.6211,0,3,0.8895,0.8878,3563,0
3685.57,credit_card,gateway_b,issuer_unavailable,72,0.3125,0.7456,0,0,0.8143,0.3797,3500,0
37280.63,debit_card,gateway_c,authentication_required,855,0.7882,0.1526,1,0,0.7579,0.6869,445,0
86886.12,credit_card,gateway_a,temporary_gateway_error,351,0.3619,0.6447,0,3,0.3047,0.6536,2975,0
52847.84,wallet,gateway_a,insufficient_funds,638,0.8737,0.2701,1,2,0.7781,0.8166,5395,1
4951.34,upi,gateway_b,suspected_fraud,719,0.1908,0.554,0,0,0.3341,0.6242,2942,0
66241.5,debit_card,gateway_b,network_timeout,973,0.9307,0.8885,0,2,0.7991,0.4867,5765,1
61672.55,net_banking,gateway_b,authentication_required,812,0.9536,0.3935,1,2,0.3483,0.3789,6508,1
97268.16,wallet,gateway_a,authentication_required,521,0.5829,0.4495,1,1,0.8975,0.3772,6429,1
90077.56,credit_card,gateway_b,suspected_fraud,733,0.172,0.7026,0,0,0.719,0.6773,4206,0
87814.8,wallet,gateway_a,suspected_fraud,31,0.6865,0.5402,0,2,0.6767,0.7159,810,0
62142.67,upi,gateway_a,suspected_fraud,165,0.9884,0.6881,0,3,0.3593,0.8317,3252,0
16963.42,net_banking,gateway_c,rate_limit,724,0.4889,0.4538,0,3,0.3382,0.8276,7182,1
82047.78,net_banking,gateway_c,temporary_gateway_error,335,0.7019,0.6052,0,1,0.7784,0.7568,6128,1
60031.2,debit_card,gateway_b,rate_limit,828,0.7711,0.4682,0,1,0.715,0.3047,6383,0
35847.48,debit_card,gateway_a,issuer_unavailable,896,0.9853,0.7098,0,3,0.3295,0.2418,2015,1
19125.97,net_banking,gateway_c,suspected_fraud,100,0.9905,0.714,0,3,0.9702,0.6307,3941,0
43123.5,upi,gateway_c,temporary_gateway_error,1000,0.4853,0.783,0,3,0.9745,0.5637,373,0
45149.72,net_banking,gateway_c,temporary_gateway_error,288,0.188,0.7121,0,3,0.6678,0.3538,1752,0
26997.36,debit_card,gateway_c,suspected_fraud,722,0.2426,0.1972,0,3,0.3088,0.7008,1459,0
48311.53,credit_card,gateway_b,temporary_gateway_error,839,0.4793,0.9999,0,3,0.6685,0.61,4420,1
90983.26,upi,gateway_b,suspected_fraud,377,0.66,0.222,0,3,0.7961,0.8394,3871,0
42823.69,net_banking,gateway_a,card_expired,252,0.71,0.3737,0,1,0.3549,0.2269,6205,0
24021.46,debit_card,gateway_c,insufficient_funds,422,0.7815,0.1653,0,2,0.8358,0.3107,4363,1
89489.46,debit_card,gateway_c,issuer_unavailable,841,0.266,0.4163,0,3,0.9651,0.6756,2337,0
5880.05,credit_card,gateway_a,temporary_gateway_error,557,0.7555,0.6165,0,2,0.8624,0.6264,5573,0
15475.99,debit_card,gateway_c,temporary_gateway_error,805,0.2982,0.23,0,2,0.3527,0.637,4044,1
96475.98,credit_card,gateway_b,insufficient_funds,306,0.4116,0.1432,0,2,0.3066,0.484,112,1
28832.8,credit_card,gateway_c,network_timeout,480,0.89,0.4222,0,2,0.8908,0.7972,6917,0
17169.18,credit_card,gateway_c,rate_limit,289,0.6748,0.419,0,0,0.3231,0.806,5852,1
28119.3,upi,gateway_a,rate_limit,181,0.572,0.8422,0,3,0.5362,0.6401,5758,0
53946.54,credit_card,gateway_a,card_expired,21,0.7355,0.889,0,3,0.7274,0.7223,2332,0
52519.95,credit_card,gateway_b,suspected_fraud,525,0.8095,0.804,0,4,0.6917,0.8202,1116,0
8375.79,wallet,gateway_b,suspected_fraud,964,0.965,0.984,0,3,0.5403,0.2707,6146,0
2541.21,wallet,gateway_c,issuer_unavailable,452,0.6029,0.8156,0,4,0.4419,0.6286,790,0
51784.92,debit_card,gateway_b,temporary_gateway_error,385,0.0907,0.09,0,4,0.6063,0.5653,6694,0
5544.17,upi,gateway_b,insufficient_funds,388,0.0223,0.9196,0,3,0.6813,0.2533,1609,0
494.09,credit_card,gateway_b,issuer_unavailable,660,0.4363,0.6953,0,0,0.3252,0.4862,6450,0
72387.38,wallet,gateway_a,rate_limit,268,0.4307,0.2822,0,0,0.7824,0.6929,1862,1
76120.88,wallet,gateway_b,issuer_unavailable,432,0.8232,0.2423,0,3,0.9405,0.3932,379,1
94490.72,net_banking,gateway_c,insufficient_funds,843,0.3233,0.9977,0,4,0.4405,0.2104,1658,0
60887.09,net_banking,gateway_c,suspected_fraud,542,0.6415,0.8712,0,3,0.9319,0.39,3427,0
66424.3,debit_card,gateway_b,suspected_fraud,82,0.1964,0.4311,0,0,0.6708,0.8218,6642,0
56512.85,upi,gateway_b,rate_limit,177,0.0148,0.2689,0,3,0.8918,0.4385,5369,1
50983.82,credit_card,gateway_a,card_expired,454,0.9438,0.9076,0,2,0.8941,0.7651,4701,0
50681.02,net_banking,gateway_b,temporary_gateway_error,578,0.4394,0.2494,0,3,0.489,0.7709,1110,0
95416.45,wallet,gateway_a,authentication_required,162,0.5395,0.1792,1,4,0.8169,0.8827,3502,0
39275.62,upi,gateway_c,suspected_fraud,372,0.5467,0.1174,0,3,0.3432,0.8726,961,0
69634.68,upi,gateway_b,rate_limit,520,0.8995,0.9096,0,2,0.4401,0.8518,3085,1
83121.51,wallet,gateway_c,network_timeout,881,0.65,0.5158,0,0,0.4229,0.7547,1377,1
26834.28,wallet,gateway_c,card_expired,297,0.5104,0.0789,0,4,0.6936,0.2691,1201,0
53070.48,upi,gateway_b,rate_limit,976,0.6703,0.5331,0,4,0.9683,0.3031,5325,0
733.84,credit_card,gateway_c,network_timeout,720,0.5543,0.7996,0,2,0.7504,0.5645,1099,1
54883.37,upi,gateway_c,insufficient_funds,222,0.7338,0.6074,0,1,0.4889,0.8221,3604,0
66617.91,credit_card,gateway_a,issuer_unavailable,279,0.9594,0.0353,0,3,0.9637,0.2427,7149,1
27149.36,wallet,gateway_c,network_timeout,863,0.5212,0.8077,0,4,0.5411,0.8892,5792,1
76823.54,credit_card,gateway_a,temporary_gateway_error,233,0.0927,0.6851,0,0,0.4717,0.3468,4559,1
6020.88,net_banking,gateway_c,suspected_fraud,864,0.963,0.885,0,3,0.6599,0.618,3796,0
31159.31,wallet,gateway_b,insufficient_funds,128,0.5559,0.0386,0,3,0.77,0.381,5133,0
42497.58,debit_card,gateway_c,card_expired,705,0.3103,0.8871,0,2,0.9581,0.4622,6193,0
77046.55,debit_card,gateway_b,card_expired,113,0.8755,0.5986,0,1,0.8271,0.2171,5466,0
60212.41,net_banking,gateway_c,card_expired,860,0.529,0.5704,0,0,0.9514,0.6194,5360,0
94578.22,upi,gateway_b,network_timeout,199,0.9063,0.8317,0,3,0.8243,0.8639,6319,1
35390.88,net_banking,gateway_c,rate_limit,395,0.1802,0.5754,1,1,0.532,0.6357,6615,0
7240.03,upi,gateway_c,issuer_unavailable,388,0.9804,0.9578,0,3,0.6382,0.5534,4895,0
81716.72,debit_card,gateway_b,network_timeout,911,0.8627,0.2828,0,1,0.4099,0.4613,7025,1
42784.84,debit_card,gateway_c,temporary_gateway_error,80,0.5741,0.4305,0,2,0.5767,0.2479,5492,0
51430.97,net_banking,gateway_b,card_expired,25,0.9488,0.304,0,3,0.7458,0.6167,1331,0
27232.65,net_banking,gateway_a,rate_limit,789,0.2898,0.8961,0,1,0.9859,0.729,3055,1
1609.98,net_banking,gateway_b,authentication_required,37,0.4049,0.9584,1,1,0.3706,0.6043,4082,0
28384.51,upi,gateway_b,insufficient_funds,974,0.9411,0.4714,0,3,0.4544,0.5161,2210,0
99582.65,net_banking,gateway_b,authentication_required,793,0.7859,0.8461,1,1,0.7995,0.2549,317,1
75396.51,upi,gateway_a,authentication_required,942,0.1723,0.9325,1,1,0.7286,0.7175,5110,1
21511.1,credit_card,gateway_a,temporary_gateway_error,366,0.4292,0.1206,0,1,0.7628,0.2596,3974,1
86050.11,wallet,gateway_b,network_timeout,707,0.6059,0.9245,0,0,0.809,0.4477,292,1
2110.99,wallet,gateway_b,insufficient_funds,794,0.4029,0.3803,0,4,0.3758,0.6967,2517,0
53373.01,debit_card,gateway_a,temporary_gateway_error,490,0.2456,0.1553,0,2,0.4347,0.2854,5145,0
58581.66,net_banking,gateway_a,authentication_required,289,0.7319,0.2118,1,2,0.4331,0.4452,3690,0
10910.29,upi,gateway_c,card_expired,369,0.5377,0.7977,0,1,0.9753,0.653,5691,0
86644.9,wallet,gateway_b,network_timeout,115,0.3156,0.5063,0,0,0.9402,0.7388,1589,1
63281.5,debit_card,gateway_b,temporary_gateway_error,477,0.3077,0.8349,0,1,0.7521,0.4348,2610,0
20825.16,upi,gateway_a,temporary_gateway_error,411,0.3184,0.5092,0,4,0.8417,0.3841,4450,1
51371.77,debit_card,gateway_a,rate_limit,121,0.5526,0.6605,0,4,0.5225,0.6666,6949,0
8666.76,wallet,gateway_b,insufficient_funds,147,0.2983,0.2675,0,1,0.6274,0.5329,5870,0
39804.88,credit_card,gateway_c,temporary_gateway_error,109,0.1332,0.6851,0,1,0.8313,0.6068,3134,1
28794.24,net_banking,gateway_c,insufficient_funds,128,0.9554,0.8335,0,0,0.5978,0.6031,689,1
50778.89,credit_card,gateway_b,suspected_fraud,889,0.3175,0.8722,0,2,0.9051,0.2657,2025,0
8026.43,upi,gateway_a,network_timeout,681,0.3701,0.7569,0,1,0.3166,0.5396,5796,1
85841.32,wallet,gateway_b,temporary_gateway_error,490,0.2758,0.4402,0,1,0.9841,0.6464,554,1
89359.33,upi,gateway_a,authentication_required,414,0.2264,0.668,1,4,0.563,0.3459,395,0
80542.6,wallet,gateway_c,suspected_fraud,120,0.1423,0.9301,0,3,0.719,0.7106,1973,0
61872.11,debit_card,gateway_b,insufficient_funds,106,0.9142,0.8008,0,0,0.4662,0.5927,1875,1
79764.89,credit_card,gateway_a,insufficient_funds,104,0.0265,0.8287,0,0,0.6904,0.6222,6312,1
91401.99,upi,gateway_c,rate_limit,750,0.2574,0.0407,0,0,0.6458,0.5408,5719,0
44660.67,upi,gateway_a,issuer_unavailable,82,0.7888,0.4449,0,3,0.4326,0.2023,1622,0
28384.9,upi,gateway_a,authentication_required,344,0.303,0.3835,1,3,0.6054,0.7922,2207,0
57286.78,net_banking,gateway_b,card_expired,291,0.9692,0.1839,0,0,0.4291,0.3134,6740,0
43025.11,net_banking,gateway_b,rate_limit,855,0.9805,0.4433,1,2,0.5946,0.5516,7035,0
48147.38,net_banking,gateway_c,temporary_gateway_error,58,0.6223,0.4492,0,3,0.3032,0.2919,1976,0
12523.93,net_banking,gateway_b,authentication_required,448,0.6289,0.4261,1,3,0.9539,0.4284,5031,0
57828.61,debit_card,gateway_c,rate_limit,877,0.8779,0.4168,0,4,0.753,0.5723,3396,0
84846.99,credit_card,gateway_c,issuer_unavailable,322,0.1076,0.3613,0,2,0.562,0.5483,194,0
80811.73,debit_card,gateway_c,insufficient_funds,631,0.4646,0.0475,0,1,0.452,0.394,4446,0
72663.7,wallet,gateway_a,issuer_unavailable,224,0.0734,0.4373,0,4,0.6858,0.6966,3890,0
4054.88,debit_card,gateway_c,authentication_required,490,0.1894,0.409,1,4,0.6382,0.3636,1646,0
59560.86,credit_card,gateway_c,network_timeout,691,0.5387,0.9976,0,2,0.8775,0.5178,1324,1
13610.29,upi,gateway_c,insufficient_funds,915,0.8225,0.9283,0,4,0.3982,0.6655,2387,0
1560.08,debit_card,gateway_c,card_expired,963,0.8433,0.7158,0,0,0.4547,0.5273,5987,0
61380.81,credit_card,gateway_a,insufficient_funds,147,0.5713,0.7487,0,0,0.9095,0.7083,1251,0
68552.86,credit_card,gateway_a,card_expired,154,0.4167,0.0414,0,1,0.787,0.2262,6968,0
29184.44,debit_card,gateway_c,authentication_required,208,0.421,0.2587,1,3,0.7908,0.8388,6619,1
62825.07,credit_card,gateway_c,rate_limit,623,0.7182,0.5663,1,4,0.8806,0.6912,4956,0
10505.85,upi,gateway_a,suspected_fraud,900,0.7645,0.5373,0,3,0.4353,0.3077,1224,0
29175.26,upi,gateway_b,card_expired,349,0.2683,0.5303,0,1,0.4216,0.7996,6474,0
69088.21,wallet,gateway_a,issuer_unavailable,929,0.9016,0.4878,0,1,0.5425,0.4118,1255,1
21190.11,credit_card,gateway_b,rate_limit,813,0.7938,0.8615,0,2,0.475,0.3359,6858,1
27281.13,credit_card,gateway_b,card_expired,982,0.7204,0.5338,0,3,0.629,0.826,4251,0
27617.49,credit_card,gateway_b,issuer_unavailable,754,0.5547,0.7229,0,1,0.4781,0.7643,2928,1
29905.05,credit_card,gateway_a,rate_limit,173,0.5585,0.4997,0,4,0.3714,0.2843,1809,1
1810.13,net_banking,gateway_c,issuer_unavailable,27,0.1308,0.5071,0,1,0.5144,0.6806,3192,1
76371.4,debit_card,gateway_b,network_timeout,966,0.5616,0.0575,0,3,0.7849,0.6083,3087,0
20834.4,debit_card,gateway_b,network_timeout,397,0.1612,0.672,0,1,0.8589,0.6301,5151,0
50030.31,debit_card,gateway_b,rate_limit,513,0.6372,0.4702,0,3,0.3192,0.5055,3708,1
37215.75,upi,gateway_a,authentication_required,519,0.5304,0.7937,1,2,0.4731,0.8386,6786,1
60227.04,credit_card,gateway_b,temporary_gateway_error,404,0.3205,0.6237,0,3,0.4943,0.7504,3218,0
91918.8,net_banking,gateway_a,card_expired,997,0.0464,0.2545,0,1,0.3198,0.4309,724,0
21468.99,upi,gateway_b,card_expired,187,0.5508,0.3516,0,2,0.3028,0.4271,5708,0
30479.69,net_banking,gateway_a,suspected_fraud,484,0.1054,0.0973,0,3,0.624,0.5062,3881,0
26127.65,upi,gateway_c,insufficient_funds,113,0.8036,0.9448,0,0,0.7509,0.5724,1220,1
89907.56,wallet,gateway_c,insufficient_funds,153,0.0052,0.1953,0,1,0.7763,0.2123,6597,0
78146.07,upi,gateway_a,suspected_fraud,758,0.1988,0.3166,0,4,0.3573,0.6158,3804,0
83856.56,upi,gateway_a,insufficient_funds,498,0.7871,0.9355,0,3,0.4291,0.709,554,0
67360.62,net_banking,gateway_a,network_timeout,469,0.2905,0.1852,0,3,0.5388,0.7049,1786,0
51829.32,upi,gateway_b,card_expired,968,0.4625,0.8988,0,3,0.7594,0.8744,455,0
37509.54,debit_card,gateway_a,network_timeout,767,0.6698,0.4392,0,0,0.5043,0.2043,4313,1
68670.78,upi,gateway_a,authentication_required,924,0.8392,0.346,1,3,0.6144,0.3448,3884,1
12543.68,wallet,gateway_b,rate_limit,88,0.2761,0.489,1,2,0.8809,0.4591,2452,0
70389.03,wallet,gateway_c,authentication_required,687,0.9716,0.0934,1,0,0.4066,0.2248,6743,1
31401.62,wallet,gateway_a,suspected_fraud,109,0.0191,0.3915,0,4,0.6559,0.3437,4883,0
3568.29,credit_card,gateway_a,suspected_fraud,312,0.4548,0.8895,0,3,0.7552,0.7073,2848,0
24205.65,debit_card,gateway_b,suspected_fraud,834,0.8876,0.8948,0,3,0.6556,0.8154,2558,0
8879.85,wallet,gateway_a,temporary_gateway_error,540,0.8138,0.5309,0,3,0.3462,0.8166,2533,0
16361.1,wallet,gateway_a,temporary_gateway_error,249,0.5435,0.0928,0,3,0.4178,0.4383,2332,0
62202.49,net_banking,gateway_a,rate_limit,766,0.8309,0.5811,0,1,0.8421,0.37,703,1
66535.49,wallet,gateway_c,rate_limit,600,0.6909,0.3536,0,1,0.6806,0.4365,3588,0
3646.86,upi,gateway_b,insufficient_funds,900,0.4162,0.5872,0,0,0.3658,0.4002,233,0
11198.22,wallet,gateway_c,suspected_fraud,652,0.9363,0.3099,0,2,0.5423,0.7709,3359,0
20476.03,upi,gateway_c,network_timeout,472,0.527,0.6244,0,0,0.943,0.8196,5793,1
90666.16,net_banking,gateway_b,issuer_unavailable,125,0.7068,0.5685,0,3,0.5082,0.8417,1412,1
72096.14,wallet,gateway_c,rate_limit,272,0.6942,0.8996,0,0,0.9727,0.3766,4979,0
72769.83,credit_card,gateway_b,temporary_gateway_error,67,0.529,0.0547,0,1,0.9032,0.8477,6043,0
99990.68,debit_card,gateway_b,network_timeout,363,0.8704,0.7509,0,3,0.3001,0.6013,4839,1
21157.28,wallet,gateway_a,issuer_unavailable,852,0.7911,0.6707,0,3,0.8339,0.4719,3082,0
81903.9,credit_card,gateway_c,authentication_required,775,0.762,0.4086,1,1,0.6568,0.3884,5055,1
16264.28,upi,gateway_a,network_timeout,34,0.6545,0.7411,0,2,0.4537,0.6264,7178,0
39710.23,net_banking,gateway_c,insufficient_funds,860,0.7446,0.2558,0,4,0.4843,0.4656,2380,0
26383.66,credit_card,gateway_a,temporary_gateway_error,690,0.3734,0.6327,0,4,0.5989,0.6143,7049,0
53132.44,net_banking,gateway_b,insufficient_funds,799,0.655,0.6689,0,2,0.6946,0.7913,5711,1
70080.64,debit_card,gateway_a,rate_limit,910,0.8661,0.6108,0,2,0.4204,0.541,2958,0
52903.83,debit_card,gateway_c,issuer_unavailable,945,0.1013,0.0519,0,0,0.7651,0.4766,2507,0
46793.36,wallet,gateway_b,rate_limit,685,0.9967,0.3982,1,2,0.7494,0.4483,5066,0
23100.91,net_banking,gateway_b,network_timeout,209,0.6814,0.4265,0,3,0.3047,0.2561,805,0
79572.3,wallet,gateway_a,issuer_unavailable,492,0.6947,0.5904,0,1,0.6348,0.3902,2876,0
69486.21,debit_card,gateway_c,issuer_unavailable,341,0.4785,0.7059,0,2,0.6837,0.6468,1686,1
62564.39,net_banking,gateway_c,suspected_fraud,647,0.2034,0.4926,0,1,0.779,0.2275,2493,0
43839.13,credit_card,gateway_b,card_expired,894,0.4494,0.9815,0,3,0.9128,0.7997,6816,0
33735.7,wallet,gateway_c,temporary_gateway_error,851,0.4691,0.0083,0,1,0.7807,0.8136,5017,0
57036.96,net_banking,gateway_a,temporary_gateway_error,195,0.7174,0.5016,0,3,0.8311,0.3825,4707,1
75521.64,debit_card,gateway_b,rate_limit,475,0.5955,0.532,0,0,0.986,0.6178,4192,1
42415.05,credit_card,gateway_c,insufficient_funds,349,0.5822,0.3492,0,3,0.5241,0.7958,7193,0
38092.79,debit_card,gateway_a,suspected_fraud,747,0.3859,0.0414,0,1,0.5329,0.2374,3823,0
92996.98,wallet,gateway_c,card_expired,838,0.37,0.1834,0,3,0.4367,0.498,6186,0
64543.52,net_banking,gateway_a,card_expired,952,0.1546,0.8948,0,0,0.6876,0.6884,3972,0
84540.52,credit_card,gateway_a,insufficient_funds,197,0.2397,0.0792,0,4,0.665,0.2592,4362,0
98172.34,credit_card,gateway_b,suspected_fraud,386,0.5702,0.689,0,3,0.8474,0.6061,6061,0
78945.74,net_banking,gateway_b,rate_limit,818,0.5442,0.3423,0,1,0.7855,0.6901,2640,0
48033.98,net_banking,gateway_a,network_timeout,544,0.8674,0.5004,0,0,0.478,0.3572,3012,1
31140.56,credit_card,gateway_a,temporary_gateway_error,648,0.2131,0.9978,0,3,0.6734,0.7365,4530,0
25701.4,wallet,gateway_c,issuer_unavailable,439,0.5355,0.3553,0,2,0.5603,0.5195,124,0
34061.08,net_banking,gateway_c,card_expired,742,0.1547,0.2988,0,3,0.9102,0.4993,196,0
53309.9,net_banking,gateway_a,authentication_required,887,0.6807,0.8945,1,3,0.8465,0.501,5194,1
54214.02,upi,gateway_b,network_timeout,266,0.2299,0.3695,0,1,0.5043,0.2484,4472,1
61874.63,debit_card,gateway_c,issuer_unavailable,389,0.5835,0.3606,0,0,0.716,0.2351,26,0
53166.11,wallet,gateway_a,issuer_unavailable,43,0.3068,0.1057,0,2,0.7668,0.6356,4606,1
30174.85,credit_card,gateway_a,network_timeout,421,0.2296,0.8901,1,2,0.9643,0.8907,3479,1
80481.1,net_banking,gateway_c,authentication_required,243,0.5547,0.9695,1,2,0.9197,0.6258,6435,0
80981.29,debit_card,gateway_c,card_expired,774,0.4307,0.857,0,0,0.7376,0.2317,6103,0
72428.88,net_banking,gateway_c,temporary_gateway_error,381,0.2287,0.1742,0,1,0.5834,0.3178,2829,1
50080.14,wallet,gateway_b,rate_limit,713,0.9414,0.9245,0,1,0.7278,0.8072,6538,0
88084.47,wallet,gateway_a,rate_limit,547,0.0025,0.9936,0,1,0.5954,0.6549,6793,0
36565.49,credit_card,gateway_b,temporary_gateway_error,878,0.4963,0.6586,0,4,0.5511,0.8737,3371,0
86225.11,wallet,gateway_c,temporary_gateway_error,63,0.8661,0.0888,0,4,0.5105,0.6666,3743,0
22390.8,wallet,gateway_b,card_expired,747,0.2144,0.0405,0,4,0.3857,0.7102,5529,0
26952.66,net_banking,gateway_c,insufficient_funds,881,0.7964,0.6034,0,1,0.3057,0.3834,1281,1
55100.07,credit_card,gateway_a,insufficient_funds,124,0.6212,0.124,0,0,0.4123,0.8759,3344,1
38504.48,credit_card,gateway_c,suspected_fraud,821,0.5451,0.3568,0,1,0.6081,0.3636,6144,0
25063.87,wallet,gateway_b,issuer_unavailable,543,0.6976,0.1535,1,3,0.8699,0.8626,7123,0
52248.23,debit_card,gateway_c,insufficient_funds,767,0.5979,0.4747,0,2,0.5718,0.5175,1607,0
44945.13,upi,gateway_c,issuer_unavailable,954,0.21,0.8098,1,3,0.4354,0.5364,2822,0
5557.25,debit_card,gateway_c,rate_limit,246,0.2611,0.4644,0,3,0.7258,0.5287,1452,1
12348.91,credit_card,gateway_c,card_expired,88,0.0429,0.0967,0,4,0.6306,0.831,3828,0
86719.13,credit_card,gateway_b,network_timeout,573,0.738,0.7909,0,4,0.8284,0.7761,3057,1
66981.5,debit_card,gateway_c,temporary_gateway_error,784,0.765,0.3905,0,0,0.498,0.4206,3603,1
80332.26,debit_card,gateway_a,temporary_gateway_error,405,0.1702,0.4522,0,1,0.4397,0.3678,2305,0
42353.23,net_banking,gateway_b,network_timeout,303,0.6241,0.6601,0,2,0.5945,0.6545,5430,1
13203.63,debit_card,gateway_a,issuer_unavailable,205,0.4909,0.1999,0,2,0.4085,0.853,2603,0
66849.31,debit_card,gateway_a,suspected_fraud,728,0.4942,0.5883,0,2,0.6197,0.7185,3530,0
61687.53,wallet,gateway_b,issuer_unavailable,555,0.6264,0.0572,0,0,0.3506,0.2276,264,0
40940.76,debit_card,gateway_b,network_timeout,263,0.9223,0.9955,0,2,0.4769,0.6541,5880,1
43114.31,wallet,gateway_b,insufficient_funds,730,0.6407,0.7816,0,4,0.728,0.3394,4339,0
23392.62,net_banking,gateway_a,card_expired,634,0.9607,0.2709,0,4,0.7115,0.3877,3781,0
70981.94,net_banking,gateway_b,temporary_gateway_error,859,0.1107,0.1005,0,1,0.9315,0.5,6350,0
36058.76,wallet,gateway_b,rate_limit,278,0.9675,0.1924,0,4,0.5632,0.5444,4240,0
79553.89,net_banking,gateway_a,network_timeout,297,0.2653,0.2502,0,2,0.9757,0.7744,1162,0
64753.61,debit_card,gateway_c,insufficient_funds,909,0.4414,0.4846,1,3,0.8193,0.8766,6892,0
20929.67,net_banking,gateway_a,rate_limit,169,0.9166,0.1281,0,3,0.9511,0.5613,2994,0
35222.93,net_banking,gateway_b,issuer_unavailable,942,0.0742,0.1289,0,3,0.5395,0.7294,3131,0
17417.47,wallet,gateway_c,issuer_unavailable,815,0.6744,0.8529,0,4,0.8428,0.8519,6353,0
39764.11,upi,gateway_b,network_timeout,418,0.6787,0.3351,1,3,0.857,0.8462,711,1
52729.45,debit_card,gateway_a,network_timeout,772,0.6975,0.9892,0,4,0.9365,0.4082,3029,1
31078.25,debit_card,gateway_a,temporary_gateway_error,490,0.2893,0.852,0,3,0.7776,0.6904,6947,1
60240.5,upi,gateway_a,temporary_gateway_error,916,0.0865,0.5117,0,4,0.9716,0.8435,1086,1
57200.32,debit_card,gateway_b,authentication_required,270,0.6788,0.8002,1,4,0.9706,0.3054,3014,1
53736.31,net_banking,gateway_c,temporary_gateway_error,631,0.5391,0.8688,0,2,0.7793,0.5578,436,1
78966.59,debit_card,gateway_c,issuer_unavailable,81,0.1974,0.008,0,3,0.6784,0.3253,5516,1
38651.2,debit_card,gateway_c,card_expired,485,0.7622,0.9431,0,1,0.3136,0.8821,2529,0
93122.42,debit_card,gateway_c,rate_limit,109,0.3435,0.4988,0,3,0.3873,0.6641,827,0
47466.59,wallet,gateway_a,suspected_fraud,770,0.21,0.6928,0,0,0.3222,0.7341,4646,0
22330.46,upi,gateway_b,rate_limit,371,0.051,0.3468,0,0,0.3945,0.3153,5628,0
64828.51,upi,gateway_a,rate_limit,146,0.6513,0.6454,0,0,0.4902,0.6031,6904,1
26589.42,debit_card,gateway_a,rate_limit,702,0.7626,0.8593,0,2,0.6546,0.5747,4670,1
62356.41,net_banking,gateway_c,issuer_unavailable,909,0.6005,0.6944,0,3,0.9629,0.6223,1353,0
26560.15,wallet,gateway_b,rate_limit,712,0.2253,0.4401,0,0,0.6272,0.4424,5431,1
20925.47,wallet,gateway_a,authentication_required,470,0.4234,0.4713,1,4,0.9207,0.3104,4805,0
765.07,credit_card,gateway_c,network_timeout,27,0.8961,0.8463,0,4,0.405,0.7279,4673,0
63429.84,wallet,gateway_a,authentication_required,458,0.3664,0.2766,1,3,0.4467,0.5911,616,1
76801.97,net_banking,gateway_a,rate_limit,487,0.9056,0.8153,0,3,0.8808,0.4426,5778,1
26665.38,credit_card,gateway_b,issuer_unavailable,953,0.933,0.6829,1,0,0.7165,0.3612,172,0
98747.62,credit_card,gateway_a,issuer_unavailable,132,0.3367,0.0977,0,4,0.752,0.8015,2422,0
99782.11,net_banking,gateway_c,temporary_gateway_error,62,0.7895,0.1303,0,0,0.763,0.2802,5841,1
91077.94,wallet,gateway_b,authentication_required,752,0.2936,0.2505,1,3,0.6275,0.4762,519,1
20787.47,net_banking,gateway_a,insufficient_funds,107,0.4323,0.7271,0,1,0.3612,0.3881,4233,0
66651.8,credit_card,gateway_a,temporary_gateway_error,34,0.549,0.2424,0,0,0.9914,0.364,3631,1
69517.65,debit_card,gateway_b,issuer_unavailable,931,0.4223,0.9087,0,3,0.4736,0.691,6275,1
46196.32,credit_card,gateway_a,insufficient_funds,492,0.6464,0.3212,0,1,0.873,0.8046,2085,1
6094.34,debit_card,gateway_b,suspected_fraud,510,0.1731,0.7783,0,1,0.6258,0.5754,3582,0
67667.31,net_banking,gateway_a,network_timeout,160,0.3071,0.4774,0,3,0.3508,0.2932,1171,1
3166.53,net_banking,gateway_c,suspected_fraud,53,0.8893,0.1192,0,3,0.8563,0.8385,2596,0
54177.09,upi,gateway_c,network_timeout,450,0.9802,0.961,0,3,0.6885,0.594,6342,0
66182.5,debit_card,gateway_c,rate_limit,434,0.9218,0.3558,0,2,0.7074,0.7429,141,0
50559.27,wallet,gateway_c,card_expired,595,0.3181,0.9535,0,0,0.9243,0.646,1844,0
2182.34,credit_card,gateway_a,authentication_required,596,0.1682,0.6884,1,0,0.5283,0.5052,4348,0
31069.69,net_banking,gateway_b,suspected_fraud,512,0.4542,0.0483,0,3,0.4194,0.4361,878,0
31041.94,upi,gateway_a,rate_limit,181,0.3815,0.2752,0,3,0.9543,0.4277,3791,1
63967.16,wallet,gateway_a,temporary_gateway_error,698,0.1547,0.3139,0,0,0.771,0.7654,1966,0
26064.44,debit_card,gateway_c,rate_limit,854,0.3595,0.4103,0,0,0.4348,0.3289,381,0
6648.06,net_banking,gateway_a,suspected_fraud,36,0.4731,0.5672,0,0,0.6934,0.6237,2180,1
94511.22,wallet,gateway_b,issuer_unavailable,388,0.5935,0.3795,0,3,0.4222,0.7087,651,1
83545.05,wallet,gateway_c,suspected_fraud,833,0.1677,0.1998,0,3,0.8215,0.6378,3049,0
67000.07,net_banking,gateway_a,temporary_gateway_error,642,0.7981,0.4958,0,0,0.8557,0.817,6776,1
92515.57,debit_card,gateway_b,network_timeout,267,0.3177,0.2266,0,1,0.7018,0.691,4225,0
76302.58,debit_card,gateway_a,card_expired,531,0.8912,0.0399,0,2,0.3391,0.6679,1294,0
83398.94,upi,gateway_a,suspected_fraud,646,0.6454,0.2328,0,3,0.9741,0.4822,3558,0
80342.42,net_banking,gateway_b,authentication_required,249,0.9943,0.0391,1,2,0.3803,0.5948,361,0
44962.36,wallet,gateway_c,issuer_unavailable,789,0.6132,0.4141,0,1,0.8345,0.5793,1546,0
19180.25,debit_card,gateway_c,network_timeout,495,0.4916,0.3189,0,3,0.7149,0.5727,2157,1
41045.6,net_banking,gateway_a,temporary_gateway_error,807,0.7256,0.7907,0,4,0.7609,0.844,5377,0
53935.4,credit_card,gateway_a,suspected_fraud,647,0.9203,0.2816,0,1,0.7268,0.5119,5929,0
38692.8,credit_card,gateway_c,suspected_fraud,427,0.085,0.9648,0,3,0.5339,0.6547,4310,0
32353.35,wallet,gateway_b,suspected_fraud,718,0.154,0.673,0,3,0.7882,0.2078,5839,0
93869.48,upi,gateway_a,temporary_gateway_error,557,0.112,0.7935,0,0,0.9128,0.4177,3992,1
41804.74,wallet,gateway_a,network_timeout,995,0.9354,0.5367,0,4,0.5494,0.523,5758,0
30164.7,upi,gateway_c,rate_limit,145,0.4265,0.4498,0,0,0.9844,0.4726,5429,0
84996.81,net_banking,gateway_a,rate_limit,437,0.4647,0.3019,0,2,0.5865,0.5611,2015,0
53732.74,net_banking,gateway_c,issuer_unavailable,95,0.0685,0.3579,1,3,0.9656,0.3515,1620,0
12636.38,net_banking,gateway_a,insufficient_funds,220,0.03,0.0302,0,2,0.9502,0.4484,7054,1
28574.89,net_banking,gateway_b,temporary_gateway_error,210,0.4593,0.0807,1,4,0.7403,0.6271,3629,1
18651.9,credit_card,gateway_b,card_expired,347,0.7285,0.0252,0,3,0.5723,0.5182,5358,0
34020.82,debit_card,gateway_c,card_expired,959,0.5558,0.133,0,3,0.3252,0.5659,6688,0
10818.7,net_banking,gateway_a,rate_limit,168,0.553,0.4871,0,2,0.8758,0.7254,5177,0
77180.93,upi,gateway_c,rate_limit,916,0.4768,0.1185,0,4,0.5336,0.7486,851,1
82799.38,debit_card,gateway_a,network_timeout,353,0.5098,0.262,0,2,0.9031,0.5285,5635,1
28400.54,net_banking,gateway_c,network_timeout,762,0.9458,0.1714,0,1,0.3769,0.6126,955,1
39500.44,debit_card,gateway_a,temporary_gateway_error,697,0.2946,0.5308,0,2,0.4275,0.5697,514,1
7163.52,wallet,gateway_b,insufficient_funds,342,0.0053,0.0055,0,1,0.5335,0.4962,2946,0
60635.01,credit_card,gateway_b,rate_limit,342,0.5361,0.8011,0,1,0.5563,0.3235,6286,1
80592.05,wallet,gateway_a,authentication_required,467,0.775,0.1855,1,4,0.9394,0.8646,183,0
8480.87,debit_card,gateway_b,network_timeout,54,0.0243,0.2934,0,2,0.9199,0.3214,1858,1
77987.73,upi,gateway_b,rate_limit,483,0.6658,0.6524,0,4,0.3844,0.6989,5336,0
12731.38,credit_card,gateway_a,card_expired,989,0.9715,0.4868,0,1,0.6687,0.4722,4596,0
77833.64,debit_card,gateway_a,temporary_gateway_error,657,0.1163,0.4272,0,1,0.6279,0.7536,3444,1
58652.85,debit_card,gateway_c,authentication_required,306,0.1953,0.9947,1,1,0.5316,0.3899,4557,1
76333.52,net_banking,gateway_c,card_expired,572,0.8207,0.5283,0,0,0.6938,0.3282,5772,0
53192.13,wallet,gateway_c,suspected_fraud,714,0.4888,0.0065,0,0,0.9748,0.22,3252,0
8130.75,credit_card,gateway_a,rate_limit,417,0.1815,0.6556,0,0,0.8951,0.4047,6023,0
32123.78,wallet,gateway_b,network_timeout,371,0.1528,0.9959,0,0,0.3166,0.5591,5104,0
42083.21,credit_card,gateway_a,issuer_unavailable,111,0.8958,0.6347,0,4,0.5855,0.7298,2281,1
49744.47,net_banking,gateway_c,authentication_required,429,0.6334,0.0175,1,4,0.6972,0.2783,3825,1
92216.35,debit_card,gateway_b,insufficient_funds,618,0.5592,0.974,0,1,0.8857,0.8697,187,0
54374.66,debit_card,gateway_c,temporary_gateway_error,418,0.441,0.3212,1,1,0.3617,0.5401,1448,1
20094.76,upi,gateway_b,suspected_fraud,688,0.9191,0.5832,0,4,0.8726,0.4913,1135,0
21391.07,net_banking,gateway_b,suspected_fraud,307,0.7197,0.0119,0,4,0.6579,0.5417,969,0
23002.26,debit_card,gateway_a,insufficient_funds,481,0.4661,0.4669,0,2,0.5391,0.4004,3481,0
11062.73,upi,gateway_c,card_expired,222,0.4671,0.0318,0,4,0.9078,0.467,979,0
70732.91,debit_card,gateway_a,authentication_required,532,0.2289,0.9024,1,4,0.8239,0.6648,6307,0
42102.02,credit_card,gateway_b,rate_limit,731,0.4797,0.9827,0,0,0.3548,0.3504,1161,1
98814.02,wallet,gateway_b,card_expired,769,0.2422,0.9927,0,2,0.311,0.375,4693,0
61317.28,debit_card,gateway_a,temporary_gateway_error,579,0.9827,0.4372,1,4,0.4107,0.3758,361,0
84320.59,net_banking,gateway_b,suspected_fraud,24,0.6784,0.5614,0,2,0.4026,0.2144,4311,0
55159.83,net_banking,gateway_c,authentication_required,794,0.2356,0.3421,1,0,0.5714,0.7434,4238,1
81355.24,net_banking,gateway_a,temporary_gateway_error,707,0.5496,0.2444,0,4,0.9998,0.3154,6424,1
20580.26,debit_card,gateway_b,temporary_gateway_error,709,0.9358,0.3984,0,4,0.7816,0.7453,6296,1
15056.13,net_banking,gateway_c,insufficient_funds,730,0.9558,0.2846,0,3,0.4327,0.2132,3394,0
26908.03,wallet,gateway_b,rate_limit,679,0.6121,0.3245,0,1,0.5782,0.898,6266,0
21852.49,wallet,gateway_c,suspected_fraud,426,0.1219,0.3763,0,0,0.5349,0.4045,4553,0
17024.79,credit_card,gateway_a,card_expired,379,0.4286,0.3822,0,3,0.6109,0.2589,2016,0
20058.22,net_banking,gateway_c,issuer_unavailable,317,0.1002,0.1846,0,2,0.5885,0.3489,6653,0
68134.83,debit_card,gateway_b,card_expired,692,0.7998,0.2543,0,2,0.7475,0.8832,1813,0
58048.59,debit_card,gateway_b,network_timeout,366,0.1118,0.495,0,0,0.8353,0.6744,3113,1
58735.55,wallet,gateway_c,suspected_fraud,373,0.375,0.0218,0,3,0.4561,0.7378,5365,0
26641.99,credit_card,gateway_a,network_timeout,1000,0.008,0.9203,0,0,0.6896,0.3777,5239,1
56196.45,credit_card,gateway_b,suspected_fraud,883,0.1525,0.2398,0,3,0.8338,0.7887,4485,0
45081.56,net_banking,gateway_c,suspected_fraud,990,0.7028,0.1026,0,1,0.7888,0.4745,4877,0
32388.93,debit_card,gateway_c,card_expired,105,0.3646,0.1629,0,1,0.4206,0.5518,1661,0
52417.72,wallet,gateway_b,suspected_fraud,71,0.329,0.5303,0,0,0.8291,0.7144,1639,0
23307.58,net_banking,gateway_c,card_expired,595,0.2763,0.9162,0,4,0.9097,0.4344,4874,0
51867.38,credit_card,gateway_c,issuer_unavailable,205,0.5891,0.5724,0,2,0.9421,0.8518,4981,1
74794.21,wallet,gateway_a,network_timeout,963,0.2464,0.5762,0,3,0.353,0.5657,5966,0
82124.36,wallet,gateway_c,insufficient_funds,957,0.6952,0.2388,0,1,0.5065,0.6083,6010,1
39888.33,credit_card,gateway_b,authentication_required,529,0.4284,0.0371,1,3,0.5074,0.8394,5807,1
45756.03,net_banking,gateway_c,suspected_fraud,40,0.6094,0.0317,0,1,0.6481,0.8176,4762,0
2163.05,wallet,gateway_a,card_expired,924,0.2195,0.1894,0,4,0.7371,0.4475,4696,0
20902.18,upi,gateway_a,temporary_gateway_error,56,0.6533,0.5998,0,3,0.6529,0.279,3253,0
11532.4,wallet,gateway_a,insufficient_funds,775,0.4188,0.7882,0,4,0.5876,0.2855,1595,1
96015.64,credit_card,gateway_b,insufficient_funds,991,0.0395,0.1898,0,3,0.4207,0.3488,4644,0
53403.43,credit_card,gateway_b,network_timeout,886,0.987,0.5409,0,0,0.9313,0.5382,5536,0
45065.07,upi,gateway_c,card_expired,586,0.4323,0.2512,0,3,0.6814,0.7523,6872,0
30889.86,net_banking,gateway_b,insufficient_funds,188,0.4873,0.0307,0,2,0.6476,0.5473,1613,0
44173.54,credit_card,gateway_c,card_expired,63,0.8008,0.8929,0,4,0.8942,0.5214,3739,0
4748.14,wallet,gateway_a,temporary_gateway_error,602,0.9364,0.2713,0,3,0.6523,0.646,754,1
43006.14,debit_card,gateway_b,network_timeout,837,0.9439,0.3257,0,3,0.7438,0.8221,5938,0
60353.82,debit_card,gateway_a,issuer_unavailable,567,0.3387,0.0812,0,3,0.32,0.7078,5705,0
78994.54,debit_card,gateway_c,rate_limit,833,0.8612,0.0772,0,2,0.8114,0.4952,217,0
6704.52,net_banking,gateway_c,issuer_unavailable,945,0.497,0.9672,0,0,0.6208,0.858,2524,1
13370.42,upi,gateway_b,suspected_fraud,239,0.6076,0.2803,0,2,0.8658,0.2238,4824,0
90952.08,upi,gateway_b,insufficient_funds,383,0.2888,0.0941,0,2,0.5057,0.6157,3579,0
64474.69,debit_card,gateway_a,insufficient_funds,732,0.9196,0.5656,0,0,0.6701,0.5231,1557,0
13110.46,debit_card,gateway_c,authentication_required,450,0.6808,0.718,1,0,0.7534,0.3119,4853,0
6916.87,upi,gateway_c,card_expired,270,0.2659,0.1328,0,0,0.6148,0.49,6418,0
31869.74,debit_card,gateway_c,issuer_unavailable,221,0.0875,0.1988,0,4,0.7119,0.4573,4060,0
41697.97,net_banking,gateway_c,rate_limit,344,0.2515,0.2116,0,0,0.412,0.6141,520,0
1047.82,debit_card,gateway_c,insufficient_funds,675,0.0403,0.332,0,4,0.841,0.4921,5442,0
47497.29,debit_card,gateway_c,rate_limit,408,0.6191,0.4034,0,4,0.5726,0.2168,6053,0
32088.4,debit_card,gateway_a,rate_limit,470,0.8047,0.7479,0,1,0.515,0.545,5243,1
16144.43,credit_card,gateway_b,card_expired,756,0.9221,0.6172,1,2,0.4927,0.8153,4487,0
44109.26,debit_card,gateway_c,insufficient_funds,724,0.9284,0.2983,0,1,0.4676,0.3749,4954,1
31126.93,credit_card,gateway_b,issuer_unavailable,146,0.2518,0.361,0,4,0.5225,0.2815,3140,0
61508.31,wallet,gateway_a,insufficient_funds,576,0.3832,0.5312,0,4,0.9674,0.2153,2091,0
81090.16,wallet,gateway_a,temporary_gateway_error,74,0.3606,0.6875,0,3,0.8523,0.6617,6728,0
50260.39,wallet,gateway_b,authentication_required,24,0.7425,0.524,1,2,0.6153,0.3138,6068,0
9144.02,wallet,gateway_b,authentication_required,198,0.2285,0.1407,1,4,0.3535,0.8892,4053,1
33477.8,credit_card,gateway_b,suspected_fraud,487,0.8251,0.6168,0,4,0.3655,0.8376,2879,0
45151.15,upi,gateway_a,card_expired,204,0.3678,0.3256,0,2,0.6504,0.7256,1986,0
87716.32,credit_card,gateway_b,issuer_unavailable,358,0.5187,0.1157,0,3,0.6596,0.3689,5871,0
37933.41,wallet,gateway_c,issuer_unavailable,218,0.3548,0.6929,0,3,0.9646,0.8598,3423,0
38625.23,wallet,gateway_b,temporary_gateway_error,492,0.2125,0.247,0,0,0.6995,0.6481,5610,1
69241.64,wallet,gateway_c,authentication_required,873,0.7723,0.4686,1,4,0.3976,0.4558,4848,0
82139.72,credit_card,gateway_a,card_expired,390,0.9176,0.8266,0,3,0.3468,0.2557,66,0
46671.31,credit_card,gateway_c,suspected_fraud,592,0.7832,0.8907,1,1,0.7005,0.6563,7086,0
34488.57,upi,gateway_c,card_expired,416,0.3667,0.1643,0,3,0.4902,0.7197,5323,0
36145.68,wallet,gateway_a,insufficient_funds,965,0.0503,0.0984,0,1,0.8132,0.3917,6349,1
85344.09,wallet,gateway_a,temporary_gateway_error,275,0.0238,0.9709,0,1,0.977,0.7197,1638,1
42218.96,upi,gateway_b,issuer_unavailable,404,0.6743,0.1295,0,1,0.7359,0.3052,3883,0
95863.67,upi,gateway_c,rate_limit,380,0.915,0.097,0,4,0.6041,0.2531,5595,0
63353.84,upi,gateway_b,card_expired,450,0.2267,0.0788,0,3,0.6157,0.5997,1833,0
76728.24,debit_card,gateway_c,insufficient_funds,142,0.8174,0.9039,0,2,0.6486,0.823,307,0
71588.58,wallet,gateway_c,card_expired,855,0.06,0.1977,0,2,0.428,0.7633,5860,0
51821.37,net_banking,gateway_c,rate_limit,774,0.4329,0.2031,0,0,0.7369,0.8053,6673,1
38608.24,upi,gateway_b,suspected_fraud,717,0.3287,0.0136,0,1,0.7745,0.783,4280,0
30618.21,net_banking,gateway_b,rate_limit,942,0.6782,0.8947,0,4,0.7772,0.295,1022,0
44317.54,net_banking,gateway_b,network_timeout,146,0.2812,0.2827,1,1,0.726,0.2267,1052,1
24734.41,upi,gateway_b,temporary_gateway_error,996,0.4576,0.754,0,0,0.3512,0.4047,245,1
33539.23,credit_card,gateway_c,authentication_required,139,0.8863,0.3044,1,0,0.94,0.8552,5265,1
90631.01,debit_card,gateway_b,card_expired,973,0.7526,0.5786,0,1,0.4646,0.3248,4513,0
50842.47,debit_card,gateway_c,card_expired,397,0.038,0.4816,0,1,0.5934,0.4833,4255,0
79198.79,net_banking,gateway_a,network_timeout,642,0.8801,0.6315,1,4,0.7022,0.8239,3618,0
45097.48,debit_card,gateway_a,suspected_fraud,434,0.5569,0.2648,0,3,0.6418,0.7937,6919,0
39604.34,wallet,gateway_a,suspected_fraud,214,0.8042,0.6157,0,1,0.7029,0.7466,5823,0
36571.46,net_banking,gateway_a,card_expired,359,0.7207,0.3825,0,3,0.8576,0.7795,2146,0
24635.12,net_banking,gateway_b,rate_limit,259,0.1905,0.2221,0,1,0.4445,0.6396,2108,0
872.5,upi,gateway_a,authentication_required,607,0.8291,0.6135,1,1,0.3081,0.3565,6087,0
19829.94,debit_card,gateway_a,insufficient_funds,917,0.4036,0.8442,0,3,0.9635,0.7042,195,0
17734.56,credit_card,gateway_c,issuer_unavailable,484,0.1527,0.717,0,4,0.5123,0.5619,6850,1
27728.17,debit_card,gateway_b,network_timeout,526,0.2645,0.018,0,3,0.3276,0.5305,972,0
20687.76,wallet,gateway_b,rate_limit,94,0.7281,0.5174,0,1,0.9075,0.2455,3360,0
86719.01,upi,gateway_a,network_timeout,55,0.1874,0.5881,1,2,0.4896,0.5711,4027,0
74535.57,net_banking,gateway_a,insufficient_funds,360,0.7166,0.537,0,3,0.6527,0.5124,4509,0
29702.03,net_banking,gateway_b,card_expired,20,0.0625,0.8794,0,1,0.6129,0.3899,6895,0
90819.23,net_banking,gateway_b,network_timeout,370,0.7726,0.7797,0,1,0.8823,0.5285,1747,0
10735.38,upi,gateway_b,temporary_gateway_error,449,0.379,0.9267,0,4,0.7272,0.509,2283,0
40794.66,upi,gateway_b,insufficient_funds,782,0.9499,0.0454,1,4,0.8057,0.8412,3760,0
82709.83,upi,gateway_c,authentication_required,354,0.0657,0.8476,1,2,0.9918,0.3772,1920,0
26242.74,wallet,gateway_c,insufficient_funds,438,0.4299,0.5317,0,3,0.7396,0.4123,3840,0
26132.68,debit_card,gateway_a,issuer_unavailable,96,0.8602,0.4285,0,3,0.554,0.5467,4831,1
96983.07,debit_card,gateway_c,insufficient_funds,29,0.3233,0.6651,0,4,0.7077,0.7337,3574,1
33442.15,credit_card,gateway_a,network_timeout,468,0.8177,0.0118,0,3,0.6143,0.598,2421,1
76999.55,debit_card,gateway_c,insufficient_funds,836,0.2617,0.6294,0,1,0.9047,0.6185,4291,0
6413.71,upi,gateway_a,issuer_unavailable,176,0.646,0.3792,0,1,0.7371,0.7138,5345,1
36530.73,wallet,gateway_a,temporary_gateway_error,717,0.4154,0.21,0,3,0.3335,0.3949,623,1
99008.11,debit_card,gateway_c,authentication_required,47,0.8683,0.4237,1,2,0.9363,0.6115,5440,1
97310.51,net_banking,gateway_a,temporary_gateway_error,99,0.5658,0.4824,0,1,0.7487,0.4104,760,0
83951.47,credit_card,gateway_a,authentication_required,20,0.8845,0.4827,1,2,0.3064,0.845,6661,0
98521.59,credit_card,gateway_b,suspected_fraud,295,0.1841,0.0674,0,0,0.5103,0.6864,4866,0
96465.89,upi,gateway_b,suspected_fraud,124,0.729,0.7366,0,3,0.6806,0.3157,1004,0
60765.75,upi,gateway_c,rate_limit,807,0.2045,0.9321,0,2,0.417,0.7605,4644,0
50192.47,credit_card,gateway_c,issuer_unavailable,398,0.9981,0.9843,0,0,0.6337,0.3857,2777,0
55705.29,upi,gateway_a,temporary_gateway_error,64,0.0851,0.2146,0,4,0.8946,0.7457,3153,0
55182.0,credit_card,gateway_a,issuer_unavailable,986,0.4988,0.5518,1,3,0.7239,0.8054,1887,0
79182.23,wallet,gateway_a,insufficient_funds,634,0.5319,0.3583,0,3,0.678,0.8992,3130,0
8203.3,upi,gateway_a,network_timeout,349,0.8953,0.2691,0,1,0.6795,0.8878,3865,1
64445.64,debit_card,gateway_c,rate_limit,512,0.4748,0.8925,0,1,0.4273,0.2509,3006,1
11645.65,wallet,gateway_b,rate_limit,998,0.6345,0.4913,0,2,0.3385,0.3239,2178,0
46959.4,upi,gateway_b,card_expired,763,0.4804,0.4719,0,3,0.7545,0.6451,4116,0
4187.93,wallet,gateway_b,rate_limit,332,0.3442,0.9792,0,1,0.5238,0.2618,2698,1
46076.19,credit_card,gateway_b,insufficient_funds,303,0.9847,0.278,0,2,0.451,0.3588,6141,0
53128.82,wallet,gateway_a,suspected_fraud,388,0.0307,0.7897,0,3,0.449,0.6703,1433,0
9222.02,wallet,gateway_a,authentication_required,693,0.8683,0.8521,1,3,0.7187,0.8683,1214,0
92843.37,wallet,gateway_b,insufficient_funds,130,0.1841,0.7954,0,4,0.9008,0.4163,731,0
60691.97,credit_card,gateway_b,card_expired,985,0.5887,0.1149,0,4,0.8089,0.7602,4122,0
10219.38,debit_card,gateway_c,temporary_gateway_error,665,0.5556,0.2582,0,4,0.8475,0.6248,4079,1
57621.73,wallet,gateway_b,insufficient_funds,656,0.5168,0.7711,0,2,0.8955,0.2823,2375,0
58353.1,wallet,gateway_b,suspected_fraud,57,0.367,0.7193,0,2,0.8611,0.3727,1735,0
69276.88,net_banking,gateway_c,network_timeout,21,0.5621,0.0633,0,3,0.8143,0.7182,5316,1
44929.41,credit_card,gateway_b,insufficient_funds,706,0.9929,0.2785,0,4,0.5106,0.4875,553,0
43722.47,wallet,gateway_b,authentication_required,773,0.8837,0.5062,1,4,0.3016,0.7104,2766,0
93625.74,debit_card,gateway_b,card_expired,982,0.6627,0.6367,0,2,0.7367,0.2158,7011,0
50972.13,debit_card,gateway_a,insufficient_funds,631,0.3695,0.1187,0,1,0.9837,0.255,3435,0
21102.72,upi,gateway_c,insufficient_funds,309,0.0086,0.5416,0,1,0.5035,0.4476,5414,0
15936.92,credit_card,gateway_c,issuer_unavailable,722,0.5825,0.2884,0,4,0.3667,0.3518,5213,0
81815.7,wallet,gateway_a,insufficient_funds,101,0.556,0.8365,0,0,0.9246,0.714,3331,0
17886.02,credit_card,gateway_a,suspected_fraud,252,0.5863,0.5471,0,0,0.6631,0.6272,1420,0
27884.75,debit_card,gateway_c,rate_limit,993,0.0623,0.4882,0,3,0.7061,0.3878,3957,0
46623.65,wallet,gateway_c,insufficient_funds,869,0.0347,0.8415,0,0,0.3613,0.6454,6121,1
7824.82,credit_card,gateway_a,temporary_gateway_error,160,0.536,0.7466,0,4,0.5985,0.4978,47,1
97172.01,upi,gateway_a,temporary_gateway_error,297,0.5702,0.8431,0,1,0.5463,0.6925,107,1
5298.65,net_banking,gateway_b,rate_limit,678,0.5,0.7026,1,4,0.7061,0.668,6855,0
16078.82,credit_card,gateway_c,network_timeout,174,0.1574,0.0873,0,1,0.3796,0.6986,2509,1
92878.09,debit_card,gateway_a,network_timeout,851,0.5918,0.4975,0,3,0.589,0.5526,3464,1
57063.47,upi,gateway_c,temporary_gateway_error,102,0.2096,0.4573,0,2,0.6972,0.601,6764,1
45653.87,debit_card,gateway_b,rate_limit,579,0.8662,0.3447,0,1,0.5218,0.5539,1070,0
4981.57,credit_card,gateway_a,rate_limit,285,0.6101,0.9543,0,0,0.7327,0.8744,5663,1
98368.43,net_banking,gateway_c,insufficient_funds,567,0.2369,0.9495,0,3,0.5818,0.8724,5817,0
76582.99,net_banking,gateway_c,authentication_required,823,0.8545,0.5554,1,4,0.9782,0.6007,5061,1
77039.11,credit_card,gateway_a,insufficient_funds,65,0.6827,0.891,0,4,0.9501,0.5541,1677,1
76725.46,upi,gateway_b,suspected_fraud,584,0.5612,0.0414,0,2,0.4193,0.8872,4947,0
3619.81,debit_card,gateway_b,issuer_unavailable,271,0.3107,0.4801,0,3,0.4415,0.3428,2162,1
29764.08,credit_card,gateway_c,authentication_required,246,0.0779,0.959,1,1,0.8163,0.3861,557,0
824.46,credit_card,gateway_c,issuer_unavailable,350,0.704,0.9725,0,1,0.6968,0.8576,4897,1
70550.46,debit_card,gateway_c,issuer_unavailable,863,0.8484,0.8018,0,4,0.6002,0.8891,3348,1
73107.03,upi,gateway_c,suspected_fraud,83,0.8933,0.7066,0,2,0.7456,0.2847,4934,0
53584.92,upi,gateway_a,authentication_required,690,0.201,0.5939,1,0,0.9159,0.8272,2347,0
47177.73,credit_card,gateway_b,temporary_gateway_error,964,0.3617,0.3246,0,2,0.3531,0.3224,518,1
53040.89,upi,gateway_b,issuer_unavailable,438,0.8693,0.8276,0,0,0.9199,0.3311,3666,1
44707.37,upi,gateway_c,authentication_required,567,0.0404,0.4899,1,3,0.9586,0.6866,6895,0
18926.17,net_banking,gateway_c,card_expired,693,0.9901,0.6549,0,3,0.3261,0.2129,5002,0
48125.61,debit_card,gateway_c,network_timeout,342,0.1983,0.3051,0,2,0.976,0.861,2105,1
12223.56,debit_card,gateway_b,issuer_unavailable,601,0.545,0.128,0,2,0.6287,0.7078,2540,1
11400.39,wallet,gateway_c,rate_limit,551,0.9429,0.9536,0,4,0.6544,0.3113,4590,1
90817.36,debit_card,gateway_a,rate_limit,33,0.6035,0.8381,1,3,0.6795,0.2391,4153,0
44419.1,upi,gateway_a,authentication_required,72,0.3929,0.1012,1,4,0.8471,0.3148,5169,1
45025.34,wallet,gateway_c,rate_limit,743,0.2282,0.1619,0,3,0.6702,0.7845,5376,1
42759.1,upi,gateway_a,authentication_required,179,0.3575,0.4906,1,2,0.936,0.4592,2775,0
81746.17,upi,gateway_b,rate_limit,599,0.7791,0.2168,0,3,0.481,0.5265,4423,1
72561.1,net_banking,gateway_c,issuer_unavailable,514,0.3651,0.6108,0,1,0.3937,0.6017,2166,1
45680.4,upi,gateway_c,insufficient_funds,615,0.9524,0.2162,0,3,0.9855,0.523,7187,0
55685.43,upi,gateway_c,issuer_unavailable,732,0.5251,0.735,0,1,0.7847,0.5797,2477,0
78096.04,upi,gateway_b,issuer_unavailable,131,0.6442,0.1125,0,1,0.7444,0.5039,2351,0
24412.09,credit_card,gateway_a,temporary_gateway_error,436,0.3501,0.0913,0,4,0.8136,0.339,4134,1
83935.67,upi,gateway_c,suspected_fraud,388,0.7257,0.8837,0,1,0.4233,0.7597,4627,0
92639.75,net_banking,gateway_c,insufficient_funds,264,0.6354,0.5437,0,3,0.3716,0.7918,733,0
69343.33,net_banking,gateway_b,rate_limit,203,0.4025,0.1164,0,0,0.7545,0.4288,6377,1
2005.82,net_banking,gateway_a,temporary_gateway_error,357,0.5721,0.353,0,2,0.8127,0.7171,3367,1
14341.57,net_banking,gateway_c,suspected_fraud,175,0.7606,0.2734,0,4,0.6066,0.5803,828,0
96659.64,debit_card,gateway_b,issuer_unavailable,272,0.4114,0.3658,0,3,0.9383,0.4838,5943,0
88569.18,upi,gateway_c,card_expired,98,0.9726,0.7681,0,1,0.9741,0.3403,4407,0
96255.42,credit_card,gateway_a,temporary_gateway_error,33,0.7087,0.0306,0,2,0.3299,0.7537,49,0
84082.31,net_banking,gateway_a,authentication_required,172,0.5985,0.4977,1,0,0.6891,0.8411,6168,0
74596.87,debit_card,gateway_a,network_timeout,887,0.3656,0.7746,1,4,0.746,0.4552,3074,0
53671.45,net_banking,gateway_b,card_expired,869,0.7498,0.2435,0,0,0.4437,0.8836,3698,0
92121.31,credit_card,gateway_c,rate_limit,144,0.4559,0.518,0,3,0.824,0.691,563,1
18264.59,net_banking,gateway_a,card_expired,968,0.9336,0.6607,0,3,0.8339,0.3454,3045,0
78295.43,upi,gateway_c,insufficient_funds,161,0.1158,0.9035,0,0,0.7978,0.3355,3857,0
15427.87,wallet,gateway_a,issuer_unavailable,746,0.2082,0.4503,0,4,0.6255,0.7753,6270,0
67201.73,upi,gateway_b,card_expired,23,0.5415,0.1906,0,0,0.8232,0.8573,6237,0
71266.42,debit_card,gateway_b,authentication_required,154,0.5103,0.6837,1,3,0.5811,0.7675,1509,1
95276.92,net_banking,gateway_c,issuer_unavailable,769,0.7943,0.3146,0,4,0.6118,0.6855,5340,1
50243.55,debit_card,gateway_c,rate_limit,133,0.565,0.2444,0,3,0.7129,0.756,3457,1
58165.4,upi,gateway_b,rate_limit,183,0.0199,0.6064,0,1,0.7188,0.3401,6819,0
70452.97,credit_card,gateway_a,suspected_fraud,817,0.1703,0.2746,0,4,0.4765,0.3959,1418,0
7429.89,wallet,gateway_a,authentication_required,354,0.2186,0.7537,1,0,0.6035,0.8306,6730,0
10318.75,debit_card,gateway_b,suspected_fraud,971,0.8096,0.7188,0,1,0.5354,0.5217,1518,0
71575.01,credit_card,gateway_b,network_timeout,733,0.9893,0.7787,0,4,0.9501,0.7584,459,0
14540.11,debit_card,gateway_b,rate_limit,87,0.3599,0.4101,0,3,0.4954,0.3291,1839,0
52553.4,credit_card,gateway_a,authentication_required,372,0.5679,0.0092,1,1,0.5822,0.3826,6198,1
36935.11,wallet,gateway_c,card_expired,481,0.8639,0.9954,0,1,0.6905,0.6191,968,0
47188.58,upi,gateway_a,rate_limit,372,0.7307,0.6541,0,3,0.9432,0.8772,4225,1
98184.97,credit_card,gateway_b,issuer_unavailable,608,0.2832,0.4415,0,0,0.9375,0.4249,749,0
88955.89,wallet,gateway_b,card_expired,203,0.1694,0.1381,0,4,0.8094,0.3063,2301,0
2432.35,debit_card,gateway_c,rate_limit,267,0.4644,0.5566,0,0,0.6938,0.8017,2825,0
77682.32,upi,gateway_b,rate_limit,307,0.9569,0.6897,0,1,0.3027,0.299,5655,1
89712.9,net_banking,gateway_b,authentication_required,542,0.2683,0.4892,1,0,0.7763,0.6284,2272,1
67707.94,debit_card,gateway_c,issuer_unavailable,946,0.3957,0.7221,0,0,0.7432,0.8723,2741,1
5489.57,upi,gateway_c,card_expired,637,0.3754,0.1197,0,1,0.3865,0.6196,4896,0
79678.05,upi,gateway_b,rate_limit,503,0.2323,0.1544,0,0,0.5043,0.5828,4619,0
11814.36,credit_card,gateway_a,temporary_gateway_error,742,0.0301,0.2069,0,4,0.6668,0.2998,6966,0
5912.1,debit_card,gateway_a,temporary_gateway_error,514,0.6358,0.9604,0,4,0.9383,0.4264,5620,0
55333.48,wallet,gateway_a,network_timeout,148,0.9582,0.3528,0,1,0.5468,0.4879,4540,1
7382.59,credit_card,gateway_b,network_timeout,291,0.4228,0.8266,0,4,0.9482,0.4845,4711,0
95707.6,net_banking,gateway_a,suspected_fraud,309,0.655,0.1588,0,0,0.411,0.5705,2431,0
38220.45,debit_card,gateway_b,temporary_gateway_error,164,0.0403,0.3749,0,3,0.3002,0.6534,4834,0
50817.4,upi,gateway_a,card_expired,551,0.5066,0.4464,0,0,0.3679,0.476,2614,0
43876.51,net_banking,gateway_a,temporary_gateway_error,775,0.7793,0.3268,0,3,0.3507,0.7983,2346,0
65492.29,credit_card,gateway_a,rate_limit,849,0.04,0.3906,0,4,0.4077,0.2238,3421,1
6800.26,wallet,gateway_a,suspected_fraud,233,0.626,0.6385,0,1,0.621,0.3566,3928,0
29515.91,wallet,gateway_b,rate_limit,222,0.3641,0.883,0,0,0.932,0.3626,5409,0
69660.03,wallet,gateway_c,temporary_gateway_error,419,0.9079,0.0357,0,0,0.5685,0.7187,690,1
41384.34,upi,gateway_a,authentication_required,52,0.0636,0.0449,1,3,0.3583,0.4326,5830,0
61570.16,upi,gateway_a,issuer_unavailable,535,0.4932,0.6702,0,0,0.6023,0.4483,3285,0
67558.5,wallet,gateway_b,rate_limit,745,0.8726,0.3587,0,0,0.9244,0.6254,2547,1
57290.78,upi,gateway_c,suspected_fraud,304,0.5146,0.2061,0,1,0.4372,0.5341,1301,0
47969.31,debit_card,gateway_b,rate_limit,166,0.3555,0.5457,0,2,0.3036,0.6721,2323,0
46350.3,wallet,gateway_c,temporary_gateway_error,192,0.6738,0.8074,0,1,0.5337,0.509,2531,1
82343.76,upi,gateway_b,issuer_unavailable,564,0.2552,0.6999,0,3,0.335,0.8067,1347,0
49512.66,credit_card,gateway_a,card_expired,299,0.2612,0.924,0,1,0.4737,0.2693,5320,0
97272.36,credit_card,gateway_a,insufficient_funds,191,0.7311,0.3137,0,2,0.4842,0.4366,5879,0
2511.97,credit_card,gateway_a,temporary_gateway_error,819,0.456,0.4983,0,1,0.8337,0.2159,2368,1
87646.42,wallet,gateway_c,insufficient_funds,95,0.5542,0.7332,0,1,0.7618,0.7423,114,0
56723.99,credit_card,gateway_a,temporary_gateway_error,243,0.6145,0.4821,0,2,0.6689,0.5608,2265,1
65951.74,credit_card,gateway_b,rate_limit,259,0.5309,0.0179,0,2,0.5061,0.711,291,0
12214.87,credit_card,gateway_b,authentication_required,135,0.8495,0.2847,1,0,0.6884,0.8992,7167,1
92281.35,wallet,gateway_a,authentication_required,187,0.9861,0.35,1,1,0.5553,0.2571,1062,0
33271.26,upi,gateway_b,network_timeout,328,0.0359,0.6658,0,2,0.6544,0.7513,3408,0
63242.54,wallet,gateway_c,network_timeout,370,0.8698,0.5159,0,1,0.3859,0.4417,4069,1
21929.12,credit_card,gateway_a,issuer_unavailable,630,0.4932,0.433,0,2,0.7776,0.5809,1407,1
11364.12,upi,gateway_b,temporary_gateway_error,681,0.2259,0.0489,0,2,0.7981,0.4595,3477,1
86657.51,upi,gateway_a,card_expired,805,0.9267,0.7856,0,4,0.6862,0.892,4118,0
64599.55,upi,gateway_c,temporary_gateway_error,959,0.1909,0.9428,0,0,0.4573,0.4479,2509,1
16953.5,credit_card,gateway_c,rate_limit,302,0.0078,0.6463,0,3,0.5649,0.5184,6287,0
70768.64,credit_card,gateway_a,card_expired,516,0.6366,0.9701,0,1,0.7931,0.5173,4862,0
42086.04,credit_card,gateway_c,suspected_fraud,682,0.5499,0.1029,0,1,0.3785,0.2981,2669,0
64845.2,upi,gateway_c,authentication_required,360,0.0943,0.0646,1,1,0.9041,0.8752,120,1
26427.93,wallet,gateway_a,network_timeout,652,0.3797,0.6187,0,3,0.9083,0.3852,6198,0
18115.79,debit_card,gateway_a,temporary_gateway_error,322,0.3481,0.5635,0,4,0.8791,0.2373,2871,0
36465.24,net_banking,gateway_a,authentication_required,624,0.4306,0.1083,1,1,0.5472,0.7895,6940,0
3634.39,net_banking,gateway_a,rate_limit,837,0.478,0.8743,0,0,0.5104,0.7059,4671,0
33299.98,debit_card,gateway_a,insufficient_funds,750,0.4823,0.2799,0,0,0.912,0.2362,478,0
67945.77,debit_card,gateway_b,network_timeout,669,0.2883,0.3513,0,4,0.5611,0.3364,82,0
69531.2,debit_card,gateway_a,rate_limit,795,0.2988,0.5605,0,3,0.8232,0.4029,1699,0
65688.66,wallet,gateway_a,temporary_gateway_error,399,0.5323,0.8865,0,0,0.5864,0.7285,3954,1
56010.45,net_banking,gateway_b,issuer_unavailable,108,0.8362,0.5763,0,1,0.9399,0.5826,4162,0
80026.54,upi,gateway_a,insufficient_funds,790,0.9917,0.5958,0,2,0.7565,0.6294,6520,0
71246.7,upi,gateway_b,temporary_gateway_error,984,0.7165,0.7616,0,0,0.7471,0.8905,4596,1
21296.51,credit_card,gateway_b,temporary_gateway_error,290,0.6795,0.1628,0,3,0.8865,0.8415,1215,0
48184.58,credit_card,gateway_b,temporary_gateway_error,795,0.9211,0.5152,0,2,0.5831,0.7549,2509,0
95842.53,upi,gateway_a,network_timeout,699,0.4623,0.1072,0,3,0.3901,0.8185,2822,1
2575.12,wallet,gateway_a,rate_limit,205,0.7136,0.9542,0,4,0.718,0.86,1812,1
35583.99,upi,gateway_b,temporary_gateway_error,143,0.022,0.6724,0,3,0.7074,0.7189,1183,1
92424.79,debit_card,gateway_b,temporary_gateway_error,349,0.2687,0.0883,0,3,0.9715,0.6149,3370,1
89967.64,credit_card,gateway_a,temporary_gateway_error,752,0.5978,0.4516,1,4,0.3877,0.7305,4157,0
5799.08,wallet,gateway_b,insufficient_funds,443,0.6034,0.4512,0,2,0.3758,0.3075,3661,0
1703.38,wallet,gateway_c,insufficient_funds,355,0.2222,0.9457,0,3,0.8121,0.282,3237,0
64563.85,wallet,gateway_b,temporary_gateway_error,503,0.6427,0.6361,0,4,0.5377,0.4905,6834,1
60518.24,upi,gateway_a,card_expired,513,0.7581,0.3368,0,3,0.9591,0.7208,1555,0
16807.98,credit_card,gateway_c,insufficient_funds,166,0.7073,0.0092,0,4,0.3198,0.3763,2894,0
46596.82,wallet,gateway_c,insufficient_funds,720,0.8444,0.0814,0,3,0.8009,0.4863,6035,0
75105.54,credit_card,gateway_c,temporary_gateway_error,725,0.6229,0.8321,0,4,0.5221,0.6167,3793,1
8759.48,debit_card,gateway_a,authentication_required,448,0.9231,0.0457,1,1,0.7892,0.818,6625,0
44725.68,upi,gateway_c,issuer_unavailable,36,0.5024,0.5032,0,2,0.4991,0.3588,4100,0
10128.49,upi,gateway_a,authentication_required,803,0.3958,0.2782,1,1,0.4357,0.2366,819,0
96319.83,net_banking,gateway_c,insufficient_funds,183,0.3067,0.6394,0,3,0.3651,0.2145,3921,0
2951.8,net_banking,gateway_c,authentication_required,835,0.7667,0.2171,1,1,0.484,0.7839,4077,1
65858.32,wallet,gateway_c,suspected_fraud,201,0.8655,0.8294,0,0,0.7403,0.669,3593,0
93592.13,upi,gateway_c,suspected_fraud,778,0.077,0.8575,0,0,0.5358,0.3899,4928,0
96687.04,credit_card,gateway_b,insufficient_funds,958,0.1703,0.9596,0,1,0.3095,0.5284,879,0
51541.44,upi,gateway_a,authentication_required,759,0.6317,0.5107,1,3,0.9577,0.4075,3615,1
78772.85,debit_card,gateway_c,issuer_unavailable,312,0.6511,0.3793,0,0,0.4307,0.6321,5352,0
91355.03,wallet,gateway_c,network_timeout,160,0.2572,0.1422,0,3,0.9569,0.8744,4381,0
50710.2,debit_card,gateway_b,insufficient_funds,249,0.4304,0.426,0,1,0.8191,0.718,5004,0
83891.07,debit_card,gateway_a,authentication_required,360,0.5209,0.1517,1,3,0.6291,0.815,4265,1
12511.38,debit_card,gateway_b,card_expired,492,0.7664,0.6472,0,2,0.5275,0.6205,2162,0
25572.59,wallet,gateway_a,rate_limit,209,0.4229,0.6761,0,3,0.5185,0.7887,5976,0
97283.98,credit_card,gateway_a,insufficient_funds,268,0.0756,0.4432,0,2,0.8375,0.2818,3367,0
7817.03,upi,gateway_c,temporary_gateway_error,976,0.8941,0.318,0,0,0.6551,0.3742,1754,1
44866.37,debit_card,gateway_c,issuer_unavailable,86,0.5347,0.2198,0,4,0.8094,0.4491,2516,0
94395.59,wallet,gateway_a,network_timeout,236,0.9306,0.8635,1,2,0.9704,0.7194,6994,1
19616.84,wallet,gateway_b,authentication_required,780,0.9043,0.4999,1,4,0.6114,0.8804,2146,0
11113.9,upi,gateway_c,issuer_unavailable,698,0.2645,0.9888,0,4,0.9995,0.7269,4423,0
90488.56,upi,gateway_a,authentication_required,938,0.4841,0.3476,1,2,0.4115,0.4783,5628,1
4965.63,wallet,gateway_a,issuer_unavailable,555,0.9942,0.3266,0,4,0.3906,0.3585,971,0
83166.72,net_banking,gateway_c,card_expired,300,0.1748,0.5473,1,1,0.9711,0.6541,3509,0
45998.97,credit_card,gateway_a,temporary_gateway_error,559,0.5017,0.5457,0,3,0.5787,0.304,1392,1
35525.99,credit_card,gateway_a,authentication_required,399,0.7272,0.914,1,1,0.8433,0.4843,3645,1
39478.34,credit_card,gateway_c,card_expired,763,0.6005,0.2182,0,0,0.4092,0.327,638,0
88220.15,debit_card,gateway_c,network_timeout,110,0.9367,0.005,0,1,0.3164,0.3881,940,1
89834.41,net_banking,gateway_a,issuer_unavailable,398,0.2513,0.2802,0,3,0.6041,0.3544,388,0
78114.24,debit_card,gateway_a,card_expired,267,0.9007,0.7065,0,4,0.4205,0.5645,471,0
40106.71,debit_card,gateway_b,rate_limit,917,0.4268,0.1702,0,3,0.6359,0.7485,6121,0
24957.16,debit_card,gateway_b,issuer_unavailable,154,0.1009,0.6113,0,3,0.9324,0.8346,4934,0
47854.85,net_banking,gateway_a,card_expired,361,0.0788,0.9359,0,1,0.3594,0.3712,1108,0
25091.14,wallet,gateway_b,card_expired,843,0.5881,0.2895,0,3,0.4001,0.6549,2873,0
75751.28,wallet,gateway_b,authentication_required,357,0.4949,0.4149,1,0,0.6435,0.863,6854,0
70940.25,net_banking,gateway_c,authentication_required,683,0.3966,0.1017,1,0,0.8482,0.2862,3626,1
45309.66,debit_card,gateway_c,issuer_unavailable,219,0.6773,0.6455,0,2,0.4952,0.3382,1811,0
42638.68,debit_card,gateway_c,authentication_required,512,0.671,0.7513,1,1,0.662,0.8302,2775,1
19017.04,upi,gateway_c,rate_limit,65,0.155,0.249,0,1,0.9585,0.8707,5521,0
42449.95,upi,gateway_b,suspected_fraud,461,0.9653,0.5894,0,2,0.9817,0.5644,467,0
8540.74,wallet,gateway_a,card_expired,32,0.9554,0.2133,0,1,0.5627,0.7981,6738,0
7014.85,credit_card,gateway_b,card_expired,58,0.2763,0.1783,0,3,0.6094,0.4469,6687,0
14561.36,wallet,gateway_a,network_timeout,167,0.28,0.5828,0,0,0.3286,0.4498,7132,1
79208.67,credit_card,gateway_c,authentication_required,437,0.6142,0.4523,1,4,0.3963,0.8237,2636,1
97616.87,upi,gateway_b,rate_limit,301,0.4774,0.7456,0,3,0.3775,0.2159,1621,1
7606.57,net_banking,gateway_a,temporary_gateway_error,773,0.4273,0.554,0,4,0.8292,0.2596,4747,0
64985.39,upi,gateway_c,rate_limit,536,0.0933,0.4458,0,0,0.9309,0.5298,3678,1
33838.66,upi,gateway_a,network_timeout,931,0.4261,0.7969,0,0,0.7643,0.2132,1700,0
54809.71,wallet,gateway_c,rate_limit,262,0.1743,0.7215,0,3,0.9041,0.7348,3679,1
1293.28,net_banking,gateway_c,network_timeout,337,0.3743,0.472,0,3,0.4239,0.6699,7136,1
81431.4,debit_card,gateway_a,rate_limit,90,0.0199,0.3603,0,1,0.7107,0.7144,2965,0
52044.75,net_banking,gateway_a,rate_limit,453,0.1309,0.9856,0,4,0.7812,0.5764,1657,1
22350.16,net_banking,gateway_c,suspected_fraud,973,0.4378,0.5717,0,2,0.7763,0.2696,6333,0
48455.04,debit_card,gateway_b,insufficient_funds,428,0.7767,0.5678,0,1,0.9618,0.4123,1253,1
18436.96,debit_card,gateway_c,authentication_required,380,0.8172,0.3782,1,3,0.8566,0.556,3302,0
34545.36,upi,gateway_b,card_expired,513,0.9785,0.1078,0,1,0.9777,0.3748,4505,0
5339.13,credit_card,gateway_a,card_expired,475,0.0896,0.6026,0,1,0.938,0.4065,6807,0
73317.38,credit_card,gateway_b,rate_limit,589,0.355,0.8215,0,4,0.7797,0.3874,3819,1
18652.46,net_banking,gateway_c,issuer_unavailable,228,0.2,0.7474,0,3,0.6972,0.555,5332,0
23739.86,upi,gateway_a,network_timeout,984,0.3102,0.4739,0,3,0.625,0.445,5322,0
1853.04,upi,gateway_c,insufficient_funds,652,0.1591,0.9605,0,3,0.3421,0.4294,2690,0
74791.85,wallet,gateway_c,temporary_gateway_error,775,0.1303,0.2294,0,4,0.9009,0.2283,2710,0
80502.9,upi,gateway_b,temporary_gateway_error,186,0.1981,0.4927,0,4,0.9344,0.7902,1169,1
91457.22,wallet,gateway_a,issuer_unavailable,259,0.8646,0.5631,0,1,0.5086,0.6846,4338,0
76034.31,net_banking,gateway_b,card_expired,654,0.4341,0.3325,0,3,0.8846,0.2639,5861,0
87595.01,debit_card,gateway_a,insufficient_funds,345,0.9404,0.8097,0,1,0.9831,0.4589,766,1
86472.38,net_banking,gateway_a,network_timeout,734,0.7053,0.9412,0,0,0.8488,0.4453,5932,1
47958.46,upi,gateway_b,network_timeout,811,0.9932,0.2057,0,3,0.8086,0.5504,4400,0
65608.2,net_banking,gateway_a,network_timeout,952,0.0458,0.296,0,0,0.6149,0.4988,2752,0
45047.09,credit_card,gateway_b,suspected_fraud,674,0.4094,0.065,0,2,0.9582,0.845,2729,0
28756.34,net_banking,gateway_c,temporary_gateway_error,222,0.5615,0.5364,0,2,0.8134,0.7536,4875,1
61172.61,debit_card,gateway_b,temporary_gateway_error,781,0.8058,0.8714,0,0,0.4943,0.6248,1015,1
49643.49,credit_card,gateway_a,issuer_unavailable,979,0.0591,0.3686,0,2,0.3523,0.7854,6747,0
27273.23,debit_card,gateway_b,issuer_unavailable,889,0.1657,0.0727,0,1,0.4799,0.8812,6284,0
15646.5,credit_card,gateway_b,insufficient_funds,392,0.6723,0.0074,0,1,0.6347,0.2562,6163,1
61718.13,net_banking,gateway_b,card_expired,162,0.6248,0.3075,0,2,0.779,0.3837,3999,0
27016.03,credit_card,gateway_c,rate_limit,456,0.4829,0.6181,0,2,0.9775,0.2809,1168,1
15382.53,upi,gateway_c,insufficient_funds,668,0.6575,0.503,0,4,0.7145,0.395,4962,1
57179.55,credit_card,gateway_b,authentication_required,465,0.6765,0.0451,1,3,0.6901,0.3485,6995,1
8442.89,wallet,gateway_a,temporary_gateway_error,125,0.7812,0.9474,0,4,0.7825,0.3904,697,0
87959.49,wallet,gateway_c,network_timeout,22,0.9397,0.6846,1,1,0.944,0.4412,5172,1
65581.88,debit_card,gateway_a,network_timeout,536,0.1292,0.0075,0,4,0.5865,0.8256,1596,0
27755.38,net_banking,gateway_a,network_timeout,142,0.1789,0.949,0,0,0.9612,0.5731,2977,1
8547.26,credit_card,gateway_c,authentication_required,677,0.0553,0.082,1,4,0.7152,0.826,6923,1
70724.92,wallet,gateway_c,authentication_required,329,0.9056,0.1046,1,0,0.7627,0.556,6443,0
55678.41,credit_card,gateway_b,suspected_fraud,518,0.1552,0.2595,0,1,0.7927,0.8755,1774,0
49296.14,upi,gateway_a,temporary_gateway_error,157,0.7503,0.9118,0,2,0.7888,0.7222,837,1
34067.5,debit_card,gateway_a,rate_limit,337,0.2757,0.5863,0,2,0.4124,0.2989,4224,0
93463.92,credit_card,gateway_b,issuer_unavailable,476,0.0057,0.2445,0,2,0.9464,0.2216,1493,0
70193.1,debit_card,gateway_a,card_expired,987,0.9497,0.4189,0,3,0.825,0.306,6615,0
42407.02,upi,gateway_b,rate_limit,86,0.8596,0.9144,0,3,0.3766,0.3556,1395,1
51095.57,debit_card,gateway_c,temporary_gateway_error,987,0.3684,0.2232,0,4,0.7822,0.5222,4266,0
61032.51,credit_card,gateway_b,rate_limit,613,0.8989,0.2045,0,0,0.6668,0.3978,3555,1
37163.31,credit_card,gateway_a,temporary_gateway_error,946,0.1851,0.1371,1,4,0.7336,0.3412,5271,0
69893.81,credit_card,gateway_c,network_timeout,155,0.7554,0.3399,0,3,0.6722,0.4703,5811,1
16519.83,upi,gateway_a,authentication_required,292,0.5569,0.2032,1,0,0.4801,0.6457,4416,1
75038.39,upi,gateway_a,authentication_required,329,0.7636,0.3304,1,3,0.907,0.2335,5564,1
9449.62,wallet,gateway_a,insufficient_funds,147,0.0153,0.266,0,3,0.9781,0.5225,1839,0
63094.95,debit_card,gateway_c,authentication_required,287,0.9399,0.8209,1,3,0.5881,0.4904,85,0
87014.04,wallet,gateway_c,issuer_unavailable,587,0.6971,0.2852,0,1,0.316,0.7099,48,1
9293.89,net_banking,gateway_c,issuer_unavailable,816,0.6255,0.3791,0,4,0.8842,0.697,5003,1
54380.54,upi,gateway_b,issuer_unavailable,826,0.179,0.2255,0,2,0.3036,0.6335,3251,1
9989.68,credit_card,gateway_a,issuer_unavailable,468,0.2156,0.0356,0,1,0.3038,0.3766,5226,1
22129.76,debit_card,gateway_a,temporary_gateway_error,366,0.7679,0.638,0,1,0.5334,0.5314,5158,1
37767.02,upi,gateway_a,temporary_gateway_error,278,0.6557,0.3967,0,3,0.8542,0.8577,2972,0
47424.23,credit_card,gateway_c,temporary_gateway_error,377,0.0904,0.8386,0,3,0.944,0.6502,4099,0
7902.23,net_banking,gateway_a,network_timeout,37,0.8758,0.5355,0,1,0.6058,0.4068,4323,1
63879.08,net_banking,gateway_a,rate_limit,935,0.796,0.7473,0,2,0.9864,0.8702,122,1
37991.69,wallet,gateway_b,rate_limit,722,0.2646,0.9415,0,1,0.341,0.2482,5876,1
22065.63,wallet,gateway_b,card_expired,147,0.4582,0.9338,0,3,0.6565,0.8563,6704,0
43777.83,wallet,gateway_c,rate_limit,265,0.7518,0.2627,0,4,0.9033,0.5361,3867,1
7856.04,upi,gateway_a,authentication_required,252,0.111,0.5797,1,4,0.7308,0.6633,1772,0
3172.25,credit_card,gateway_a,network_timeout,492,0.2101,0.4824,0,0,0.6765,0.8764,3358,1
16292.29,credit_card,gateway_a,temporary_gateway_error,953,0.9805,0.4583,0,0,0.3309,0.7411,4589,1
89037.0,upi,gateway_b,temporary_gateway_error,536,0.5856,0.8076,0,2,0.3264,0.812,4529,0
84860.22,upi,gateway_c,insufficient_funds,389,0.0986,0.2566,0,0,0.6431,0.7747,5691,0
99617.68,wallet,gateway_b,rate_limit,960,0.5619,0.6681,0,2,0.6369,0.3568,6535,1
2063.86,credit_card,gateway_c,card_expired,757,0.5328,0.454,1,2,0.3103,0.683,3413,0
19385.75,wallet,gateway_a,issuer_unavailable,647,0.2666,0.541,0,0,0.6777,0.6746,1854,0
2144.89,credit_card,gateway_b,rate_limit,800,0.66,0.4541,0,1,0.5556,0.5126,6376,1
49291.89,net_banking,gateway_c,authentication_required,720,0.274,0.122,1,3,0.358,0.2151,453,0
53833.59,net_banking,gateway_a,card_expired,277,0.7304,0.9961,0,0,0.8957,0.4702,2746,0
91374.8,credit_card,gateway_c,rate_limit,153,0.7354,0.3176,0,1,0.7442,0.5547,1216,1
95981.77,upi,gateway_c,suspected_fraud,763,0.0582,0.9775,0,1,0.972,0.5468,1819,0
99626.38,debit_card,gateway_b,authentication_required,318,0.6421,0.5833,1,2,0.3516,0.5476,5142,1
52601.66,credit_card,gateway_c,issuer_unavailable,464,0.4543,0.3801,0,4,0.7152,0.8373,206,0
30881.71,debit_card,gateway_a,issuer_unavailable,275,0.4386,0.0538,0,2,0.6186,0.2326,6789,1
78117.29,wallet,gateway_b,rate_limit,279,0.3304,0.7554,0,4,0.5615,0.7864,4752,0
19777.16,net_banking,gateway_c,network_timeout,318,0.3622,0.3046,0,4,0.7549,0.5849,4852,0
6938.62,wallet,gateway_a,temporary_gateway_error,681,0.8097,0.4367,0,4,0.8335,0.8058,3949,0
89564.07,net_banking,gateway_c,issuer_unavailable,542,0.361,0.1882,0,1,0.3197,0.6469,2678,0
98099.24,net_banking,gateway_a,issuer_unavailable,926,0.5937,0.1305,0,3,0.4195,0.4899,2557,0
75254.58,wallet,gateway_c,authentication_required,621,0.8523,0.9622,1,0,0.7557,0.5408,6114,1
16112.67,upi,gateway_a,temporary_gateway_error,277,0.765,0.6398,0,1,0.5609,0.3674,3699,1
62946.91,upi,gateway_c,suspected_fraud,21,0.0381,0.1867,0,1,0.5923,0.8988,5283,0
53567.98,net_banking,gateway_a,authentication_required,933,0.1285,0.0551,1,3,0.7584,0.7866,3961,0
36249.48,credit_card,gateway_a,issuer_unavailable,786,0.2875,0.8588,0,2,0.7983,0.4496,3055,0
4387.32,wallet,gateway_c,network_timeout,52,0.602,0.9524,0,2,0.4582,0.4556,3350,1
81596.65,upi,gateway_b,network_timeout,785,0.4404,0.4372,0,4,0.8195,0.5491,6737,0
71710.96,wallet,gateway_b,authentication_required,906,0.9407,0.5701,1,3,0.813,0.316,2117,1
84767.04,debit_card,gateway_c,authentication_required,445,0.6226,0.8644,1,2,0.7738,0.673,979,0
52997.86,wallet,gateway_a,temporary_gateway_error,174,0.6711,0.417,0,1,0.3959,0.4613,5857,1
3156.76,wallet,gateway_a,issuer_unavailable,415,0.2061,0.4536,0,0,0.4841,0.7857,169,1
28393.73,debit_card,gateway_a,suspected_fraud,689,0.8856,0.3756,0,0,0.9101,0.448,1102,0
25267.95,net_banking,gateway_b,insufficient_funds,157,0.4901,0.1767,0,4,0.3028,0.4569,6730,0
59029.57,upi,gateway_b,issuer_unavailable,42,0.5337,0.6602,0,1,0.3735,0.6819,306,1
44583.65,debit_card,gateway_c,rate_limit,452,0.0552,0.4515,0,3,0.6622,0.7114,2027,0
68805.77,wallet,gateway_b,suspected_fraud,251,0.8296,0.3335,0,1,0.3394,0.4767,2343,0
110.7,credit_card,gateway_a,issuer_unavailable,192,0.1963,0.644,0,4,0.7466,0.37,2868,1
21999.27,wallet,gateway_c,network_timeout,896,0.9471,0.9277,0,1,0.4727,0.245,5194,1
77914.7,credit_card,gateway_c,issuer_unavailable,517,0.0637,0.7196,0,2,0.694,0.7521,3332,1
17205.29,credit_card,gateway_b,temporary_gateway_error,319,0.7501,0.5937,0,2,0.3319,0.3449,5910,0
34127.96,debit_card,gateway_c,authentication_required,205,0.1787,0.0304,1,1,0.8115,0.4632,6108,0
34264.75,debit_card,gateway_b,rate_limit,887,0.2244,0.8543,0,4,0.4596,0.4045,6566,0
2631.91,debit_card,gateway_c,insufficient_funds,315,0.4315,0.0125,0,2,0.4229,0.6385,2009,0
42648.34,upi,gateway_a,network_timeout,507,0.1582,0.31,0,3,0.5729,0.2351,7163,1
84053.72,wallet,gateway_a,authentication_required,630,0.5346,0.6405,1,4,0.6078,0.7599,6928,0
38701.79,debit_card,gateway_b,rate_limit,726,0.2345,0.319,0,4,0.7869,0.565,7012,0
89311.21,net_banking,gateway_c,insufficient_funds,246,0.7415,0.2453,0,2,0.7843,0.387,5319,0
88084.44,debit_card,gateway_a,temporary_gateway_error,196,0.3769,0.0231,0,2,0.8767,0.6681,3211,0
83233.92,credit_card,gateway_b,insufficient_funds,340,0.5512,0.8217,0,0,0.9683,0.2677,2277,1
12125.03,wallet,gateway_b,temporary_gateway_error,690,0.689,0.2432,0,2,0.4602,0.7443,5473,0
28047.35,credit_card,gateway_a,authentication_required,734,0.5659,0.5162,1,3,0.9699,0.744,3371,0
2473.93,debit_card,gateway_b,insufficient_funds,684,0.1554,0.1571,0,4,0.7044,0.7621,6344,1
62489.41,upi,gateway_b,network_timeout,918,0.5991,0.1315,0,3,0.4697,0.7943,2566,0
84118.25,upi,gateway_a,issuer_unavailable,943,0.6388,0.845,0,1,0.8035,0.8375,6506,0
88461.59,debit_card,gateway_c,temporary_gateway_error,554,0.7952,0.7095,0,0,0.8044,0.8978,5069,0
75088.47,net_banking,gateway_c,authentication_required,270,0.5485,0.9816,1,1,0.9276,0.7205,1236,1
42588.94,wallet,gateway_c,temporary_gateway_error,483,0.4825,0.1952,0,0,0.988,0.7426,3755,1
92483.96,wallet,gateway_c,temporary_gateway_error,581,0.96,0.5201,0,2,0.6411,0.5588,3781,1
39462.12,debit_card,gateway_a,rate_limit,761,0.2317,0.0813,0,0,0.3389,0.487,2858,0
48486.71,wallet,gateway_b,rate_limit,737,0.6778,0.5403,0,2,0.4026,0.5709,2089,1
74953.09,debit_card,gateway_a,card_expired,677,0.1478,0.1299,0,3,0.4275,0.6291,2797,0
60215.32,net_banking,gateway_a,insufficient_funds,891,0.1991,0.5618,0,3,0.6972,0.7991,4920,0
48661.56,upi,gateway_c,authentication_required,74,0.4708,0.0434,1,4,0.4646,0.2093,4420,0
65155.75,debit_card,gateway_c,network_timeout,693,0.4994,0.0009,0,3,0.4778,0.72,2689,0
76928.98,wallet,gateway_c,rate_limit,201,0.7771,0.2442,0,2,0.4531,0.6048,1867,0
19899.79,net_banking,gateway_c,issuer_unavailable,483,0.5959,0.3665,0,0,0.4948,0.5653,561,1
70725.9,wallet,gateway_c,issuer_unavailable,119,0.2026,0.0515,0,2,0.9771,0.8835,1668,1
35346.47,wallet,gateway_b,card_expired,346,0.9091,0.5939,0,2,0.6656,0.7418,2990,0
80073.63,wallet,gateway_b,network_timeout,282,0.7,0.0131,0,3,0.398,0.4136,5742,0
6944.09,net_banking,gateway_c,temporary_gateway_error,438,0.48,0.6823,0,2,0.452,0.8366,2590,1
14375.03,upi,gateway_a,rate_limit,49,0.6947,0.1656,0,3,0.9832,0.5017,4497,1
13455.35,upi,gateway_c,issuer_unavailable,528,0.4794,0.4545,0,2,0.8322,0.7474,2685,1
2077.54,debit_card,gateway_c,suspected_fraud,783,0.7354,0.1509,0,2,0.3897,0.7576,5528,0
19004.45,upi,gateway_b,network_timeout,270,0.5786,0.8524,0,2,0.6873,0.3227,1518,1
78261.25,debit_card,gateway_b,issuer_unavailable,856,0.6243,0.3947,0,3,0.5464,0.2874,2616,0
94730.35,credit_card,gateway_b,rate_limit,737,0.8412,0.4848,0,4,0.8613,0.5297,3533,1
3247.65,upi,gateway_a,temporary_gateway_error,747,0.6645,0.2244,0,3,0.506,0.5955,5572,0
3890.47,net_banking,gateway_b,temporary_gateway_error,471,0.7732,0.7494,0,1,0.6725,0.6257,822,0
37233.62,net_banking,gateway_b,suspected_fraud,633,0.5263,0.22,0,3,0.8064,0.7025,5116,0
19766.73,upi,gateway_b,insufficient_funds,698,0.3563,0.3244,0,0,0.6086,0.5721,347,1
98633.68,debit_card,gateway_a,card_expired,470,0.4004,0.5863,0,0,0.8591,0.7575,876,0
56425.58,debit_card,gateway_b,authentication_required,481,0.6794,0.718,1,0,0.8439,0.6369,2836,0
77252.68,net_banking,gateway_b,temporary_gateway_error,578,0.6144,0.1082,0,1,0.4992,0.4789,6534,1
21109.59,debit_card,gateway_b,authentication_required,908,0.0628,0.243,1,3,0.8884,0.2938,4565,0
16620.39,wallet,gateway_b,issuer_unavailable,80,0.0413,0.8969,0,3,0.9349,0.2661,3365,1
77537.18,upi,gateway_a,insufficient_funds,91,0.348,0.1396,0,0,0.682,0.2054,1923,0
90095.87,credit_card,gateway_a,insufficient_funds,656,0.5513,0.3295,1,4,0.4433,0.5496,2774,1
82663.37,upi,gateway_b,suspected_fraud,426,0.0501,0.5819,0,2,0.5658,0.5011,6767,0
21062.01,wallet,gateway_c,suspected_fraud,565,0.4904,0.0876,0,2,0.4928,0.3218,4059,0
95779.1,wallet,gateway_c,issuer_unavailable,402,0.7957,0.7763,0,3,0.5067,0.8885,4753,1
48174.62,credit_card,gateway_c,rate_limit,963,0.6461,0.6144,0,3,0.4264,0.2676,5279,0
88630.35,upi,gateway_a,temporary_gateway_error,54,0.7042,0.1265,0,2,0.3281,0.8916,1496,0
14620.53,wallet,gateway_a,temporary_gateway_error,800,0.0918,0.1355,0,4,0.8631,0.8389,1281,1
55036.74,wallet,gateway_a,insufficient_funds,623,0.8387,0.6715,0,1,0.4759,0.7181,6613,0
30398.78,credit_card,gateway_b,insufficient_funds,69,0.5243,0.0037,0,3,0.9582,0.6213,7170,0
48381.11,upi,gateway_b,issuer_unavailable,454,0.0358,0.3422,0,0,0.6556,0.4493,3699,0
80067.82,wallet,gateway_b,authentication_required,336,0.2861,0.8844,1,2,0.3822,0.3861,1563,0
19698.41,credit_card,gateway_c,authentication_required,270,0.5582,0.7292,1,2,0.4397,0.6879,7073,1
25617.62,upi,gateway_c,card_expired,475,0.478,0.9571,0,2,0.8108,0.583,5940,0
63005.7,debit_card,gateway_b,authentication_required,163,0.7888,0.3357,1,0,0.6042,0.8513,7098,1
80255.46,debit_card,gateway_b,issuer_unavailable,884,0.4884,0.064,0,0,0.6355,0.7029,5797,1
67684.36,credit_card,gateway_a,authentication_required,311,0.4875,0.9122,1,3,0.5449,0.3095,1598,1
9960.81,upi,gateway_c,temporary_gateway_error,313,0.8491,0.043,0,2,0.5735,0.5506,2799,1
88574.29,credit_card,gateway_a,insufficient_funds,208,0.6844,0.7528,0,2,0.9391,0.218,1145,0
42591.24,credit_card,gateway_b,card_expired,207,0.9184,0.3145,0,0,0.6713,0.6737,2692,0
31839.78,wallet,gateway_b,temporary_gateway_error,498,0.8352,0.3211,0,1,0.5299,0.3104,2001,1
22371.39,credit_card,gateway_a,card_expired,909,0.6112,0.3309,0,0,0.4305,0.6349,4314,0
99034.35,credit_card,gateway_b,rate_limit,436,0.4887,0.0228,0,3,0.9775,0.7169,2713,0
84779.65,net_banking,gateway_a,network_timeout,51,0.8643,0.8132,0,1,0.8404,0.2357,5052,1
30109.41,wallet,gateway_c,rate_limit,121,0.6831,0.3796,0,2,0.9943,0.7012,4167,0
6506.83,upi,gateway_a,suspected_fraud,52,0.7488,0.7609,0,0,0.5293,0.7141,3972,0
69015.18,upi,gateway_b,card_expired,374,0.5223,0.7401,0,3,0.7525,0.7524,131,0
50475.08,credit_card,gateway_c,rate_limit,418,0.9443,0.6916,0,4,0.5373,0.2943,2865,0
7846.4,upi,gateway_c,issuer_unavailable,421,0.7663,0.1453,0,1,0.3485,0.8581,3297,1
53063.99,credit_card,gateway_c,insufficient_funds,166,0.0488,0.6726,0,0,0.8683,0.8101,6953,0
68483.81,upi,gateway_a,rate_limit,595,0.808,0.1854,0,1,0.4398,0.8859,4881,1
79794.33,net_banking,gateway_a,rate_limit,298,0.6708,0.9569,0,1,0.3799,0.4133,1066,1
38452.42,credit_card,gateway_a,issuer_unavailable,32,0.0699,0.965,0,0,0.3842,0.5354,2249,0
56733.74,debit_card,gateway_c,authentication_required,464,0.6369,0.4193,1,2,0.3855,0.3496,3618,0
77364.83,upi,gateway_a,suspected_fraud,198,0.697,0.4561,1,0,0.6643,0.6724,371,0
81744.88,debit_card,gateway_a,rate_limit,192,0.6509,0.1699,0,2,0.5648,0.6526,1963,0
61805.64,credit_card,gateway_b,network_timeout,571,0.741,0.8521,0,2,0.5471,0.3652,4852,0
89408.46,upi,gateway_b,suspected_fraud,256,0.1736,0.5036,0,4,0.5989,0.6513,3725,0
75801.17,net_banking,gateway_a,rate_limit,983,0.2445,0.602,0,0,0.9735,0.7514,1652,1
22605.38,wallet,gateway_a,insufficient_funds,267,0.0132,0.1125,0,4,0.8997,0.6766,6723,0
48367.81,net_banking,gateway_c,issuer_unavailable,962,0.0329,0.0074,0,0,0.7771,0.4269,6057,1
56183.91,upi,gateway_b,temporary_gateway_error,50,0.8294,0.7568,0,2,0.6722,0.641,1244,0
78295.39,debit_card,gateway_b,card_expired,513,0.0536,0.801,0,3,0.7777,0.5905,350,0
89078.04,credit_card,gateway_c,suspected_fraud,932,0.9363,0.6321,0,1,0.8839,0.8956,4589,0
45123.58,debit_card,gateway_a,issuer_unavailable,583,0.8256,0.9447,0,4,0.8853,0.5224,1796,1
18467.46,credit_card,gateway_a,insufficient_funds,346,0.0291,0.9714,0,0,0.6081,0.8705,5929,0
72752.38,debit_card,gateway_b,insufficient_funds,571,0.3063,0.001,0,1,0.3751,0.562,1873,0
47508.3,net_banking,gateway_a,temporary_gateway_error,226,0.4391,0.7286,0,2,0.5514,0.6851,3062,0
57003.51,net_banking,gateway_b,authentication_required,371,0.7463,0.8774,1,2,0.9443,0.3627,907,1
43873.93,net_banking,gateway_b,temporary_gateway_error,981,0.4144,0.6541,0,3,0.777,0.2846,3020,0
29855.92,wallet,gateway_c,authentication_required,610,0.6285,0.8356,1,2,0.8005,0.5873,1095,0
79310.17,net_banking,gateway_b,network_timeout,724,0.0547,0.4793,0,2,0.5103,0.2796,60,1
78522.01,net_banking,gateway_c,insufficient_funds,676,0.1353,0.7242,0,3,0.6869,0.5519,314,0
6703.21,net_banking,gateway_b,authentication_required,264,0.8253,0.5191,1,1,0.479,0.8569,5865,1
29443.08,upi,gateway_c,rate_limit,798,0.6969,0.8643,0,3,0.6083,0.4126,5877,0
19957.59,debit_card,gateway_b,suspected_fraud,594,0.766,0.1387,0,3,0.659,0.8761,6990,0
88423.57,upi,gateway_a,suspected_fraud,468,0.8261,0.6548,0,1,0.5597,0.232,6483,0
71887.07,net_banking,gateway_c,authentication_required,675,0.0884,0.7689,1,3,0.3911,0.5094,4397,1
41855.23,net_banking,gateway_b,insufficient_funds,688,0.9175,0.4278,0,3,0.5208,0.3092,2527,0
13210.01,net_banking,gateway_b,authentication_required,930,0.3777,0.6504,1,2,0.6528,0.8166,6204,0
44807.16,debit_card,gateway_b,card_expired,649,0.8782,0.9877,0,3,0.9349,0.3921,4475,0
47130.99,net_banking,gateway_b,temporary_gateway_error,187,0.1901,0.5938,0,0,0.6436,0.2613,805,0
70206.29,wallet,gateway_b,insufficient_funds,669,0.8228,0.7184,0,3,0.3758,0.4427,5156,0
21071.04,net_banking,gateway_b,authentication_required,344,0.4453,0.9125,1,0,0.398,0.8098,2652,1
8482.56,wallet,gateway_a,issuer_unavailable,947,0.9549,0.286,1,2,0.4616,0.7412,2889,1
65982.11,credit_card,gateway_b,temporary_gateway_error,819,0.0339,0.254,0,3,0.7555,0.6336,2023,0
7183.02,net_banking,gateway_c,insufficient_funds,125,0.1299,0.9771,0,0,0.489,0.7162,2835,1
11092.18,upi,gateway_a,issuer_unavailable,818,0.9547,0.3553,0,3,0.4146,0.8231,2515,0
75961.11,debit_card,gateway_a,authentication_required,769,0.7777,0.0917,1,4,0.6086,0.7753,6112,1
22292.94,wallet,gateway_b,rate_limit,198,0.0121,0.2876,0,3,0.3448,0.3578,5523,0
69039.02,net_banking,gateway_c,temporary_gateway_error,773,0.7768,0.1665,0,0,0.8099,0.8727,6468,0
59372.29,credit_card,gateway_c,authentication_required,803,0.6495,0.0682,1,1,0.63,0.6014,4908,0
35828.1,credit_card,gateway_b,insufficient_funds,69,0.5719,0.0881,0,4,0.3792,0.4423,5409,0
74922.5,net_banking,gateway_a,rate_limit,606,0.6967,0.6651,0,1,0.3775,0.7823,2790,1
47003.68,net_banking,gateway_c,suspected_fraud,647,0.9815,0.0951,0,1,0.9261,0.2866,1854,0
98212.48,credit_card,gateway_c,suspected_fraud,161,0.0372,0.915,0,0,0.7332,0.3359,3297,0
88718.93,wallet,gateway_a,card_expired,849,0.5542,0.3321,0,4,0.9803,0.3632,2867,0
26672.63,upi,gateway_c,temporary_gateway_error,274,0.7817,0.3318,0,2,0.4315,0.3969,3792,1
10255.43,debit_card,gateway_a,issuer_unavailable,28,0.7998,0.2643,0,3,0.8489,0.4092,191,0
21865.63,net_banking,gateway_c,authentication_required,218,0.8504,0.2269,1,4,0.7825,0.352,869,0
36230.35,upi,gateway_c,card_expired,79,0.2944,0.2617,0,1,0.9389,0.2574,3601,0
46333.93,debit_card,gateway_a,network_timeout,214,0.3079,0.6828,0,3,0.5231,0.4553,4000,0
81901.04,upi,gateway_a,suspected_fraud,958,0.2004,0.9247,0,1,0.4318,0.6585,2565,0
32723.83,wallet,gateway_a,suspected_fraud,547,0.6399,0.7781,0,1,0.5097,0.5524,5301,0
53716.62,wallet,gateway_c,rate_limit,59,0.7498,0.394,0,2,0.9744,0.7634,5329,1
97757.12,debit_card,gateway_a,rate_limit,229,0.1378,0.8943,0,2,0.7151,0.4583,350,1
99180.46,upi,gateway_b,insufficient_funds,128,0.2369,0.8364,0,2,0.5299,0.6411,7012,1
55528.42,debit_card,gateway_a,insufficient_funds,966,0.3789,0.903,0,4,0.8882,0.6925,255,1
82107.69,credit_card,gateway_b,temporary_gateway_error,187,0.4788,0.8528,0,4,0.326,0.4966,6482,1
76144.36,upi,gateway_c,rate_limit,895,0.1482,0.3462,0,4,0.4388,0.7752,1785,0
92130.14,credit_card,gateway_a,network_timeout,794,0.2887,0.6387,0,3,0.3772,0.6136,1487,1
66054.44,wallet,gateway_c,card_expired,657,0.5433,0.6168,0,3,0.4938,0.7059,4018,0
44095.92,wallet,gateway_b,authentication_required,281,0.0777,0.3335,1,3,0.3558,0.8833,3730,0
7995.69,net_banking,gateway_b,issuer_unavailable,418,0.3873,0.6711,0,1,0.8238,0.6859,1805,1
14154.58,wallet,gateway_b,network_timeout,524,0.8497,0.7063,0,4,0.3243,0.6687,680,1
39163.83,upi,gateway_c,suspected_fraud,190,0.5604,0.3801,0,2,0.6498,0.3749,6685,0
30049.28,wallet,gateway_c,authentication_required,931,0.5912,0.2602,1,0,0.7339,0.8463,5060,0
63374.6,net_banking,gateway_b,temporary_gateway_error,229,0.7472,0.8197,0,1,0.6889,0.88,1590,1
4565.7,debit_card,gateway_b,issuer_unavailable,979,0.6411,0.8208,0,3,0.9444,0.6414,4159,1
10070.07,debit_card,gateway_c,authentication_required,23,0.3431,0.5685,1,1,0.9897,0.2688,6480,1
34603.87,credit_card,gateway_c,rate_limit,660,0.4157,0.8123,0,1,0.999,0.331,4604,0
32371.78,net_banking,gateway_b,authentication_required,435,0.1067,0.6828,1,3,0.4267,0.5681,4041,0
79446.7,wallet,gateway_a,suspected_fraud,159,0.3634,0.6093,0,1,0.7829,0.3918,6293,0
82116.69,net_banking,gateway_b,insufficient_funds,649,0.9598,0.8595,0,3,0.7336,0.7962,6674,0
48708.33,credit_card,gateway_b,card_expired,145,0.2061,0.5869,0,4,0.5053,0.5911,105,0
71726.42,debit_card,gateway_a,temporary_gateway_error,273,0.7175,0.2037,0,4,0.9018,0.7173,2603,0
17966.29,credit_card,gateway_b,card_expired,664,0.6833,0.4111,0,1,0.4072,0.3562,6996,0
23391.89,wallet,gateway_c,rate_limit,902,0.6388,0.5526,0,4,0.5857,0.4976,1607,1
41582.54,credit_card,gateway_b,rate_limit,166,0.6254,0.9055,0,3,0.6309,0.6257,3183,0
70787.93,wallet,gateway_a,insufficient_funds,451,0.2208,0.17,1,4,0.3428,0.6859,2632,0
30267.84,wallet,gateway_a,insufficient_funds,862,0.0161,0.1039,0,2,0.3983,0.8301,4586,0
72673.04,upi,gateway_b,suspected_fraud,638,0.0017,0.8963,0,3,0.6682,0.7634,4162,0
93569.86,wallet,gateway_b,card_expired,443,0.5966,0.6617,0,3,0.7947,0.7726,5958,0
88684.19,upi,gateway_b,temporary_gateway_error,697,0.7634,0.4531,0,3,0.7589,0.6179,1006,0
47769.61,upi,gateway_b,authentication_required,532,0.8705,0.5651,1,4,0.4999,0.8995,3377,0
12937.74,credit_card,gateway_c,suspected_fraud,567,0.6572,0.326,1,4,0.3966,0.5757,4524,0
16074.48,upi,gateway_c,temporary_gateway_error,541,0.0998,0.8007,0,0,0.6836,0.3373,2771,1
62931.08,debit_card,gateway_c,suspected_fraud,602,0.1205,0.8865,0,0,0.5408,0.5604,6246,0
26261.25,net_banking,gateway_b,insufficient_funds,662,0.4323,0.7362,0,4,0.919,0.4927,5649,0
34843.63,credit_card,gateway_a,network_timeout,585,0.7033,0.6433,0,4,0.8388,0.7506,3520,0
44242.43,credit_card,gateway_c,rate_limit,20,0.6845,0.3792,0,3,0.3048,0.7885,1636,1
63553.35,debit_card,gateway_b,suspected_fraud,822,0.9558,0.2807,1,0,0.6557,0.492,5332,0
22661.35,wallet,gateway_c,issuer_unavailable,635,0.596,0.6154,0,0,0.4774,0.811,7016,0
79654.83,wallet,gateway_c,suspected_fraud,666,0.0464,0.6049,0,0,0.5782,0.8118,2441,0
15263.51,net_banking,gateway_b,temporary_gateway_error,407,0.0053,0.857,0,1,0.6718,0.3772,4668,1
31467.13,debit_card,gateway_b,rate_limit,149,0.5484,0.897,0,1,0.5634,0.397,4152,1
69117.94,debit_card,gateway_a,card_expired,915,0.419,0.6757,0,2,0.7156,0.7867,3719,0
78028.0,debit_card,gateway_b,card_expired,851,0.5486,0.5693,0,4,0.7028,0.6844,3360,0
31348.9,credit_card,gateway_c,rate_limit,410,0.893,0.9071,0,3,0.3974,0.2015,692,1
93923.34,net_banking,gateway_a,issuer_unavailable,240,0.1368,0.2686,0,3,0.8806,0.6321,268,0
72748.36,wallet,gateway_b,authentication_required,814,0.6543,0.2758,1,0,0.9852,0.4886,1520,1
11795.28,debit_card,gateway_a,card_expired,459,0.6345,0.8731,0,4,0.9093,0.696,2896,0
4881.79,wallet,gateway_b,temporary_gateway_error,651,0.9723,0.0589,0,2,0.5883,0.3668,2653,0
8319.67,credit_card,gateway_c,rate_limit,118,0.0402,0.5693,0,4,0.8438,0.6272,6483,1
16769.93,wallet,gateway_b,suspected_fraud,933,0.3257,0.7042,0,4,0.5336,0.3796,3856,0
31672.13,wallet,gateway_b,network_timeout,622,0.0811,0.1726,1,4,0.7323,0.7201,6578,0
47034.56,credit_card,gateway_a,insufficient_funds,898,0.7334,0.7052,0,4,0.5538,0.2007,2105,0
36279.51,debit_card,gateway_a,rate_limit,102,0.8753,0.1735,0,1,0.4425,0.7935,2601,1
82714.75,debit_card,gateway_c,authentication_required,429,0.5675,0.7715,1,1,0.6174,0.4298,2542,1
37119.15,net_banking,gateway_c,card_expired,73,0.9564,0.4476,1,0,0.8162,0.3863,2595,1
62049.57,wallet,gateway_a,card_expired,507,0.7846,0.2999,0,4,0.5036,0.2309,246,0
37528.23,wallet,gateway_b,insufficient_funds,102,0.9776,0.4426,0,4,0.3287,0.4902,2577,0
64416.93,wallet,gateway_b,suspected_fraud,636,0.9478,0.1433,0,3,0.6302,0.3357,4657,0
25682.87,credit_card,gateway_c,issuer_unavailable,568,0.8398,0.6941,0,0,0.4908,0.6556,7156,0
50938.96,credit_card,gateway_b,issuer_unavailable,778,0.4687,0.4154,0,3,0.352,0.2074,777,0
94596.01,upi,gateway_b,insufficient_funds,913,0.3806,0.9695,0,2,0.6633,0.4612,1709,0
67588.39,credit_card,gateway_c,insufficient_funds,289,0.3077,0.9122,0,0,0.5636,0.753,2926,0
40028.84,credit_card,gateway_c,temporary_gateway_error,508,0.4727,0.1027,0,1,0.8489,0.6234,4584,1
53607.48,debit_card,gateway_a,rate_limit,427,0.6113,0.0713,0,2,0.709,0.2863,1563,1
70710.45,wallet,gateway_b,insufficient_funds,456,0.5025,0.0152,0,3,0.4739,0.4239,2281,0
5890.74,wallet,gateway_a,issuer_unavailable,485,0.6568,0.0504,0,4,0.8078,0.8196,2918,1
64858.44,debit_card,gateway_b,rate_limit,958,0.9522,0.9963,0,0,0.867,0.3157,849,1
62673.34,upi,gateway_c,issuer_unavailable,142,0.7615,0.0701,0,3,0.5278,0.3386,3715,0
55678.31,net_banking,gateway_b,issuer_unavailable,729,0.8645,0.4714,0,2,0.8479,0.6448,1651,0
98801.26,wallet,gateway_a,card_expired,700,0.575,0.4463,0,3,0.4067,0.3888,5159,0
1933.77,wallet,gateway_a,temporary_gateway_error,187,0.8565,0.5098,0,1,0.7085,0.6689,269,1
95386.7,net_banking,gateway_c,insufficient_funds,558,0.2246,0.7708,0,3,0.8203,0.8086,1435,0
56333.94,upi,gateway_b,rate_limit,745,0.168,0.0805,0,3,0.9692,0.7759,6831,0
2888.26,debit_card,gateway_c,temporary_gateway_error,197,0.6065,0.527,0,3,0.4507,0.2117,741,1
37021.06,upi,gateway_c,issuer_unavailable,66,0.5788,0.2771,0,2,0.9499,0.8403,2876,1
65790.63,credit_card,gateway_b,insufficient_funds,894,0.5368,0.5884,0,4,0.9357,0.6534,4714,1
41044.77,wallet,gateway_b,authentication_required,27,0.6012,0.876,1,2,0.3162,0.569,4619,0
22666.53,upi,gateway_a,temporary_gateway_error,952,0.0567,0.047,0,2,0.9405,0.7672,2265,1
81375.97,upi,gateway_c,issuer_unavailable,764,0.6319,0.6822,0,0,0.4424,0.423,635,1
65116.45,credit_card,gateway_b,network_timeout,426,0.2432,0.8579,0,1,0.8789,0.5313,2296,1
93602.51,net_banking,gateway_b,card_expired,723,0.9147,0.9942,0,4,0.6415,0.4677,5101,0
50631.48,upi,gateway_c,card_expired,799,0.8109,0.2226,0,2,0.9255,0.2249,6993,0
27243.5,wallet,gateway_b,network_timeout,970,0.4285,0.7491,1,0,0.5872,0.2687,1175,1
28504.06,debit_card,gateway_b,rate_limit,677,0.5009,0.2172,0,2,0.5222,0.8474,2383,0
94832.23,debit_card,gateway_a,authentication_required,918,0.8562,0.7318,1,1,0.6317,0.4054,5541,1
38139.4,net_banking,gateway_a,insufficient_funds,341,0.15,0.7643,0,2,0.5153,0.588,3912,1
29683.43,credit_card,gateway_c,network_timeout,116,0.0295,0.226,0,0,0.8606,0.5989,45,1
63382.34,upi,gateway_b,insufficient_funds,99,0.1076,0.1079,0,1,0.7379,0.4099,621,0
52587.09,credit_card,gateway_c,network_timeout,825,0.7787,0.5323,0,2,0.6802,0.4029,5487,0
90429.99,upi,gateway_b,network_timeout,442,0.4536,0.3583,0,2,0.8306,0.3961,2458,1
97815.83,wallet,gateway_b,authentication_required,525,0.1629,0.0994,1,1,0.8465,0.7002,4416,0
93920.25,upi,gateway_b,network_timeout,689,0.7474,0.6368,0,2,0.4857,0.2689,6308,0
98881.51,debit_card,gateway_b,rate_limit,861,0.6618,0.889,0,2,0.7091,0.7171,4725,1
5895.65,net_banking,gateway_c,temporary_gateway_error,877,0.7038,0.1241,0,4,0.6962,0.2047,6913,0
13948.82,wallet,gateway_c,network_timeout,491,0.9318,0.844,0,4,0.4783,0.6981,5123,1
47537.19,net_banking,gateway_c,rate_limit,856,0.6125,0.379,0,2,0.9145,0.8586,5222,0
60870.3,credit_card,gateway_b,temporary_gateway_error,724,0.2177,0.3073,0,2,0.4373,0.7221,6728,1
29496.83,debit_card,gateway_c,rate_limit,827,0.0581,0.7483,0,1,0.7986,0.5431,2277,1
45536.36,net_banking,gateway_c,insufficient_funds,405,0.5538,0.6732,0,3,0.7721,0.308,463,1
95305.06,wallet,gateway_a,card_expired,321,0.4603,0.5883,0,2,0.5408,0.626,6003,0
66397.91,wallet,gateway_c,suspected_fraud,608,0.0574,0.05,0,0,0.5996,0.5061,1666,0
51645.65,upi,gateway_c,card_expired,118,0.1242,0.7438,0,2,0.6246,0.3313,1340,0
36053.91,credit_card,gateway_b,suspected_fraud,557,0.5239,0.4504,0,4,0.3016,0.3563,2757,0
44739.99,upi,gateway_b,temporary_gateway_error,234,0.1316,0.6758,0,0,0.7302,0.3129,1839,1
54256.02,credit_card,gateway_c,suspected_fraud,61,0.4651,0.901,0,0,0.3292,0.5853,4254,0
38362.89,credit_card,gateway_b,rate_limit,428,0.8625,0.0424,0,2,0.7613,0.5591,700,1
37112.55,credit_card,gateway_c,network_timeout,877,0.6182,0.8616,0,1,0.929,0.5506,4134,0
18555.37,credit_card,gateway_c,suspected_fraud,466,0.3434,0.2335,0,3,0.7494,0.2819,4921,0
22418.57,net_banking,gateway_b,issuer_unavailable,105,0.889,0.3628,0,0,0.4877,0.7431,2029,0
33116.66,debit_card,gateway_a,card_expired,958,0.6441,0.724,0,2,0.8225,0.3683,7130,0
6889.07,debit_card,gateway_b,authentication_required,388,0.8099,0.4328,1,3,0.6378,0.8686,3749,1
77872.32,debit_card,gateway_c,rate_limit,78,0.3459,0.8679,0,1,0.5284,0.7045,1186,1
531.79,wallet,gateway_c,suspected_fraud,83,0.8408,0.3836,0,4,0.3938,0.6395,6523,0
24943.07,upi,gateway_c,card_expired,39,0.5723,0.1869,0,3,0.7098,0.8198,2421,0
10261.55,upi,gateway_b,card_expired,198,0.2684,0.5944,0,4,0.6921,0.7158,2085,0
19987.51,wallet,gateway_a,card_expired,672,0.0487,0.0668,1,0,0.3207,0.8057,2285,0
69772.7,net_banking,gateway_c,suspected_fraud,894,0.1027,0.0436,0,2,0.3083,0.5788,5915,0
69809.22,wallet,gateway_b,card_expired,982,0.3519,0.1411,0,3,0.5944,0.3333,5406,0
19948.27,net_banking,gateway_c,authentication_required,93,0.637,0.6241,1,0,0.8293,0.45,3819,1
26999.43,wallet,gateway_b,temporary_gateway_error,143,0.3837,0.5036,0,1,0.761,0.6196,3507,1
11965.28,net_banking,gateway_b,suspected_fraud,758,0.626,0.9455,0,3,0.5032,0.3695,1232,0
50822.31,net_banking,gateway_a,rate_limit,752,0.0616,0.3785,0,3,0.5279,0.4105,6632,0
73918.71,wallet,gateway_b,insufficient_funds,74,0.2479,0.1979,0,0,0.7741,0.7984,6732,0
73910.54,credit_card,gateway_c,rate_limit,886,0.8655,0.2052,0,0,0.6459,0.5466,3181,1
57980.72,upi,gateway_c,suspected_fraud,937,0.9603,0.2235,0,0,0.5155,0.5782,1516,0
4996.69,credit_card,gateway_c,insufficient_funds,735,0.8232,0.7869,1,3,0.9545,0.8959,3331,0
63902.16,wallet,gateway_c,rate_limit,878,0.9102,0.5784,0,2,0.7797,0.6453,1260,1
22078.06,credit_card,gateway_c,suspected_fraud,998,0.0086,0.8317,0,4,0.5971,0.7702,299,0
96177.05,wallet,gateway_a,issuer_unavailable,831,0.7255,0.1083,0,0,0.5654,0.7513,4586,1
70949.81,net_banking,gateway_b,issuer_unavailable,766,0.3477,0.1844,0,2,0.9816,0.898,2860,0
94542.48,upi,gateway_b,authentication_required,57,0.6462,0.9778,1,4,0.8327,0.6156,86,1
13644.77,debit_card,gateway_b,authentication_required,749,0.7824,0.9733,1,3,0.8476,0.5073,5569,1
10640.69,upi,gateway_a,rate_limit,850,0.4448,0.794,0,4,0.4452,0.3716,2544,0
33550.35,debit_card,gateway_c,temporary_gateway_error,618,0.4459,0.213,0,2,0.7583,0.4828,3202,0
50595.27,debit_card,gateway_b,network_timeout,806,0.2684,0.2366,0,4,0.9666,0.7635,3881,1
25169.54,credit_card,gateway_a,insufficient_funds,416,0.0902,0.2671,0,2,0.3271,0.2063,4158,0
30798.0,credit_card,gateway_b,authentication_required,245,0.4831,0.5557,1,1,0.5966,0.6199,4923,0
29329.25,debit_card,gateway_c,card_expired,674,0.2259,0.0617,0,4,0.9838,0.546,2413,0
14268.58,net_banking,gateway_c,temporary_gateway_error,872,0.9946,0.6237,0,4,0.3776,0.293,6661,0
22676.1,net_banking,gateway_b,insufficient_funds,691,0.927,0.8342,0,2,0.9829,0.5248,2481,0
3352.62,credit_card,gateway_a,rate_limit,183,0.2725,0.8845,0,2,0.7841,0.5286,5912,1
30509.31,upi,gateway_b,card_expired,801,0.1678,0.1666,0,1,0.3097,0.6499,2306,0
47475.9,net_banking,gateway_c,card_expired,697,0.44,0.6436,0,4,0.9685,0.7224,5263,0
9120.53,credit_card,gateway_a,temporary_gateway_error,36,0.4932,0.2715,0,2,0.9755,0.3552,1861,1
13621.84,wallet,gateway_a,issuer_unavailable,257,0.5905,0.7265,0,2,0.3194,0.3513,4759,0
13577.34,credit_card,gateway_c,network_timeout,817,0.7526,0.2009,0,4,0.714,0.7066,7051,0
81730.38,upi,gateway_b,suspected_fraud,96,0.606,0.4117,0,4,0.4905,0.7343,4459,0
11420.18,net_banking,gateway_c,network_timeout,378,0.5682,0.1254,0,1,0.3448,0.506,6347,0
5206.04,credit_card,gateway_a,issuer_unavailable,494,0.9458,0.6576,0,4,0.6589,0.2504,6760,1
66137.93,net_banking,gateway_c,authentication_required,244,0.7577,0.2412,1,1,0.5598,0.6919,4037,0
28199.89,wallet,gateway_c,card_expired,413,0.2263,0.5269,1,3,0.5375,0.4298,6441,0
65998.67,debit_card,gateway_c,temporary_gateway_error,938,0.5102,0.8095,0,1,0.9307,0.2369,2999,1
60795.83,wallet,gateway_b,suspected_fraud,119,0.0601,0.8816,0,3,0.4257,0.5287,3335,0
9418.98,net_banking,gateway_a,rate_limit,645,0.9712,0.2897,0,1,0.6382,0.453,686,0
76419.1,wallet,gateway_a,rate_limit,206,0.8181,0.0308,0,0,0.8879,0.8239,338,1
20050.54,debit_card,gateway_c,authentication_required,236,0.3106,0.502,1,1,0.8431,0.5494,389,0
16067.15,net_banking,gateway_a,network_timeout,611,0.4022,0.4686,0,3,0.3602,0.4895,1749,1
72532.38,credit_card,gateway_b,suspected_fraud,621,0.1587,0.4918,0,4,0.6098,0.8408,6559,0
28021.23,credit_card,gateway_b,network_timeout,278,0.0388,0.5479,0,2,0.7196,0.3505,372,1
1261.47,credit_card,gateway_c,authentication_required,667,0.2162,0.9592,1,4,0.3282,0.7808,6490,0
23230.88,upi,gateway_a,authentication_required,576,0.9095,0.115,1,3,0.7768,0.2507,6621,0
69009.44,credit_card,gateway_b,insufficient_funds,90,0.3916,0.1031,0,3,0.6478,0.3656,2025,0
69879.05,credit_card,gateway_c,suspected_fraud,189,0.9536,0.5811,0,3,0.5157,0.5879,609,0
1679.45,wallet,gateway_b,suspected_fraud,714,0.5524,0.959,0,2,0.313,0.589,2173,0
10036.19,wallet,gateway_c,card_expired,595,0.9965,0.025,0,4,0.341,0.3583,22,0
8702.39,upi,gateway_c,temporary_gateway_error,368,0.4057,0.634,0,2,0.3451,0.2351,34,0
28273.98,credit_card,gateway_a,authentication_required,362,0.8115,0.7756,1,3,0.7522,0.6139,5143,0
49762.4,credit_card,gateway_a,rate_limit,669,0.6292,0.9791,0,1,0.4907,0.8271,4289,1
33791.23,net_banking,gateway_c,authentication_required,605,0.4297,0.4667,1,0,0.8531,0.6129,2948,1
46836.17,upi,gateway_a,suspected_fraud,816,0.4986,0.4926,0,1,0.8665,0.7773,1767,0
79027.83,credit_card,gateway_a,issuer_unavailable,917,0.7004,0.3782,0,1,0.4063,0.2333,6312,0
63827.16,upi,gateway_b,insufficient_funds,155,0.7264,0.5636,0,0,0.9427,0.8439,4823,1
54673.38,credit_card,gateway_b,rate_limit,634,0.9339,0.6162,0,2,0.6035,0.4352,5093,0
35653.54,net_banking,gateway_a,insufficient_funds,320,0.1122,0.0953,0,4,0.6725,0.8124,5038,0
45296.84,wallet,gateway_c,insufficient_funds,791,0.2296,0.3186,0,0,0.5609,0.4273,2541,0
10726.21,wallet,gateway_b,network_timeout,404,0.316,0.9304,0,1,0.5897,0.633,6409,1
61330.07,credit_card,gateway_c,issuer_unavailable,573,0.8934,0.6868,0,0,0.3296,0.6585,3750,1
3946.72,upi,gateway_b,issuer_unavailable,674,0.6841,0.1462,0,3,0.9967,0.8207,2322,0
504.96,wallet,gateway_c,rate_limit,134,0.7285,0.8955,0,1,0.3415,0.444,5644,0
74496.42,upi,gateway_b,rate_limit,298,0.669,0.7895,0,2,0.3315,0.4675,1339,1
27818.09,upi,gateway_b,card_expired,990,0.8719,0.5496,0,0,0.7201,0.4505,6933,0
32874.52,debit_card,gateway_a,rate_limit,657,0.0329,0.1173,0,1,0.8994,0.8117,1002,0
28082.68,credit_card,gateway_c,rate_limit,592,0.055,0.3542,0,2,0.9104,0.8292,4149,1
72614.08,credit_card,gateway_c,insufficient_funds,26,0.4971,0.66,0,4,0.608,0.4071,3073,0
83620.85,wallet,gateway_a,authentication_required,606,0.3038,0.4055,1,2,0.6318,0.2855,5066,0
98741.37,credit_card,gateway_b,card_expired,334,0.1583,0.5959,0,1,0.4873,0.5781,5173,0
48474.88,wallet,gateway_c,suspected_fraud,27,0.4225,0.6146,0,2,0.4251,0.3068,6666,1
83612.75,debit_card,gateway_a,network_timeout,725,0.1501,0.9336,0,3,0.3878,0.8226,3644,0
48282.07,credit_card,gateway_c,insufficient_funds,56,0.0762,0.1862,0,2,0.77,0.6791,5889,1
44433.99,credit_card,gateway_c,issuer_unavailable,940,0.6271,0.21,1,2,0.4235,0.6403,468,1
57513.39,credit_card,gateway_c,card_expired,194,0.2239,0.9658,0,4,0.3222,0.8795,6014,0
31536.58,credit_card,gateway_a,insufficient_funds,119,0.3274,0.1276,0,0,0.4794,0.4385,487,0
82815.62,credit_card,gateway_c,suspected_fraud,822,0.5611,0.4376,0,3,0.9677,0.6908,6556,0
71461.12,net_banking,gateway_c,issuer_unavailable,256,0.4145,0.2489,0,1,0.7926,0.4315,2168,1
41551.34,wallet,gateway_b,card_expired,245,0.5352,0.133,1,3,0.9935,0.757,174,0
53153.65,upi,gateway_b,temporary_gateway_error,200,0.498,0.5801,0,3,0.8735,0.8671,6145,0
19755.58,debit_card,gateway_b,rate_limit,388,0.0837,0.8305,0,4,0.6188,0.5862,865,1
44303.45,debit_card,gateway_b,rate_limit,265,0.3767,0.7057,0,3,0.9791,0.4957,380,0
82378.68,net_banking,gateway_a,authentication_required,172,0.1255,0.0471,1,4,0.7517,0.5521,1567,0
16202.52,wallet,gateway_a,suspected_fraud,237,0.2247,0.7242,1,0,0.6843,0.2095,2425,0
82172.02,wallet,gateway_b,suspected_fraud,482,0.5847,0.0254,0,2,0.7402,0.2627,91,0
15795.78,upi,gateway_b,temporary_gateway_error,85,0.2456,0.9692,0,2,0.4906,0.6635,3281,0
46618.72,wallet,gateway_a,insufficient_funds,473,0.2791,0.7475,0,4,0.792,0.7398,2567,0
40621.77,net_banking,gateway_b,insufficient_funds,599,0.1005,0.9698,0,0,0.7191,0.5776,1570,1
66521.37,upi,gateway_c,authentication_required,490,0.5772,0.1158,1,3,0.9957,0.6301,6461,0
88500.95,net_banking,gateway_a,issuer_unavailable,200,0.4967,0.4046,0,2,0.9146,0.2796,2966,1
21325.29,net_banking,gateway_a,authentication_required,190,0.9238,0.44,1,4,0.6543,0.247,1542,1
18242.35,upi,gateway_a,network_timeout,925,0.2446,0.2864,0,3,0.3578,0.5899,6236,0
8852.62,wallet,gateway_b,card_expired,995,0.0991,0.8032,0,4,0.5381,0.4381,4444,0
38852.53,net_banking,gateway_c,network_timeout,935,0.1993,0.005,0,3,0.7488,0.6302,6906,0
31349.75,upi,gateway_c,network_timeout,29,0.2791,0.4774,1,3,0.6828,0.8154,6200,0
71095.26,net_banking,gateway_b,issuer_unavailable,745,0.4008,0.7174,0,2,0.7723,0.7846,5411,1
57689.6,debit_card,gateway_a,insufficient_funds,219,0.6946,0.754,1,1,0.3213,0.2331,4753,1
86353.3,debit_card,gateway_a,card_expired,566,0.055,0.9614,0,0,0.7951,0.7872,3963,0
8670.49,net_banking,gateway_b,network_timeout,72,0.2597,0.5485,0,2,0.9579,0.385,1250,0
40557.65,debit_card,gateway_b,temporary_gateway_error,709,0.8822,0.2458,0,1,0.5796,0.2684,7153,1
9332.89,debit_card,gateway_c,insufficient_funds,612,0.3518,0.3025,0,1,0.6126,0.6994,793,0
80520.36,net_banking,gateway_a,network_timeout,352,0.4521,0.3287,0,3,0.5362,0.4963,2637,0
44493.34,debit_card,gateway_a,authentication_required,442,0.2832,0.4813,1,4,0.4928,0.5407,6242,0
50101.22,net_banking,gateway_a,rate_limit,242,0.3686,0.1738,0,2,0.3691,0.2643,1178,1
14372.8,debit_card,gateway_b,issuer_unavailable,498,0.2561,0.8376,0,2,0.3511,0.8783,5152,0
9302.21,wallet,gateway_a,card_expired,617,0.007,0.3709,0,2,0.7028,0.5617,2635,0
87077.8,credit_card,gateway_a,issuer_unavailable,673,0.9771,0.6182,0,2,0.4853,0.8555,3190,1
94501.51,upi,gateway_a,authentication_required,104,0.7447,0.6416,1,2,0.3707,0.7862,3110,1
60486.21,net_banking,gateway_b,authentication_required,209,0.5607,0.694,1,2,0.8605,0.8694,2795,0
34270.82,credit_card,gateway_a,card_expired,915,0.338,0.1901,0,0,0.4705,0.5204,5771,0
64791.84,wallet,gateway_c,temporary_gateway_error,961,0.2087,0.8608,0,2,0.9849,0.5465,1989,1
77953.73,net_banking,gateway_a,suspected_fraud,464,0.836,0.6406,0,3,0.7488,0.6985,6832,0
97556.37,net_banking,gateway_b,insufficient_funds,483,0.406,0.6992,0,1,0.9496,0.2472,846,0
1156.52,debit_card,gateway_b,insufficient_funds,254,0.8291,0.0204,0,3,0.9882,0.665,5309,0
73223.98,debit_card,gateway_b,issuer_unavailable,229,0.0822,0.7015,0,3,0.5639,0.8569,6280,1
54486.16,credit_card,gateway_a,temporary_gateway_error,698,0.2742,0.5869,0,2,0.6916,0.861,6472,0
95010.68,wallet,gateway_a,suspected_fraud,481,0.3299,0.3228,0,3,0.9587,0.5694,1903,0
88256.83,credit_card,gateway_c,insufficient_funds,98,0.5154,0.8658,0,0,0.8007,0.5784,5986,1
94086.46,net_banking,gateway_a,insufficient_funds,180,0.006,0.0044,0,2,0.6547,0.3331,4012,0
14958.51,net_banking,gateway_b,issuer_unavailable,510,0.0165,0.7433,0,3,0.9734,0.2648,7048,0
55180.5,debit_card,gateway_b,temporary_gateway_error,581,0.758,0.6405,0,1,0.9566,0.2229,3795,1
76426.32,debit_card,gateway_a,issuer_unavailable,1000,0.1812,0.2909,0,1,0.5179,0.6891,4693,1
11050.33,net_banking,gateway_b,temporary_gateway_error,581,0.4889,0.4368,0,1,0.6743,0.3071,7118,1
73131.53,debit_card,gateway_a,card_expired,201,0.2072,0.978,0,1,0.7091,0.5265,2737,0
78588.82,wallet,gateway_a,insufficient_funds,533,0.1466,0.0631,0,1,0.986,0.5537,475,1
22821.3,debit_card,gateway_c,temporary_gateway_error,523,0.4401,0.6275,0,4,0.5634,0.4148,4862,1
50273.63,net_banking,gateway_a,card_expired,214,0.4581,0.3294,0,2,0.625,0.5016,4786,0
79856.5,net_banking,gateway_a,issuer_unavailable,473,0.5425,0.6455,0,3,0.3232,0.3661,5553,0
42252.6,net_banking,gateway_b,issuer_unavailable,742,0.3903,0.3614,0,0,0.6297,0.278,3367,0
56533.94,debit_card,gateway_c,issuer_unavailable,422,0.6084,0.527,0,1,0.4194,0.8252,6896,1
73873.05,upi,gateway_a,suspected_fraud,517,0.7198,0.4191,0,4,0.3783,0.6191,3536,0
66655.82,debit_card,gateway_a,rate_limit,996,0.4831,0.3123,0,3,0.4587,0.4528,1420,1
88623.09,upi,gateway_c,insufficient_funds,477,0.5093,0.5716,0,2,0.9715,0.734,2095,0
95556.39,wallet,gateway_a,suspected_fraud,941,0.4514,0.9094,0,2,0.3257,0.4796,561,0
3835.18,wallet,gateway_c,temporary_gateway_error,285,0.7476,0.3633,0,4,0.4451,0.2423,2868,0
7030.8,credit_card,gateway_c,issuer_unavailable,323,0.9261,0.5601,0,4,0.8394,0.795,4458,0
43303.76,net_banking,gateway_b,rate_limit,686,0.1101,0.7375,0,3,0.6262,0.3771,4797,0
57111.02,wallet,gateway_a,network_timeout,842,0.8398,0.2427,0,0,0.3803,0.6526,7151,1
6150.16,debit_card,gateway_c,temporary_gateway_error,295,0.855,0.0594,0,3,0.4018,0.7336,7104,0
85538.34,wallet,gateway_b,temporary_gateway_error,998,0.2723,0.9606,0,3,0.9058,0.2916,766,1
37847.63,credit_card,gateway_b,authentication_required,428,0.2591,0.8202,1,3,0.5062,0.5638,6345,0
21955.27,credit_card,gateway_b,temporary_gateway_error,389,0.2418,0.0368,0,4,0.5556,0.2667,379,1
11210.78,credit_card,gateway_b,rate_limit,648,0.443,0.2729,0,0,0.7289,0.3428,6988,0
48474.61,debit_card,gateway_a,insufficient_funds,743,0.7417,0.4593,0,1,0.6468,0.6944,7005,1
17891.89,net_banking,gateway_a,insufficient_funds,379,0.4486,0.6711,0,4,0.3364,0.4669,722,0
82534.51,net_banking,gateway_c,issuer_unavailable,260,0.6151,0.4896,0,0,0.816,0.7863,4581,1
93183.19,credit_card,gateway_b,suspected_fraud,933,0.286,0.0563,0,0,0.831,0.2502,2628,0
64301.13,debit_card,gateway_a,insufficient_funds,715,0.9487,0.3478,0,3,0.6991,0.8534,6921,0
8947.05,upi,gateway_b,authentication_required,313,0.6992,0.7341,1,0,0.7485,0.272,1811,1
20413.74,credit_card,gateway_b,issuer_unavailable,182,0.7195,0.9155,0,2,0.9017,0.264,2817,0
41071.26,net_banking,gateway_c,issuer_unavailable,42,0.3303,0.005,0,4,0.4456,0.7401,7193,0
64873.14,debit_card,gateway_c,temporary_gateway_error,264,0.0662,0.5773,0,2,0.9706,0.3241,6210,1
46586.63,debit_card,gateway_b,temporary_gateway_error,332,0.6407,0.4648,1,3,0.5471,0.6646,5394,0
59613.03,credit_card,gateway_a,issuer_unavailable,934,0.1348,0.6062,0,0,0.8115,0.7891,3074,0
86906.25,wallet,gateway_a,network_timeout,108,0.7008,0.6967,0,1,0.5472,0.653,2420,1
14335.24,wallet,gateway_c,network_timeout,601,0.1323,0.8592,0,4,0.4987,0.2831,2014,1
3531.24,debit_card,gateway_a,rate_limit,516,0.1849,0.5505,0,2,0.8541,0.896,1851,1
44162.56,upi,gateway_a,card_expired,371,0.2583,0.6428,0,2,0.5769,0.7228,3234,0
56675.7,credit_card,gateway_a,authentication_required,132,0.0899,0.3392,1,2,0.9506,0.6851,510,0
85089.47,credit_card,gateway_b,suspected_fraud,275,0.2636,0.89,0,4,0.9809,0.4796,4809,0
19974.29,debit_card,gateway_c,insufficient_funds,840,0.2882,0.1163,0,3,0.8366,0.4327,6935,0
66345.34,net_banking,gateway_a,authentication_required,213,0.9475,0.5921,1,0,0.5774,0.3436,4260,1
16444.71,upi,gateway_a,temporary_gateway_error,39,0.8846,0.9318,0,2,0.8079,0.6524,2113,1
98759.47,debit_card,gateway_b,network_timeout,128,0.8219,0.3851,1,4,0.9828,0.7809,5750,0
28026.98,net_banking,gateway_b,rate_limit,292,0.859,0.5905,0,4,0.5672,0.8306,4545,1
18129.17,credit_card,gateway_b,network_timeout,926,0.308,0.9773,1,2,0.8743,0.483,355,0
68746.95,upi,gateway_c,temporary_gateway_error,535,0.7033,0.5699,0,3,0.3851,0.3875,5025,1
62267.65,wallet,gateway_c,card_expired,21,0.8252,0.2754,1,0,0.6879,0.3276,578,0
40959.15,wallet,gateway_c,card_expired,874,0.2138,0.641,0,3,0.846,0.6235,3960,0
20556.07,wallet,gateway_c,issuer_unavailable,790,0.0933,0.4893,0,1,0.7913,0.2385,4862,1
37533.05,net_banking,gateway_c,card_expired,458,0.0981,0.6005,0,2,0.6533,0.4814,817,0
15267.91,debit_card,gateway_c,temporary_gateway_error,355,0.9192,0.2139,0,2,0.8319,0.4765,5648,0
28538.09,net_banking,gateway_a,network_timeout,628,0.2613,0.5212,0,1,0.968,0.7547,3431,0
12860.73,credit_card,gateway_b,network_timeout,647,0.9185,0.0486,0,0,0.5668,0.6775,3390,0
96287.59,debit_card,gateway_b,network_timeout,141,0.8105,0.7035,0,4,0.9838,0.7359,3938,0
39747.76,credit_card,gateway_a,insufficient_funds,263,0.3262,0.967,0,1,0.3065,0.5655,6004,0
49450.99,debit_card,gateway_b,suspected_fraud,314,0.7113,0.0089,0,4,0.617,0.553,803,0
55827.61,credit_card,gateway_b,temporary_gateway_error,265,0.441,0.0907,0,0,0.9955,0.8868,4433,1
90388.0,upi,gateway_c,authentication_required,411,0.8042,0.1423,1,3,0.7501,0.6323,7099,0
30953.66,wallet,gateway_a,card_expired,229,0.5343,0.9847,0,4,0.3335,0.7658,659,0
69961.98,net_banking,gateway_a,network_timeout,50,0.4104,0.4794,0,0,0.8289,0.5799,4178,1
63725.41,credit_card,gateway_c,authentication_required,521,0.4132,0.6968,1,3,0.8384,0.8207,15,1
86875.05,debit_card,gateway_c,rate_limit,80,0.2272,0.8057,0,1,0.5789,0.8769,2440,1
36240.97,debit_card,gateway_b,network_timeout,980,0.2879,0.944,0,0,0.7738,0.5361,3287,1
28285.78,wallet,gateway_b,authentication_required,860,0.9681,0.5338,1,1,0.4138,0.7963,1256,1
78428.72,upi,gateway_b,rate_limit,74,0.4333,0.6707,0,1,0.547,0.2557,2928,0
52182.54,credit_card,gateway_a,network_timeout,151,0.0399,0.4872,0,2,0.4146,0.8766,3516,1
71144.18,credit_card,gateway_b,issuer_unavailable,932,0.0458,0.0223,0,3,0.4432,0.2926,3174,0
69565.47,credit_card,gateway_b,insufficient_funds,831,0.0223,0.7445,0,1,0.3556,0.8355,3910,0
33691.47,debit_card,gateway_b,authentication_required,556,0.8755,0.9322,1,4,0.6894,0.4551,1795,1
29417.53,credit_card,gateway_c,authentication_required,341,0.6546,0.6439,1,2,0.7641,0.3072,7046,0
15478.76,credit_card,gateway_b,authentication_required,929,0.1786,0.4771,1,3,0.7248,0.5217,6533,1
85893.66,credit_card,gateway_a,authentication_required,807,0.9184,0.7746,1,2,0.4357,0.8168,3528,1
65902.26,upi,gateway_b,authentication_required,852,0.8438,0.3646,1,3,0.6429,0.8111,876,1
15869.31,upi,gateway_c,rate_limit,749,0.6069,0.7397,0,4,0.4196,0.4934,4871,0
89942.18,upi,gateway_b,suspected_fraud,821,0.5274,0.3402,0,2,0.6635,0.2961,5404,0
94399.21,upi,gateway_a,rate_limit,779,0.7773,0.2043,0,1,0.5012,0.6587,6999,0
7535.29,upi,gateway_c,network_timeout,349,0.9316,0.5578,0,1,0.3476,0.6617,1164,1
36699.58,upi,gateway_b,insufficient_funds,264,0.0883,0.5521,0,3,0.4841,0.2991,5171,0
12754.24,wallet,gateway_a,card_expired,953,0.4693,0.1195,0,1,0.4839,0.7466,3955,0
41793.98,wallet,gateway_a,card_expired,978,0.4478,0.0164,0,2,0.551,0.7269,2838,0
62563.93,wallet,gateway_b,rate_limit,593,0.272,0.6616,0,3,0.3363,0.3469,320,0
35683.18,net_banking,gateway_c,card_expired,259,0.1648,0.3016,0,0,0.9095,0.6441,4318,0
43158.08,debit_card,gateway_a,suspected_fraud,652,0.637,0.2113,0,1,0.9871,0.8258,5974,0
5840.47,upi,gateway_c,network_timeout,774,0.8725,0.4895,0,4,0.3918,0.2633,3308,1
89290.6,credit_card,gateway_b,card_expired,50,0.2825,0.2058,0,0,0.475,0.8248,1836,0
32206.83,debit_card,gateway_b,temporary_gateway_error,382,0.396,0.1878,0,4,0.8036,0.2269,6294,0
72477.84,upi,gateway_b,suspected_fraud,405,0.7756,0.6638,0,1,0.8779,0.5447,6348,0
66029.01,debit_card,gateway_a,authentication_required,281,0.5724,0.8143,1,0,0.7777,0.4013,3636,0
39741.64,upi,gateway_b,network_timeout,49,0.0995,0.1244,0,2,0.7343,0.3095,556,0
28507.48,upi,gateway_a,suspected_fraud,475,0.4607,0.1321,0,3,0.7858,0.8249,4617,0
29983.62,upi,gateway_c,network_timeout,477,0.9754,0.9448,0,0,0.3452,0.8825,238,0
40094.51,upi,gateway_b,authentication_required,199,0.519,0.6507,1,0,0.6314,0.4492,925,0
90313.56,net_banking,gateway_b,card_expired,370,0.1625,0.8305,0,4,0.8051,0.6353,4126,0
8822.27,credit_card,gateway_a,rate_limit,350,0.5268,0.7554,0,4,0.8411,0.6009,4090,1
59705.73,net_banking,gateway_a,temporary_gateway_error,576,0.8091,0.0383,0,1,0.4532,0.3348,4939,0
46967.35,wallet,gateway_a,issuer_unavailable,121,0.7852,0.7837,0,1,0.3623,0.5186,5450,1
34988.06,wallet,gateway_c,issuer_unavailable,186,0.1454,0.1074,0,3,0.4206,0.7339,3412,0
82445.93,wallet,gateway_a,authentication_required,743,0.1712,0.4615,1,3,0.8349,0.5811,6604,0
84685.23,debit_card,gateway_b,suspected_fraud,903,0.6837,0.9994,0,2,0.6524,0.529,5925,0
59860.07,upi,gateway_b,authentication_required,550,0.2035,0.4396,1,4,0.6786,0.2389,3580,0
18921.4,wallet,gateway_b,issuer_unavailable,870,0.2046,0.0529,0,2,0.8909,0.2617,6199,1
25857.4,wallet,gateway_a,suspected_fraud,231,0.8456,0.2928,0,0,0.7855,0.5049,6663,0
85716.86,debit_card,gateway_b,authentication_required,562,0.8192,0.9979,1,1,0.3151,0.8229,3393,1
33840.2,debit_card,gateway_a,suspected_fraud,969,0.6451,0.7391,0,4,0.4693,0.2127,2709,0
86958.43,credit_card,gateway_c,rate_limit,665,0.5323,0.446,0,3,0.7694,0.6253,2257,1
38194.12,wallet,gateway_c,temporary_gateway_error,730,0.4467,0.1118,0,1,0.424,0.5036,5735,0
65606.39,net_banking,gateway_c,authentication_required,820,0.3175,0.8469,1,0,0.3407,0.8398,6531,0
88995.27,debit_card,gateway_b,card_expired,73,0.6989,0.4681,0,3,0.7366,0.8265,6581,0
23524.61,net_banking,gateway_b,network_timeout,178,0.8687,0.5913,0,2,0.7534,0.8281,3900,1
72042.39,credit_card,gateway_a,temporary_gateway_error,414,0.7138,0.1994,0,3,0.5931,0.8345,1460,1
70186.3,debit_card,gateway_c,rate_limit,255,0.5573,0.5784,0,4,0.9515,0.6723,382,0
14288.39,upi,gateway_b,temporary_gateway_error,866,0.4124,0.5466,0,3,0.4542,0.8678,548,0
3985.27,upi,gateway_c,card_expired,879,0.984,0.0638,0,3,0.9511,0.6578,6908,0
54369.26,credit_card,gateway_c,temporary_gateway_error,874,0.152,0.1532,0,4,0.3584,0.3066,6978,0
9002.28,wallet,gateway_a,rate_limit,57,0.9243,0.4297,0,3,0.743,0.5721,2537,1
5506.57,credit_card,gateway_b,issuer_unavailable,123,0.1612,0.9084,0,0,0.932,0.4979,7133,1
74837.66,wallet,gateway_a,suspected_fraud,336,0.2711,0.8858,0,4,0.4471,0.76,1504,0
15430.24,upi,gateway_b,suspected_fraud,260,0.6523,0.1727,1,2,0.7502,0.5432,2159,0
92796.3,credit_card,gateway_c,suspected_fraud,483,0.9433,0.1799,0,3,0.3872,0.3341,2602,0
57410.23,upi,gateway_b,rate_limit,26,0.8001,0.3028,0,1,0.499,0.6171,1953,1
96837.57,credit_card,gateway_c,card_expired,470,0.8261,0.8198,1,4,0.7357,0.7558,3326,0
70394.64,credit_card,gateway_a,issuer_unavailable,451,0.3941,0.0011,0,1,0.7406,0.8553,4450,1
46054.67,net_banking,gateway_a,temporary_gateway_error,498,0.7845,0.2689,0,1,0.6615,0.4741,3514,1
65691.11,upi,gateway_b,insufficient_funds,69,0.2966,0.8297,0,3,0.5568,0.24,4339,0
71020.57,debit_card,gateway_b,temporary_gateway_error,408,0.5087,0.5615,0,2,0.3706,0.2653,5847,1
25184.2,net_banking,gateway_a,network_timeout,778,0.384,0.4196,0,2,0.3128,0.4899,4438,0
27564.23,net_banking,gateway_a,issuer_unavailable,931,0.9685,0.4651,0,3,0.4974,0.7095,6285,0
16181.21,net_banking,gateway_a,insufficient_funds,192,0.3875,0.5423,0,1,0.4943,0.6243,5271,1
42564.08,upi,gateway_b,insufficient_funds,520,0.7529,0.3411,0,2,0.5189,0.5599,6459,0
29094.04,wallet,gateway_a,card_expired,986,0.0665,0.8945,0,4,0.7668,0.226,1111,0
58719.93,upi,gateway_a,suspected_fraud,324,0.8714,0.6052,0,4,0.5829,0.2483,4373,0
90622.05,wallet,gateway_c,issuer_unavailable,153,0.7334,0.21,0,3,0.9808,0.7237,467,1
14594.3,wallet,gateway_b,temporary_gateway_error,354,0.0494,0.4367,0,0,0.4327,0.3198,7126,1
8012.49,upi,gateway_c,temporary_gateway_error,768,0.418,0.9937,0,1,0.9795,0.5012,3192,1
60587.69,credit_card,gateway_b,suspected_fraud,327,0.5719,0.9212,0,3,0.6456,0.6949,451,0
42680.1,credit_card,gateway_c,rate_limit,541,0.3858,0.9237,0,0,0.945,0.8564,5479,1
4219.55,debit_card,gateway_a,insufficient_funds,232,0.1544,0.1677,0,0,0.7547,0.8046,2426,1
51592.2,net_banking,gateway_b,card_expired,654,0.0068,0.8423,0,1,0.5391,0.8735,5645,0
41477.96,wallet,gateway_c,card_expired,311,0.4536,0.1438,0,1,0.5373,0.2296,2720,0
89719.21,net_banking,gateway_c,issuer_unavailable,215,0.2119,0.7453,0,2,0.4019,0.8316,6381,1
42131.6,debit_card,gateway_a,authentication_required,964,0.1029,0.621,1,0,0.9619,0.7389,6120,1
77755.33,wallet,gateway_c,insufficient_funds,948,0.1802,0.5024,0,2,0.4126,0.2298,4992,0
63910.91,net_banking,gateway_b,suspected_fraud,312,0.5943,0.5311,0,1,0.6532,0.2066,143,0
31732.35,debit_card,gateway_b,temporary_gateway_error,130,0.5588,0.1151,0,4,0.9788,0.5587,4794,1
30732.14,net_banking,gateway_c,network_timeout,292,0.6345,0.0584,0,1,0.407,0.6243,2646,0
37415.58,debit_card,gateway_b,temporary_gateway_error,392,0.5828,0.7669,0,3,0.8197,0.4402,110,1
99283.47,net_banking,gateway_a,insufficient_funds,770,0.3262,0.1843,0,3,0.3865,0.5205,3600,0
99078.66,upi,gateway_b,authentication_required,213,0.5738,0.099,1,1,0.5047,0.8709,5355,1
70409.39,upi,gateway_c,suspected_fraud,442,0.9653,0.2997,1,4,0.6602,0.6259,4928,0
47399.22,net_banking,gateway_c,temporary_gateway_error,86,0.0578,0.0302,0,0,0.5719,0.6701,6887,1
45675.36,net_banking,gateway_b,temporary_gateway_error,509,0.1015,0.3908,0,1,0.5891,0.2729,46,1
45387.22,debit_card,gateway_a,card_expired,256,0.9527,0.9193,0,0,0.7252,0.3305,3231,0
3203.34,upi,gateway_a,network_timeout,272,0.1833,0.8228,0,0,0.6983,0.5054,1296,1
63950.42,debit_card,gateway_c,issuer_unavailable,824,0.4851,0.1488,0,4,0.9182,0.6367,2260,0
87304.56,debit_card,gateway_b,network_timeout,796,0.9489,0.2418,0,1,0.8142,0.3301,4748,1
78420.17,wallet,gateway_c,temporary_gateway_error,892,0.2622,0.4951,0,3,0.4012,0.3302,1918,1
1970.24,upi,gateway_a,card_expired,488,0.5288,0.4752,0,4,0.917,0.3636,645,0
71595.11,wallet,gateway_c,authentication_required,728,0.8005,0.967,1,4,0.9982,0.8544,296,1
65933.75,debit_card,gateway_c,temporary_gateway_error,883,0.5422,0.513,0,0,0.6495,0.273,5212,0
53318.22,debit_card,gateway_c,suspected_fraud,838,0.6749,0.2346,0,1,0.8638,0.5249,668,0
8423.89,debit_card,gateway_b,insufficient_funds,223,0.8847,0.2925,0,3,0.4715,0.4469,1437,0
65742.23,debit_card,gateway_b,issuer_unavailable,385,0.1426,0.5545,0,3,0.948,0.5991,6284,1
88513.27,upi,gateway_b,card_expired,681,0.0867,0.0644,0,2,0.4175,0.3779,4077,0
82490.81,upi,gateway_a,issuer_unavailable,448,0.7778,0.0795,0,4,0.9473,0.7042,3093,0
24849.79,wallet,gateway_b,insufficient_funds,763,0.8662,0.9928,0,1,0.4319,0.5913,4795,0
91780.37,credit_card,gateway_c,issuer_unavailable,904,0.9586,0.1801,1,0,0.4895,0.6401,5348,1
49656.06,upi,gateway_a,insufficient_funds,30,0.2673,0.9221,0,1,0.3167,0.4598,2281,1
69278.83,upi,gateway_a,network_timeout,80,0.7119,0.0226,0,0,0.5437,0.286,1113,1
56080.29,net_banking,gateway_b,issuer_unavailable,906,0.032,0.3573,0,2,0.5947,0.6001,2298,1
14260.73,debit_card,gateway_c,insufficient_funds,311,0.6451,0.5146,0,2,0.7435,0.3887,6911,1
48853.34,debit_card,gateway_a,issuer_unavailable,222,0.3235,0.9883,0,1,0.8865,0.3962,3670,0
83328.87,wallet,gateway_a,suspected_fraud,640,0.8279,0.007,0,3,0.5847,0.3308,5535,0
52458.15,net_banking,gateway_c,insufficient_funds,352,0.0974,0.8637,0,0,0.5056,0.361,4568,0
23135.23,net_banking,gateway_b,network_timeout,110,0.4851,0.5481,0,1,0.5711,0.3069,3247,1
13334.22,debit_card,gateway_a,card_expired,956,0.1834,0.5721,0,4,0.7094,0.5641,3945,0
17130.16,debit_card,gateway_c,rate_limit,425,0.362,0.9924,0,2,0.9927,0.8494,4160,0
72738.29,debit_card,gateway_a,authentication_required,938,0.5422,0.3431,1,3,0.6543,0.2651,95,1
27848.75,net_banking,gateway_a,issuer_unavailable,239,0.5888,0.0732,0,4,0.9924,0.2047,7080,1
91731.42,credit_card,gateway_a,network_timeout,872,0.0178,0.0716,0,0,0.3011,0.257,2011,0
35447.83,upi,gateway_a,card_expired,260,0.4745,0.6385,0,4,0.9421,0.281,957,0
47002.38,upi,gateway_b,issuer_unavailable,270,0.7,0.4909,0,1,0.7795,0.7389,5913,1
32913.81,debit_card,gateway_b,rate_limit,177,0.8822,0.3659,0,2,0.9693,0.4559,3421,0
32124.45,wallet,gateway_a,issuer_unavailable,602,0.6424,0.2859,0,4,0.8003,0.6835,4297,1
86416.82,upi,gateway_b,authentication_required,767,0.4578,0.543,1,2,0.56,0.433,4618,0
70012.98,wallet,gateway_b,authentication_required,150,0.1247,0.1365,1,3,0.4016,0.5157,6348,0
32342.24,wallet,gateway_c,issuer_unavailable,246,0.1034,0.0801,0,2,0.3486,0.6545,4933,0
94120.67,upi,gateway_c,issuer_unavailable,475,0.4702,0.1586,0,1,0.441,0.6293,5477,1
7550.61,wallet,gateway_b,rate_limit,404,0.4129,0.4677,0,4,0.5468,0.3129,2037,1
50561.68,wallet,gateway_c,network_timeout,786,0.3426,0.9293,0,0,0.8392,0.7015,6925,1
31571.14,net_banking,gateway_c,temporary_gateway_error,86,0.3593,0.7733,0,4,0.6758,0.7597,6421,1
99487.43,wallet,gateway_c,rate_limit,813,0.8772,0.8229,0,4,0.6956,0.3437,2549,1
30082.77,credit_card,gateway_c,suspected_fraud,711,0.0748,0.9208,1,4,0.9707,0.8098,1825,0
84743.74,wallet,gateway_b,insufficient_funds,491,0.8692,0.4848,0,4,0.5327,0.4383,1620,0
74782.19,debit_card,gateway_c,network_timeout,561,0.5954,0.7109,0,1,0.778,0.2314,2768,0
97162.94,net_banking,gateway_c,card_expired,196,0.1317,0.9218,0,4,0.968,0.673,4366,0
34390.25,credit_card,gateway_c,rate_limit,674,0.9499,0.0638,0,0,0.9118,0.7995,5786,0
35157.16,credit_card,gateway_a,authentication_required,596,0.1346,0.3917,1,2,0.5076,0.7559,1521,0
93512.19,credit_card,gateway_a,network_timeout,535,0.6546,0.6201,0,0,0.7788,0.3802,6399,1
93585.34,wallet,gateway_b,rate_limit,729,0.5347,0.5921,0,1,0.8181,0.2486,6200,1
98598.94,net_banking,gateway_c,network_timeout,764,0.4963,0.7689,0,3,0.9627,0.632,5127,1
88647.6,net_banking,gateway_c,suspected_fraud,633,0.0193,0.0725,0,2,0.9919,0.3522,3636,0
2075.99,upi,gateway_c,rate_limit,379,0.1939,0.5432,0,1,0.6854,0.8507,7145,0
2793.03,credit_card,gateway_c,rate_limit,863,0.5735,0.7768,0,2,0.6163,0.446,1633,0
44754.7,credit_card,gateway_b,suspected_fraud,259,0.7073,0.4646,0,2,0.8379,0.8466,5715,0
23347.58,credit_card,gateway_b,network_timeout,465,0.4993,0.8961,0,2,0.9652,0.3782,2437,1
37909.84,net_banking,gateway_b,issuer_unavailable,803,0.9062,0.5704,0,4,0.3461,0.5838,2273,0
72819.67,net_banking,gateway_a,network_timeout,913,0.7781,0.6024,0,0,0.7076,0.8198,2406,1
73023.62,wallet,gateway_a,card_expired,344,0.6483,0.4411,0,0,0.4089,0.6611,5019,0
76048.76,upi,gateway_a,network_timeout,671,0.3802,0.4502,0,3,0.9333,0.79,2982,1
3780.05,credit_card,gateway_c,insufficient_funds,427,0.8284,0.5784,0,4,0.3655,0.4688,2835,0
21108.09,debit_card,gateway_c,insufficient_funds,231,0.1438,0.1375,0,0,0.7488,0.4755,4701,1
37579.98,upi,gateway_c,insufficient_funds,258,0.76,0.2336,0,0,0.6489,0.6748,909,0
45314.87,wallet,gateway_c,network_timeout,390,0.7444,0.0643,0,3,0.4855,0.5517,6272,1
84909.25,wallet,gateway_c,insufficient_funds,771,0.1469,0.5036,0,4,0.9509,0.7111,6610,0
7413.67,debit_card,gateway_c,rate_limit,842,0.2383,0.2672,0,2,0.5271,0.3793,2506,1
94326.79,net_banking,gateway_c,temporary_gateway_error,168,0.5763,0.4397,0,0,0.8279,0.2439,5440,0
43902.34,credit_card,gateway_a,rate_limit,111,0.6661,0.4161,0,3,0.4818,0.6577,2434,0
77919.91,upi,gateway_a,rate_limit,41,0.6559,0.6531,0,0,0.3518,0.7327,6035,1
2447.47,credit_card,gateway_c,temporary_gateway_error,260,0.5865,0.6163,0,2,0.3721,0.7855,2088,0
89879.15,debit_card,gateway_c,card_expired,100,0.5381,0.7173,0,0,0.8353,0.751,687,0
92040.22,credit_card,gateway_a,rate_limit,99,0.2616,0.4356,0,1,0.4475,0.4717,3760,0
9192.44,wallet,gateway_a,issuer_unavailable,786,0.5508,0.0335,0,2,0.4705,0.2529,1116,0
83591.82,net_banking,gateway_c,temporary_gateway_error,517,0.4311,0.5512,1,3,0.88,0.2415,5599,0
23722.75,upi,gateway_a,rate_limit,58,0.9809,0.6643,0,1,0.862,0.6127,1056,1
13985.42,net_banking,gateway_a,temporary_gateway_error,436,0.1572,0.1148,0,0,0.3079,0.353,2057,1
62832.38,credit_card,gateway_c,card_expired,532,0.3408,0.8882,0,3,0.3726,0.7544,658,0
8170.4,wallet,gateway_a,network_timeout,549,0.291,0.9413,0,1,0.3224,0.5422,1959,1
15132.77,credit_card,gateway_c,insufficient_funds,532,0.2466,0.4229,0,0,0.6896,0.5146,353,0
71080.98,net_banking,gateway_a,rate_limit,702,0.0755,0.9047,0,3,0.4201,0.6107,6329,0
37216.45,wallet,gateway_a,authentication_required,856,0.4625,0.0822,1,3,0.5161,0.4017,7008,0
36429.03,net_banking,gateway_a,suspected_fraud,803,0.0201,0.5812,0,1,0.5308,0.7042,3991,0
70977.15,net_banking,gateway_b,network_timeout,753,0.9838,0.4431,0,1,0.9733,0.7956,1594,1
58457.61,wallet,gateway_a,rate_limit,413,0.1107,0.6238,0,0,0.5776,0.5646,6017,1
46257.0,credit_card,gateway_b,card_expired,959,0.0165,0.7349,0,1,0.7773,0.4582,1281,0
41383.26,upi,gateway_a,rate_limit,964,0.2852,0.9701,0,2,0.5599,0.2479,3937,0
52565.07,net_banking,gateway_a,temporary_gateway_error,661,0.8877,0.2981,0,4,0.9192,0.6979,5889,0
24447.89,debit_card,gateway_a,network_timeout,651,0.714,0.4829,0,2,0.6626,0.6713,1131,0
24522.63,debit_card,gateway_c,card_expired,494,0.7031,0.3141,0,4,0.9515,0.3376,920,0
13932.46,upi,gateway_c,temporary_gateway_error,957,0.6549,0.6604,0,0,0.435,0.2556,2449,1
67541.69,upi,gateway_a,issuer_unavailable,454,0.9891,0.4873,0,0,0.7302,0.7685,1918,0
2798.2,credit_card,gateway_c,card_expired,979,0.4166,0.6736,0,4,0.4203,0.755,174,0
95920.36,upi,gateway_c,issuer_unavailable,666,0.0292,0.1017,0,3,0.4717,0.357,6902,1
24294.42,credit_card,gateway_c,rate_limit,912,0.1349,0.0767,0,4,0.4197,0.5691,785,0
41742.31,upi,gateway_b,rate_limit,583,0.0195,0.811,0,2,0.8989,0.2124,7173,0
114.44,debit_card,gateway_b,issuer_unavailable,64,0.8595,0.352,0,3,0.9951,0.8293,5785,0
40895.1,credit_card,gateway_c,authentication_required,259,0.6179,0.9687,1,2,0.7652,0.7426,6958,0
55343.66,upi,gateway_b,insufficient_funds,878,0.3919,0.3754,0,1,0.8325,0.5274,6286,0
32300.71,credit_card,gateway_a,suspected_fraud,247,0.186,0.7506,0,3,0.4142,0.4515,492,0
3995.02,wallet,gateway_b,insufficient_funds,239,0.8857,0.37,0,4,0.9728,0.8539,4197,0
14747.88,credit_card,gateway_a,temporary_gateway_error,327,0.8612,0.7992,0,2,0.7061,0.4214,3645,1
4073.17,net_banking,gateway_a,card_expired,890,0.613,0.313,0,0,0.5089,0.5912,7138,0
42410.9,upi,gateway_a,card_expired,498,0.0797,0.0636,0,3,0.985,0.6296,6117,0
94776.06,wallet,gateway_c,card_expired,307,0.4161,0.5058,0,2,0.9322,0.8407,4205,0
12917.09,net_banking,gateway_c,rate_limit,339,0.3975,0.909,0,3,0.7437,0.4525,4331,0
32450.81,upi,gateway_a,authentication_required,467,0.2038,0.0339,1,4,0.9418,0.4659,2627,0
47165.19,credit_card,gateway_b,insufficient_funds,308,0.4171,0.6987,0,0,0.3287,0.4106,995,0
98679.23,upi,gateway_c,rate_limit,243,0.9121,0.8234,0,2,0.3145,0.739,5012,1
22122.23,debit_card,gateway_b,temporary_gateway_error,441,0.2143,0.8532,0,0,0.8185,0.4219,4639,1
56378.96,net_banking,gateway_a,network_timeout,587,0.0616,0.4556,0,1,0.4276,0.598,780,1
22155.22,upi,gateway_c,insufficient_funds,193,0.7928,0.8102,0,2,0.589,0.3393,2328,0
76213.29,wallet,gateway_c,card_expired,293,0.3514,0.1941,0,3,0.9129,0.7054,2435,0
13426.94,debit_card,gateway_c,rate_limit,481,0.9331,0.6381,0,3,0.7288,0.8347,2936,1
98142.3,net_banking,gateway_c,temporary_gateway_error,604,0.6922,0.8791,0,4,0.6065,0.2926,434,0
76395.41,net_banking,gateway_a,card_expired,427,0.7528,0.5781,0,4,0.8785,0.8139,1114,0
90449.81,debit_card,gateway_a,issuer_unavailable,878,0.7076,0.7633,0,1,0.9132,0.675,5443,0
15826.36,credit_card,gateway_b,rate_limit,990,0.8789,0.2593,0,3,0.6171,0.3355,371,0
11178.46,wallet,gateway_a,card_expired,886,0.0657,0.9384,0,1,0.3187,0.3874,5761,0
44163.06,upi,gateway_c,suspected_fraud,697,0.1461,0.6325,0,0,0.714,0.6831,1905,0
76252.36,debit_card,gateway_a,card_expired,586,0.3108,0.5482,0,1,0.8514,0.816,3030,1
1190.99,net_banking,gateway_c,issuer_unavailable,750,0.8496,0.9229,0,2,0.558,0.378,85,1
77076.28,credit_card,gateway_c,card_expired,662,0.3946,0.7028,0,3,0.6165,0.4326,4109,0
46704.83,debit_card,gateway_b,rate_limit,316,0.9714,0.1865,0,3,0.4887,0.5542,4933,0
54197.1,wallet,gateway_b,card_expired,735,0.8081,0.348,0,2,0.7473,0.2123,6234,0
71824.16,upi,gateway_b,authentication_required,355,0.5268,0.4859,1,1,0.5756,0.3739,490,0
77965.7,wallet,gateway_a,network_timeout,915,0.4926,0.0506,0,2,0.5515,0.5221,3464,0
21226.14,credit_card,gateway_b,network_timeout,969,0.604,0.3679,0,0,0.8662,0.8864,3089,1
3964.15,wallet,gateway_b,network_timeout,757,0.8425,0.3053,0,1,0.7648,0.6149,6931,1
27283.53,debit_card,gateway_c,authentication_required,182,0.0923,0.8806,1,1,0.9044,0.8561,1410,1
79971.54,debit_card,gateway_a,issuer_unavailable,980,0.1466,0.3378,0,2,0.5652,0.2861,38,0
61916.19,debit_card,gateway_a,suspected_fraud,583,0.929,0.0782,0,0,0.6705,0.8725,6443,0
80327.55,upi,gateway_b,authentication_required,458,0.2505,0.1102,1,1,0.3995,0.2937,6104,1
57860.65,wallet,gateway_a,card_expired,376,0.9181,0.2827,1,3,0.7411,0.825,2579,0
72092.82,upi,gateway_a,authentication_required,224,0.888,0.5896,1,1,0.7483,0.2676,3823,0
50133.51,credit_card,gateway_c,insufficient_funds,827,0.1465,0.4022,0,3,0.4142,0.4329,4663,1
81350.56,net_banking,gateway_c,rate_limit,543,0.9779,0.1102,0,0,0.5441,0.2311,1445,1
57136.25,debit_card,gateway_a,temporary_gateway_error,496,0.9766,0.7996,0,0,0.9347,0.5693,196,0
91897.78,credit_card,gateway_b,issuer_unavailable,676,0.478,0.2684,0,3,0.4568,0.7805,5027,0
51483.83,net_banking,gateway_b,authentication_required,908,0.361,0.6211,1,0,0.5192,0.8485,3209,1
27831.78,net_banking,gateway_c,card_expired,612,0.7595,0.4518,0,1,0.675,0.5578,3545,0
76033.88,upi,gateway_a,suspected_fraud,738,0.6618,0.3944,0,4,0.3971,0.5361,5678,0
72187.7,net_banking,gateway_a,issuer_unavailable,233,0.1852,0.152,0,3,0.4252,0.6194,4302,0
20801.99,credit_card,gateway_b,issuer_unavailable,236,0.6635,0.8958,0,0,0.5891,0.7832,6186,0
24358.58,net_banking,gateway_a,suspected_fraud,48,0.1698,0.3214,0,2,0.6663,0.2226,5136,0
71925.41,wallet,gateway_b,issuer_unavailable,917,0.54,0.0554,0,0,0.6574,0.2613,7126,0
83124.06,net_banking,gateway_c,network_timeout,757,0.979,0.3835,0,3,0.5681,0.8247,5198,1
40689.51,net_banking,gateway_a,authentication_required,294,0.1135,0.0075,1,2,0.803,0.5291,1610,0
15298.46,wallet,gateway_b,issuer_unavailable,360,0.2065,0.5856,0,0,0.8594,0.2273,1541,0
91795.32,wallet,gateway_c,authentication_required,368,0.1074,0.501,1,4,0.7377,0.6063,3352,1
97038.6,credit_card,gateway_a,temporary_gateway_error,424,0.5748,0.0368,0,3,0.617,0.3732,3545,0
29142.58,wallet,gateway_b,insufficient_funds,697,0.1603,0.1041,0,3,0.6421,0.3466,1066,0
64267.4,debit_card,gateway_b,temporary_gateway_error,924,0.2775,0.2445,0,3,0.8767,0.4558,7092,1
19502.62,upi,gateway_a,authentication_required,33,0.3923,0.6613,1,1,0.4809,0.5388,5655,0
92162.8,wallet,gateway_a,issuer_unavailable,327,0.4126,0.9278,0,4,0.8016,0.5243,79,0
37127.27,wallet,gateway_a,network_timeout,475,0.4395,0.3861,0,4,0.3058,0.8069,4476,0
12010.16,credit_card,gateway_a,temporary_gateway_error,714,0.9522,0.1486,0,3,0.8737,0.585,6842,0
86259.95,credit_card,gateway_c,card_expired,699,0.3895,0.8606,0,0,0.4996,0.6028,5733,0
74022.3,net_banking,gateway_b,card_expired,654,0.8789,0.1282,0,3,0.8242,0.5386,3863,0
33556.03,debit_card,gateway_c,issuer_unavailable,427,0.6851,0.42,0,0,0.7931,0.278,980,1
8517.38,debit_card,gateway_a,authentication_required,887,0.0718,0.2367,1,1,0.897,0.8267,1227,0
84376.32,net_banking,gateway_c,temporary_gateway_error,322,0.5178,0.0074,0,0,0.5342,0.2998,3769,1
75169.36,wallet,gateway_b,suspected_fraud,791,0.6811,0.1745,0,3,0.3107,0.2353,4005,0
60063.56,net_banking,gateway_b,authentication_required,606,0.9872,0.4957,1,2,0.6237,0.4181,3312,1
31355.0,credit_card,gateway_b,rate_limit,135,0.1491,0.5809,0,1,0.6686,0.2063,1205,0
28747.43,debit_card,gateway_a,authentication_required,82,0.2396,0.7575,1,4,0.7499,0.7922,3039,0
14134.25,wallet,gateway_b,network_timeout,705,0.1826,0.644,0,3,0.5663,0.7698,6738,1
75857.42,credit_card,gateway_b,authentication_required,713,0.1911,0.2123,1,1,0.6041,0.598,6460,1
75538.28,credit_card,gateway_b,insufficient_funds,326,0.7336,0.1003,1,4,0.5742,0.8758,2995,1
82083.26,net_banking,gateway_b,suspected_fraud,361,0.6859,0.7892,0,2,0.9784,0.419,5754,0
2183.79,wallet,gateway_a,insufficient_funds,150,0.3879,0.6835,0,4,0.8477,0.3889,3866,0
86042.68,debit_card,gateway_c,rate_limit,371,0.7271,0.3866,0,3,0.4622,0.409,4545,1
4947.41,upi,gateway_b,rate_limit,992,0.2902,0.4364,0,0,0.9337,0.6862,2812,1
49660.06,net_banking,gateway_b,authentication_required,220,0.2952,0.4884,1,1,0.3375,0.4589,5307,1
21894.0,net_banking,gateway_c,network_timeout,362,0.4098,0.4232,0,2,0.8661,0.5824,781,1
622.38,debit_card,gateway_a,insufficient_funds,617,0.4775,0.3991,0,2,0.6828,0.5021,5098,0
27328.09,upi,gateway_a,insufficient_funds,241,0.4744,0.1326,1,0,0.5863,0.7675,4025,1
71427.3,net_banking,gateway_a,authentication_required,840,0.8141,0.9719,1,2,0.5354,0.8689,924,0
56961.73,wallet,gateway_a,temporary_gateway_error,951,0.4332,0.3443,0,4,0.933,0.4693,2464,0
59337.66,upi,gateway_a,authentication_required,905,0.7221,0.8008,1,2,0.3709,0.8446,3256,0
87362.14,debit_card,gateway_a,issuer_unavailable,567,0.36,0.0258,0,4,0.4454,0.2049,7082,0
86756.29,wallet,gateway_c,issuer_unavailable,450,0.8171,0.2928,0,0,0.3788,0.3091,4836,1
38950.28,wallet,gateway_b,suspected_fraud,330,0.3454,0.968,1,1,0.7018,0.5768,6678,0
84724.2,credit_card,gateway_c,issuer_unavailable,536,0.0051,0.7035,0,3,0.343,0.6709,2838,0
10892.22,wallet,gateway_b,suspected_fraud,947,0.4782,0.0537,0,4,0.363,0.2886,2976,0
95285.11,net_banking,gateway_c,card_expired,781,0.6261,0.1187,0,4,0.4119,0.5457,1732,0
3003.39,wallet,gateway_c,suspected_fraud,47,0.6242,0.093,0,3,0.3878,0.2493,5874,0
24734.02,wallet,gateway_c,suspected_fraud,493,0.1544,0.8385,0,1,0.4735,0.2771,5977,0
88518.95,upi,gateway_c,insufficient_funds,57,0.1431,0.5531,0,1,0.5616,0.5415,2502,0
32835.13,debit_card,gateway_a,card_expired,444,0.3923,0.7164,1,3,0.3967,0.5749,1065,0
78147.88,credit_card,gateway_b,issuer_unavailable,981,0.0363,0.1719,0,3,0.6529,0.4657,6481,0
80035.5,net_banking,gateway_b,issuer_unavailable,249,0.6503,0.1831,0,1,0.8567,0.5886,6041,0
83009.48,credit_card,gateway_b,authentication_required,799,0.7416,0.1441,1,1,0.4535,0.6789,1537,1
56322.83,credit_card,gateway_a,temporary_gateway_error,370,0.4806,0.7306,0,4,0.803,0.7727,6527,1
78490.21,upi,gateway_b,issuer_unavailable,66,0.3664,0.1149,0,0,0.9323,0.8432,6997,1
39003.6,upi,gateway_b,authentication_required,378,0.0147,0.5907,1,1,0.5781,0.7955,5855,1
1283.08,net_banking,gateway_c,issuer_unavailable,628,0.2941,0.8016,1,3,0.8724,0.5123,788,1
35969.73,credit_card,gateway_a,authentication_required,799,0.5299,0.1176,1,1,0.5416,0.274,2681,1
71222.55,credit_card,gateway_b,suspected_fraud,242,0.2884,0.1515,0,0,0.4351,0.5692,6693,0
13938.36,wallet,gateway_b,issuer_unavailable,607,0.505,0.4091,0,4,0.8893,0.3644,186,1
94152.75,net_banking,gateway_a,suspected_fraud,528,0.9638,0.614,0,2,0.4038,0.6411,1339,0
27893.28,wallet,gateway_c,authentication_required,474,0.1823,0.4502,1,0,0.8869,0.2443,1664,1
88447.86,net_banking,gateway_c,authentication_required,969,0.0574,0.1314,1,0,0.9686,0.8781,1784,0
46959.93,net_banking,gateway_c,temporary_gateway_error,907,0.1092,0.8024,0,1,0.698,0.5324,3275,0
12750.79,debit_card,gateway_b,network_timeout,647,0.7512,0.4953,0,2,0.8828,0.6977,3465,0
67513.76,net_banking,gateway_c,issuer_unavailable,541,0.5441,0.0782,0,3,0.9775,0.8281,1705,0
38538.11,credit_card,gateway_a,issuer_unavailable,994,0.0682,0.9012,0,1,0.9077,0.6328,4012,1
86119.67,wallet,gateway_b,card_expired,168,0.5174,0.6492,0,3,0.8724,0.3953,2549,0
6425.13,upi,gateway_c,temporary_gateway_error,96,0.9665,0.4338,0,4,0.9828,0.7398,7132,1
18270.52,debit_card,gateway_c,card_expired,137,0.374,0.2642,0,0,0.7235,0.6568,6622,0
85739.24,credit_card,gateway_a,temporary_gateway_error,58,0.675,0.1666,0,3,0.4724,0.7442,4688,0
54975.77,upi,gateway_c,temporary_gateway_error,124,0.4269,0.6601,0,3,0.6154,0.6977,2586,1
80346.31,wallet,gateway_b,temporary_gateway_error,512,0.7119,0.3115,0,1,0.4983,0.7919,4116,1
31606.01,upi,gateway_b,authentication_required,891,0.3086,0.1239,1,2,0.9026,0.4235,623,0
26378.28,wallet,gateway_c,rate_limit,640,0.5462,0.0673,0,3,0.4693,0.8014,917,1
88685.2,credit_card,gateway_b,card_expired,925,0.5431,0.3532,0,1,0.7292,0.3033,712,0
89988.77,net_banking,gateway_a,network_timeout,968,0.797,0.2673,0,4,0.4333,0.3339,6744,0
45227.54,net_banking,gateway_c,card_expired,108,0.7617,0.3384,0,2,0.8282,0.3268,4287,0
22459.56,wallet,gateway_c,suspected_fraud,746,0.4073,0.1004,0,2,0.5427,0.7543,3130,0
5379.72,upi,gateway_a,temporary_gateway_error,943,0.8994,0.648,0,1,0.7935,0.4997,5612,1
69124.32,wallet,gateway_a,temporary_gateway_error,328,0.4338,0.7293,0,1,0.3207,0.6398,6617,1
89995.82,debit_card,gateway_b,issuer_unavailable,441,0.4236,0.2778,0,1,0.5756,0.6845,3178,0
31130.98,wallet,gateway_a,card_expired,936,0.5039,0.0277,0,1,0.915,0.488,2775,0
34359.04,net_banking,gateway_a,issuer_unavailable,628,0.2916,0.3369,0,0,0.9963,0.5776,3698,0
895.79,wallet,gateway_a,temporary_gateway_error,943,0.3354,0.8257,0,0,0.5683,0.7975,6144,0
62111.37,debit_card,gateway_a,network_timeout,224,0.6599,0.9291,0,1,0.9141,0.6753,5291,1
92758.13,net_banking,gateway_b,temporary_gateway_error,729,0.268,0.8997,0,1,0.5569,0.2785,1705,0
32562.18,upi,gateway_b,authentication_required,287,0.5659,0.969,1,2,0.9865,0.7191,3345,0
19592.1,credit_card,gateway_a,suspected_fraud,744,0.1654,0.5503,0,3,0.6854,0.3527,5214,0
4049.68,net_banking,gateway_c,suspected_fraud,551,0.0818,0.1161,0,1,0.697,0.5544,5469,0
22372.58,credit_card,gateway_a,network_timeout,333,0.8643,0.147,0,0,0.8478,0.3009,993,1
50684.49,upi,gateway_b,card_expired,455,0.8551,0.5568,1,3,0.8427,0.299,2276,0
33027.02,upi,gateway_c,rate_limit,235,0.3222,0.054,0,4,0.9124,0.2999,1844,0
75277.76,net_banking,gateway_c,authentication_required,236,0.952,0.9488,1,1,0.6213,0.434,2992,1
51044.09,net_banking,gateway_b,authentication_required,897,0.4108,0.6935,1,0,0.5341,0.8381,5288,1
5068.31,upi,gateway_c,network_timeout,853,0.6103,0.2292,0,2,0.8841,0.7642,2642,1
56792.34,net_banking,gateway_a,insufficient_funds,165,0.2216,0.3241,0,2,0.4367,0.2675,6478,0
554.78,credit_card,gateway_b,suspected_fraud,686,0.1504,0.3972,0,3,0.369,0.24,6928,0
56332.23,debit_card,gateway_b,card_expired,29,0.9893,0.6518,0,0,0.5543,0.4812,5398,0
8480.85,net_banking,gateway_b,network_timeout,303,0.781,0.0688,0,4,0.3854,0.3378,3980,1
51948.73,credit_card,gateway_a,insufficient_funds,813,0.1628,0.0504,1,0,0.4411,0.4868,901,0
28352.89,credit_card,gateway_c,temporary_gateway_error,45,0.9916,0.6936,0,2,0.4981,0.7155,734,0
81206.49,debit_card,gateway_c,card_expired,835,0.6766,0.5137,0,4,0.6644,0.6274,4729,0
83313.46,credit_card,gateway_b,authentication_required,852,0.3522,0.0646,1,3,0.9127,0.605,5610,0
29073.31,net_banking,gateway_a,authentication_required,131,0.8785,0.2505,1,0,0.9126,0.4244,3123,1
7738.27,credit_card,gateway_b,temporary_gateway_error,667,0.9451,0.1217,0,1,0.9177,0.822,817,1
21585.51,debit_card,gateway_b,rate_limit,984,0.2954,0.5485,0,3,0.7724,0.4515,3785,0
86390.36,debit_card,gateway_c,card_expired,573,0.9257,0.8384,0,1,0.4533,0.8333,2427,0
83812.29,credit_card,gateway_b,network_timeout,823,0.9174,0.744,0,1,0.7258,0.8407,930,0
71214.89,wallet,gateway_b,issuer_unavailable,377,0.1936,0.0792,0,4,0.694,0.2207,1135,1
64375.57,debit_card,gateway_c,issuer_unavailable,856,0.408,0.3513,0,1,0.5508,0.6521,4293,1
84721.52,credit_card,gateway_c,suspected_fraud,223,0.7905,0.5864,0,1,0.4516,0.5091,59,0
56676.23,credit_card,gateway_c,temporary_gateway_error,844,0.0159,0.0371,0,2,0.3599,0.3493,660,0
97243.11,debit_card,gateway_c,rate_limit,458,0.5758,0.3758,0,2,0.6156,0.8662,3020,0
27739.64,credit_card,gateway_a,suspected_fraud,585,0.7066,0.4471,0,3,0.7976,0.3765,5176,1
35222.76,credit_card,gateway_c,card_expired,459,0.0895,0.6947,0,2,0.5259,0.6114,2068,0
83810.2,debit_card,gateway_b,temporary_gateway_error,368,0.8066,0.1594,0,4,0.6528,0.453,4198,1
9340.52,upi,gateway_a,rate_limit,408,0.0707,0.4328,0,2,0.7111,0.5514,3495,1
33435.31,credit_card,gateway_a,network_timeout,524,0.697,0.6475,0,2,0.4818,0.7203,2559,0
10121.02,net_banking,gateway_a,card_expired,799,0.5903,0.6538,0,0,0.6572,0.4185,3328,0
34325.17,upi,gateway_a,issuer_unavailable,246,0.6279,0.4487,0,3,0.6781,0.6425,5611,0
8988.31,net_banking,gateway_a,card_expired,300,0.7734,0.7983,0,3,0.459,0.7841,5279,0
29194.03,debit_card,gateway_c,issuer_unavailable,691,0.6807,0.6008,0,1,0.7296,0.5086,2218,0
91515.07,credit_card,gateway_c,suspected_fraud,875,0.9562,0.7376,0,4,0.6092,0.2252,381,0
6201.65,upi,gateway_c,suspected_fraud,607,0.6458,0.9807,0,4,0.8429,0.7052,5818,0
75365.5,debit_card,gateway_c,authentication_required,896,0.1634,0.0001,1,1,0.4653,0.5684,6125,0
16327.57,net_banking,gateway_c,insufficient_funds,929,0.2157,0.8259,1,4,0.3775,0.5902,1693,0
29388.46,net_banking,gateway_a,network_timeout,950,0.0136,0.3194,0,4,0.9623,0.4111,2643,1
82623.56,debit_card,gateway_c,authentication_required,598,0.4169,0.3672,1,1,0.9876,0.5151,4919,1
18043.99,debit_card,gateway_c,issuer_unavailable,668,0.0219,0.4406,1,0,0.5654,0.7286,249,0
42898.13,wallet,gateway_c,insufficient_funds,179,0.0758,0.2458,0,3,0.8312,0.6617,2003,0
46144.77,net_banking,gateway_c,rate_limit,62,0.7374,0.6611,0,2,0.6603,0.3821,1053,0
78517.98,upi,gateway_b,authentication_required,580,0.8206,0.4641,1,2,0.6378,0.8603,4156,1
55148.06,debit_card,gateway_b,insufficient_funds,107,0.8406,0.8715,0,3,0.7299,0.6151,6771,0
25875.59,upi,gateway_a,issuer_unavailable,54,0.7355,0.9578,0,0,0.479,0.4624,4291,1
98664.3,credit_card,gateway_a,authentication_required,582,0.5625,0.5777,1,0,0.577,0.8472,598,1
21360.82,debit_card,gateway_a,rate_limit,262,0.8047,0.6402,0,0,0.314,0.7337,6464,1
87583.28,wallet,gateway_a,temporary_gateway_error,333,0.0347,0.8719,0,1,0.6732,0.4628,1152,0
62496.55,wallet,gateway_a,rate_limit,951,0.0516,0.3973,0,2,0.5532,0.289,1831,0
58993.64,debit_card,gateway_a,card_expired,438,0.0046,0.5285,0,1,0.5022,0.7193,6081,0
11220.42,net_banking,gateway_b,card_expired,432,0.4002,0.2497,0,0,0.5644,0.3405,5047,0
42645.16,debit_card,gateway_b,authentication_required,102,0.7875,0.0845,1,2,0.8318,0.2875,4117,1
44665.81,wallet,gateway_b,suspected_fraud,587,0.864,0.8999,0,2,0.5273,0.7655,6065,0
64996.61,upi,gateway_c,suspected_fraud,578,0.1098,0.4387,0,2,0.6449,0.3852,387,0
46635.73,net_banking,gateway_c,suspected_fraud,576,0.6731,0.6693,0,4,0.7955,0.3873,3277,0
89660.69,net_banking,gateway_c,network_timeout,945,0.5206,0.5327,0,4,0.4885,0.6476,5597,0
25953.67,debit_card,gateway_b,authentication_required,177,0.7335,0.8226,1,3,0.9356,0.3443,1308,1
92313.36,wallet,gateway_c,authentication_required,181,0.1782,0.2929,1,0,0.5936,0.703,434,1
35792.18,debit_card,gateway_c,card_expired,943,0.745,0.3688,0,4,0.4994,0.6373,6258,0
61797.57,net_banking,gateway_b,temporary_gateway_error,414,0.1487,0.1998,0,4,0.5676,0.5726,3496,0
13817.06,credit_card,gateway_b,suspected_fraud,21,0.3198,0.1666,0,2,0.5412,0.4799,542,0
84540.52,upi,gateway_c,network_timeout,632,0.4469,0.8914,0,3,0.4541,0.8992,197,0
59193.83,upi,gateway_a,suspected_fraud,776,0.3919,0.0445,0,4,0.4697,0.5635,837,0
19320.34,debit_card,gateway_c,insufficient_funds,436,0.1366,0.25,0,1,0.7643,0.4535,5620,0
50855.72,debit_card,gateway_b,temporary_gateway_error,627,0.9556,0.8551,0,2,0.6198,0.4135,3610,1
5546.65,credit_card,gateway_a,suspected_fraud,87,0.1356,0.284,0,1,0.8467,0.4285,6057,0
79801.01,credit_card,gateway_a,network_timeout,875,0.9318,0.9665,0,0,0.6323,0.7827,2555,0
62875.69,debit_card,gateway_b,authentication_required,195,0.0018,0.3554,1,3,0.759,0.8263,6633,0
35958.29,credit_card,gateway_c,issuer_unavailable,440,0.6718,0.967,0,3,0.9206,0.3736,5451,0
77756.69,wallet,gateway_c,insufficient_funds,409,0.5831,0.7455,0,0,0.9844,0.8031,5101,1
70460.39,wallet,gateway_b,suspected_fraud,915,0.4974,0.8935,0,0,0.8585,0.3512,5922,0
70674.46,net_banking,gateway_a,rate_limit,632,0.4465,0.0649,0,3,0.8022,0.2625,3833,0
46498.86,upi,gateway_b,authentication_required,53,0.5853,0.1929,1,3,0.7423,0.7817,6568,0
25888.56,debit_card,gateway_a,rate_limit,408,0.9208,0.9252,0,2,0.4252,0.7024,5515,1
46197.95,upi,gateway_c,insufficient_funds,271,0.2083,0.1036,0,4,0.9177,0.2123,4262,1
79062.72,net_banking,gateway_b,network_timeout,53,0.7616,0.5593,0,1,0.5149,0.5082,4700,1
32887.69,debit_card,gateway_a,issuer_unavailable,894,0.4079,0.2771,0,2,0.6952,0.7885,965,0
90336.37,credit_card,gateway_b,card_expired,756,0.9685,0.8058,0,3,0.4779,0.8898,6590,0
79530.33,wallet,gateway_c,authentication_required,738,0.2301,0.3067,1,4,0.5068,0.8439,1114,0
59203.69,wallet,gateway_c,authentication_required,35,0.3376,0.3413,1,2,0.769,0.3877,3066,1
36311.22,wallet,gateway_c,suspected_fraud,515,0.5134,0.1951,0,3,0.3754,0.7656,1592,0
13546.38,debit_card,gateway_b,authentication_required,984,0.9166,0.3619,1,3,0.5011,0.4632,4643,0
8755.92,debit_card,gateway_a,issuer_unavailable,726,0.1911,0.3004,0,1,0.4595,0.3998,4340,1
80065.4,wallet,gateway_b,temporary_gateway_error,557,0.129,0.7386,0,3,0.4478,0.6862,3799,1
83037.58,wallet,gateway_b,issuer_unavailable,418,0.0402,0.9478,0,4,0.3043,0.7059,3497,0
3012.56,net_banking,gateway_a,network_timeout,625,0.9394,0.5194,0,3,0.7175,0.7923,5197,0
91824.88,wallet,gateway_c,network_timeout,82,0.2125,0.2672,0,0,0.8674,0.7579,6566,1
66636.15,credit_card,gateway_c,authentication_required,532,0.4039,0.3632,1,2,0.5838,0.8465,1162,1
62441.82,upi,gateway_a,temporary_gateway_error,394,0.2697,0.1559,0,0,0.3255,0.8468,3625,1
66900.0,credit_card,gateway_a,authentication_required,793,0.4575,0.3223,1,4,0.9094,0.4201,5148,0
66377.37,wallet,gateway_c,temporary_gateway_error,100,0.1602,0.8036,0,2,0.3585,0.2541,1671,1
41603.66,net_banking,gateway_a,temporary_gateway_error,411,0.0029,0.3653,0,0,0.3308,0.5896,2862,1
16717.78,wallet,gateway_b,network_timeout,616,0.8449,0.9163,0,3,0.4066,0.336,4525,0
36338.23,wallet,gateway_c,card_expired,801,0.6839,0.36,0,3,0.8892,0.2632,5246,0
11463.2,debit_card,gateway_a,authentication_required,198,0.8124,0.6821,1,3,0.5321,0.8387,6968,1
5110.98,wallet,gateway_a,suspected_fraud,194,0.8034,0.9353,0,4,0.3861,0.8048,6196,0
42752.43,wallet,gateway_c,suspected_fraud,785,0.6971,0.0167,0,2,0.4564,0.753,4087,0
60355.43,credit_card,gateway_b,authentication_required,993,0.5321,0.8465,1,0,0.8105,0.3445,797,1
93955.75,upi,gateway_c,rate_limit,688,0.9232,0.7384,0,4,0.5294,0.7536,6169,0
68245.68,net_banking,gateway_a,insufficient_funds,204,0.9582,0.2843,0,3,0.3152,0.3183,502,0
87934.76,debit_card,gateway_b,authentication_required,39,0.1958,0.0815,1,3,0.4667,0.8055,737,0
7658.13,debit_card,gateway_a,authentication_required,689,0.6964,0.9242,1,0,0.4811,0.8193,6618,1
67575.74,wallet,gateway_b,issuer_unavailable,475,0.5782,0.2351,0,3,0.6092,0.4081,1950,0
56748.98,wallet,gateway_c,rate_limit,68,0.6976,0.6615,0,1,0.4775,0.5222,2246,1
39138.83,wallet,gateway_a,rate_limit,136,0.284,0.1398,0,1,0.673,0.4509,6130,0
73230.7,upi,gateway_b,insufficient_funds,218,0.3686,0.5071,0,3,0.7056,0.8283,5771,0
68350.63,upi,gateway_a,suspected_fraud,789,0.3644,0.2832,0,4,0.4323,0.6048,4274,0
68009.58,upi,gateway_a,temporary_gateway_error,834,0.403,0.0992,0,1,0.7351,0.416,4785,1
77744.05,upi,gateway_a,suspected_fraud,317,0.6841,0.129,0,4,0.5725,0.2948,6150,0
11666.41,upi,gateway_b,network_timeout,211,0.0645,0.8464,0,3,0.784,0.3772,4011,0
98896.19,credit_card,gateway_b,card_expired,479,0.4943,0.5559,0,4,0.3282,0.7845,3276,0
84451.75,debit_card,gateway_b,temporary_gateway_error,653,0.3012,0.2206,0,3,0.7787,0.383,1907,0
49224.65,wallet,gateway_b,authentication_required,592,0.3596,0.877,1,4,0.7355,0.2842,6396,0
93353.83,net_banking,gateway_c,network_timeout,936,0.78,0.0127,0,1,0.5635,0.6237,6721,0
19774.17,debit_card,gateway_b,network_timeout,927,0.8372,0.436,0,3,0.4532,0.4472,4052,0
2710.49,upi,gateway_a,temporary_gateway_error,520,0.0134,0.1654,0,2,0.6792,0.634,4485,1
65906.13,credit_card,gateway_b,authentication_required,727,0.5613,0.6073,1,4,0.4769,0.5784,1339,1
78087.96,debit_card,gateway_c,temporary_gateway_error,624,0.1023,0.8388,0,4,0.6835,0.5322,5410,0
64200.31,upi,gateway_a,card_expired,576,0.7163,0.7837,0,1,0.9576,0.276,6639,0
4790.29,upi,gateway_a,temporary_gateway_error,396,0.2654,0.42,0,3,0.9472,0.816,2086,0
1538.61,wallet,gateway_c,network_timeout,364,0.2482,0.1423,0,2,0.9461,0.4773,3676,0
36829.41,net_banking,gateway_c,suspected_fraud,657,0.8883,0.0561,0,3,0.737,0.2089,379,0
19756.55,credit_card,gateway_b,network_timeout,747,0.1705,0.0575,0,3,0.5453,0.562,3228,1
50615.78,debit_card,gateway_c,temporary_gateway_error,50,0.0212,0.8733,0,0,0.5462,0.4496,2475,0
30086.78,wallet,gateway_c,rate_limit,705,0.2487,0.737,0,1,0.3448,0.7574,265,1
39025.33,upi,gateway_b,rate_limit,73,0.4025,0.1487,0,0,0.8992,0.3752,1242,1
99007.97,wallet,gateway_b,temporary_gateway_error,662,0.3086,0.5045,0,3,0.8026,0.818,6312,1
68327.19,wallet,gateway_c,temporary_gateway_error,932,0.7912,0.7042,0,1,0.4467,0.5435,1040,0
98050.98,debit_card,gateway_c,insufficient_funds,672,0.7395,0.9014,0,3,0.5994,0.5711,1045,0
32947.07,credit_card,gateway_b,insufficient_funds,751,0.7055,0.8355,0,3,0.8982,0.8738,4061,1
45461.98,upi,gateway_a,network_timeout,776,0.1995,0.8584,0,4,0.8016,0.4318,2631,0
3335.11,wallet,gateway_c,network_timeout,199,0.7362,0.5399,0,1,0.3249,0.3816,2953,1
85699.97,wallet,gateway_c,authentication_required,830,0.0267,0.7478,1,4,0.7809,0.2336,4359,1
16265.48,debit_card,gateway_c,authentication_required,582,0.3345,0.4578,1,1,0.6815,0.5185,5178,0
68687.77,net_banking,gateway_c,authentication_required,196,0.6029,0.5156,1,0,0.8185,0.7871,6792,0
66171.72,debit_card,gateway_a,authentication_required,970,0.3225,0.1709,1,3,0.8458,0.2601,2248,0
60830.79,net_banking,gateway_b,temporary_gateway_error,192,0.5441,0.016,0,1,0.6755,0.4534,2153,1
95374.3,upi,gateway_b,authentication_required,984,0.6128,0.1407,1,3,0.9951,0.642,329,0
94066.87,credit_card,gateway_c,temporary_gateway_error,175,0.5402,0.302,0,0,0.4831,0.3822,2375,1
40525.11,credit_card,gateway_a,authentication_required,100,0.3457,0.2406,1,2,0.7415,0.4724,3583,0
43904.0,wallet,gateway_c,card_expired,427,0.5681,0.0301,0,4,0.4938,0.7455,299,0
69397.44,upi,gateway_a,network_timeout,979,0.6417,0.8832,0,3,0.6447,0.5993,547,1
55104.07,net_banking,gateway_c,rate_limit,597,0.8972,0.166,0,0,0.6472,0.8209,5473,1
76936.39,upi,gateway_c,rate_limit,635,0.1459,0.6991,0,4,0.744,0.4239,7003,0
74794.46,credit_card,gateway_b,card_expired,861,0.5864,0.5671,0,1,0.9716,0.4782,1298,0
9219.29,wallet,gateway_a,insufficient_funds,893,0.1713,0.7714,0,4,0.6206,0.5252,6105,0
29962.24,wallet,gateway_b,authentication_required,979,0.8345,0.3861,1,2,0.4229,0.5895,195,0
38108.94,wallet,gateway_c,authentication_required,60,0.7055,0.3118,1,2,0.5809,0.642,4278,1
17158.79,credit_card,gateway_c,temporary_gateway_error,920,0.8672,0.8523,0,0,0.4573,0.6565,2945,1
35844.24,upi,gateway_b,authentication_required,33,0.6206,0.9887,1,3,0.4064,0.7229,3409,0
88131.35,net_banking,gateway_b,card_expired,292,0.2575,0.4683,0,4,0.656,0.4767,729,0
93024.18,net_banking,gateway_a,authentication_required,938,0.4026,0.6491,1,2,0.8213,0.5535,2872,1
99250.82,upi,gateway_b,temporary_gateway_error,286,0.768,0.2861,0,3,0.8001,0.7835,3417,1
6822.53,net_banking,gateway_b,card_expired,950,0.5164,0.2916,0,2,0.6207,0.8302,4913,0
71391.89,upi,gateway_b,suspected_fraud,26,0.3062,0.8352,0,2,0.7793,0.4622,246,0
34621.51,wallet,gateway_a,authentication_required,973,0.695,0.4452,1,4,0.9317,0.269,3942,1
40948.71,debit_card,gateway_a,card_expired,616,0.1939,0.5809,0,2,0.5917,0.2823,3442,0
65076.94,net_banking,gateway_a,suspected_fraud,959,0.3918,0.5668,0,3,0.7508,0.6609,5258,0
4177.29,credit_card,gateway_a,suspected_fraud,671,0.4847,0.8864,1,1,0.4224,0.5132,4561,0
51224.93,debit_card,gateway_c,issuer_unavailable,779,0.0184,0.0067,0,3,0.8926,0.7679,2901,0
52247.17,wallet,gateway_c,temporary_gateway_error,176,0.3723,0.8852,0,1,0.3402,0.6924,4321,0
75900.52,net_banking,gateway_c,temporary_gateway_error,430,0.1178,0.2539,0,0,0.5406,0.2858,6880,0
35299.3,net_banking,gateway_a,suspected_fraud,26,0.0041,0.4579,0,0,0.33,0.3108,4690,0
71362.04,upi,gateway_b,authentication_required,905,0.7332,0.656,1,2,0.609,0.6528,6080,0
37318.15,wallet,gateway_a,rate_limit,349,0.2145,0.8668,0,4,0.4691,0.4475,4110,1
97310.24,debit_card,gateway_a,temporary_gateway_error,618,0.6791,0.6139,0,4,0.9485,0.2297,6548,1
90862.48,credit_card,gateway_b,rate_limit,799,0.9289,0.0383,0,2,0.4207,0.7736,348,0
2846.58,upi,gateway_c,authentication_required,297,0.3563,0.4265,1,2,0.4714,0.6698,904,0
35336.45,debit_card,gateway_a,card_expired,824,0.2798,0.0655,0,2,0.4964,0.4214,1102,0
63044.26,debit_card,gateway_b,suspected_fraud,577,0.0635,0.2928,0,2,0.975,0.3651,195,0
38169.41,credit_card,gateway_c,insufficient_funds,40,0.1348,0.126,0,3,0.5295,0.33,165,0
62365.36,credit_card,gateway_b,rate_limit,597,0.1122,0.6978,0,3,0.347,0.8794,670,1
52595.81,wallet,gateway_b,suspected_fraud,859,0.8005,0.2612,0,4,0.5527,0.8791,1614,0
52961.17,credit_card,gateway_b,card_expired,720,0.3311,0.462,0,0,0.9079,0.7391,2225,0
61513.93,wallet,gateway_b,authentication_required,451,0.8638,0.5937,1,3,0.4567,0.4522,2218,0
67006.99,debit_card,gateway_c,insufficient_funds,437,0.1612,0.643,0,4,0.7451,0.3075,227,1
14475.41,credit_card,gateway_c,authentication_required,287,0.6215,0.8902,1,2,0.4676,0.2151,544,1
91122.06,debit_card,gateway_a,issuer_unavailable,143,0.4928,0.8342,0,0,0.7793,0.7859,4412,1
11904.33,upi,gateway_c,card_expired,970,0.9155,0.6693,0,1,0.4222,0.6841,4143,0
778.84,net_banking,gateway_b,rate_limit,93,0.1447,0.7126,0,1,0.9748,0.5617,5842,1
32626.56,upi,gateway_b,suspected_fraud,405,0.0688,0.3343,0,0,0.9549,0.4198,5382,0
55874.16,credit_card,gateway_c,temporary_gateway_error,815,0.9764,0.2074,0,0,0.5777,0.6294,3205,1
96170.09,upi,gateway_a,temporary_gateway_error,813,0.4955,0.1937,0,4,0.5568,0.4303,394,1
20736.39,debit_card,gateway_c,rate_limit,644,0.2921,0.9251,0,0,0.8453,0.8506,924,1
89409.13,upi,gateway_c,issuer_unavailable,176,0.8138,0.1251,0,4,0.3186,0.7486,4749,0
698.85,wallet,gateway_a,insufficient_funds,210,0.4178,0.7167,0,2,0.335,0.4427,788,1
29578.44,credit_card,gateway_c,issuer_unavailable,591,0.7844,0.2083,0,2,0.9018,0.3463,5209,0
64762.62,upi,gateway_a,authentication_required,475,0.7452,0.7209,1,2,0.9676,0.8325,3728,1
14775.83,credit_card,gateway_c,suspected_fraud,274,0.654,0.1871,0,0,0.4451,0.4153,5397,0
37495.16,credit_card,gateway_c,suspected_fraud,289,0.2135,0.3267,0,3,0.7156,0.3835,5238,0
68000.07,credit_card,gateway_c,network_timeout,229,0.4311,0.5901,0,3,0.6669,0.8572,265,1
31521.43,debit_card,gateway_b,rate_limit,256,0.6312,0.3702,0,3,0.5544,0.8942,1227,0
63264.18,credit_card,gateway_b,network_timeout,493,0.6788,0.9404,0,4,0.3484,0.4604,3989,1
24400.66,credit_card,gateway_c,authentication_required,581,0.2255,0.7198,1,1,0.6482,0.5914,4800,1
32200.96,upi,gateway_c,temporary_gateway_error,909,0.0833,0.2033,0,4,0.6165,0.5886,5672,1
64893.81,debit_card,gateway_a,network_timeout,693,0.5182,0.7038,0,2,0.4643,0.6353,732,0
58332.23,wallet,gateway_a,insufficient_funds,455,0.0323,0.9217,0,4,0.6541,0.3674,2046,0
85402.1,upi,gateway_c,insufficient_funds,628,0.5252,0.9068,0,2,0.7642,0.8407,463,1
40035.01,debit_card,gateway_b,rate_limit,934,0.8527,0.9716,0,1,0.3369,0.6308,2508,0
39289.33,upi,gateway_c,authentication_required,797,0.3993,0.7336,1,2,0.7434,0.5989,1497,1
61603.85,debit_card,gateway_a,card_expired,949,0.3074,0.056,0,1,0.3447,0.3004,131,0
49629.78,credit_card,gateway_a,issuer_unavailable,155,0.556,0.4862,0,1,0.5145,0.7883,4117,0
12425.77,upi,gateway_b,issuer_unavailable,336,0.821,0.2081,0,2,0.6857,0.5234,6932,0
49541.61,upi,gateway_b,temporary_gateway_error,314,0.6757,0.714,0,3,0.6095,0.4934,5622,0
49042.87,credit_card,gateway_b,authentication_required,462,0.6016,0.2223,1,3,0.3358,0.7668,1777,1
3095.14,net_banking,gateway_b,network_timeout,599,0.2288,0.6654,0,4,0.8217,0.8626,7049,0
40029.86,debit_card,gateway_a,suspected_fraud,424,0.3458,0.7394,0,3,0.691,0.414,6632,0
31757.73,net_banking,gateway_a,rate_limit,898,0.4468,0.106,0,1,0.3269,0.2959,5079,0
55047.0,credit_card,gateway_c,network_timeout,78,0.8319,0.1582,0,4,0.7652,0.4814,7098,1
58791.64,wallet,gateway_c,temporary_gateway_error,997,0.0614,0.8108,0,0,0.7543,0.7647,2453,1
504.31,credit_card,gateway_a,authentication_required,875,0.2741,0.6711,1,0,0.7913,0.2708,5586,0
79414.29,wallet,gateway_b,insufficient_funds,520,0.1996,0.625,0,1,0.7491,0.8126,1950,0
71756.24,upi,gateway_a,temporary_gateway_error,747,0.6446,0.5281,0,0,0.9281,0.5003,6096,1
86112.03,upi,gateway_c,insufficient_funds,835,0.7532,0.4894,0,1,0.3337,0.5973,5766,1
47705.65,net_banking,gateway_c,temporary_gateway_error,645,0.0941,0.9265,0,4,0.8578,0.6777,2119,1
32048.15,debit_card,gateway_c,insufficient_funds,70,0.3846,0.5126,0,4,0.4523,0.8746,4661,0
32910.02,net_banking,gateway_c,insufficient_funds,139,0.8234,0.5892,0,1,0.8452,0.797,2163,0
19960.24,credit_card,gateway_c,temporary_gateway_error,141,0.3044,0.1128,0,3,0.7683,0.3979,5086,0
43227.73,net_banking,gateway_a,insufficient_funds,41,0.6559,0.7827,0,4,0.5206,0.6916,856,0
83018.55,debit_card,gateway_b,network_timeout,766,0.887,0.6634,0,0,0.3236,0.5617,6605,1
40981.26,wallet,gateway_c,temporary_gateway_error,916,0.9079,0.3642,0,2,0.5499,0.6607,199,1
95409.05,credit_card,gateway_c,suspected_fraud,592,0.5649,0.8204,0,4,0.5151,0.4643,4653,0
59584.81,upi,gateway_c,temporary_gateway_error,182,0.7642,0.1937,0,2,0.9429,0.242,452,1
45470.42,credit_card,gateway_b,authentication_required,560,0.1515,0.7508,1,2,0.9564,0.504,888,0
83027.49,net_banking,gateway_c,rate_limit,801,0.3365,0.7447,0,3,0.5494,0.212,4525,0
12796.47,wallet,gateway_a,card_expired,181,0.1285,0.9997,0,2,0.3279,0.6545,5005,0
69027.52,credit_card,gateway_a,card_expired,708,0.3269,0.8835,0,4,0.3995,0.79,1540,0
9391.14,wallet,gateway_c,issuer_unavailable,875,0.2549,0.8075,0,1,0.8924,0.7512,2023,0
82716.3,debit_card,gateway_b,suspected_fraud,947,0.0125,0.8071,0,1,0.5669,0.891,1486,0
39067.52,wallet,gateway_b,rate_limit,729,0.6692,0.005,0,3,0.6289,0.6039,94,1
78568.06,debit_card,gateway_a,card_expired,139,0.686,0.4533,0,1,0.8931,0.5729,5293,0
95229.03,credit_card,gateway_a,issuer_unavailable,881,0.9933,0.739,0,0,0.9562,0.8438,6289,1
37127.01,net_banking,gateway_c,suspected_fraud,817,0.0601,0.5223,0,3,0.3389,0.872,4335,0
23005.66,wallet,gateway_a,card_expired,500,0.1278,0.8806,0,1,0.8913,0.8946,790,0
79396.82,credit_card,gateway_c,temporary_gateway_error,927,0.9946,0.9431,0,3,0.4506,0.8692,6511,0
45639.08,debit_card,gateway_c,authentication_required,332,0.6921,0.126,1,0,0.8064,0.7525,2222,1
74783.68,net_banking,gateway_c,card_expired,484,0.6219,0.129,0,1,0.6155,0.8364,1546,0
84765.29,debit_card,gateway_c,insufficient_funds,133,0.8192,0.1351,1,1,0.5288,0.4835,1502,0
35450.23,wallet,gateway_b,network_timeout,184,0.3919,0.7732,0,0,0.323,0.815,2154,1
14257.05,net_banking,gateway_b,network_timeout,465,0.4298,0.6051,0,4,0.9836,0.8788,3294,1
45138.69,upi,gateway_c,card_expired,425,0.0337,0.6016,0,2,0.7754,0.8057,80,0
61249.55,wallet,gateway_a,temporary_gateway_error,347,0.5885,0.51,0,4,0.6025,0.2167,3736,1
20127.95,debit_card,gateway_c,insufficient_funds,301,0.9687,0.2198,0,1,0.6602,0.844,6240,1
30802.93,upi,gateway_b,rate_limit,371,0.742,0.7429,0,3,0.9542,0.2058,250,1
49564.94,debit_card,gateway_c,insufficient_funds,96,0.0227,0.8456,0,2,0.3132,0.7671,1836,0
44292.17,wallet,gateway_b,authentication_required,648,0.5277,0.7765,1,0,0.3813,0.3638,2460,1
16721.03,debit_card,gateway_b,authentication_required,889,0.3222,0.0353,1,0,0.8204,0.3196,4140,1
19453.36,credit_card,gateway_c,card_expired,273,0.7956,0.1812,0,4,0.9879,0.5777,2667,0
47072.74,net_banking,gateway_c,authentication_required,726,0.0665,0.2768,1,1,0.5326,0.2232,3063,0
44771.42,debit_card,gateway_a,network_timeout,867,0.1174,0.5031,0,0,0.5755,0.2839,2203,1
89065.39,upi,gateway_b,temporary_gateway_error,71,0.7002,0.0379,0,0,0.452,0.8897,2521,1
55542.26,wallet,gateway_b,suspected_fraud,964,0.9513,0.0683,0,4,0.5262,0.5396,6545,0
34035.46,wallet,gateway_b,suspected_fraud,596,0.4887,0.6433,0,1,0.4686,0.4233,1379,0
62701.72,upi,gateway_b,rate_limit,380,0.0016,0.5408,0,1,0.8824,0.657,6012,1
44666.44,net_banking,gateway_c,insufficient_funds,952,0.5166,0.2633,0,0,0.554,0.6863,3940,0
96761.86,upi,gateway_b,temporary_gateway_error,543,0.4955,0.813,0,3,0.6565,0.4268,982,0
63790.91,debit_card,gateway_a,authentication_required,498,0.4847,0.957,1,1,0.9893,0.6529,6552,0
6929.24,credit_card,gateway_b,card_expired,254,0.3433,0.0817,0,1,0.7272,0.8132,2986,0
90695.7,net_banking,gateway_b,network_timeout,237,0.5485,0.8926,0,3,0.8667,0.2472,7166,0
81101.65,credit_card,gateway_b,suspected_fraud,180,0.7346,0.8523,0,1,0.8338,0.6,177,0
9131.26,debit_card,gateway_b,insufficient_funds,761,0.8996,0.1707,0,0,0.5226,0.8607,5497,1
10782.15,wallet,gateway_b,rate_limit,74,0.489,0.0231,0,1,0.3068,0.2625,5237,1
82661.09,wallet,gateway_c,insufficient_funds,372,0.3135,0.7285,0,4,0.3294,0.7774,5062,0
71438.37,debit_card,gateway_a,card_expired,234,0.9976,0.3438,0,3,0.9814,0.8331,6190,0
10199.87,net_banking,gateway_c,temporary_gateway_error,257,0.6762,0.6534,0,1,0.482,0.638,903,1
24999.28,net_banking,gateway_c,card_expired,544,0.0272,0.0465,0,0,0.5821,0.4209,89,0
45140.53,credit_card,gateway_c,network_timeout,185,0.4363,0.1993,0,4,0.3238,0.8864,1406,0
5176.28,net_banking,gateway_b,authentication_required,666,0.531,0.9199,1,0,0.4441,0.3127,5012,1
44511.09,net_banking,gateway_b,authentication_required,959,0.7517,0.1193,1,1,0.8302,0.2195,6844,0
36884.1,net_banking,gateway_a,card_expired,74,0.8036,0.2131,0,4,0.832,0.5892,6879,0
60112.3,net_banking,gateway_a,card_expired,260,0.8016,0.1194,0,3,0.7257,0.2253,1035,0
90056.4,net_banking,gateway_a,suspected_fraud,140,0.2102,0.7538,0,4,0.8061,0.7912,1937,0
40907.75,debit_card,gateway_a,rate_limit,765,0.3556,0.1067,0,1,0.6908,0.409,389,0
74789.56,credit_card,gateway_a,network_timeout,930,0.7432,0.3005,0,3,0.8517,0.2388,6040,1
45946.14,credit_card,gateway_b,card_expired,196,0.7009,0.8977,1,4,0.3263,0.2543,5354,0
29753.8,wallet,gateway_c,suspected_fraud,522,0.9775,0.6295,0,3,0.4973,0.2577,2357,0
55664.05,net_banking,gateway_c,temporary_gateway_error,146,0.4028,0.234,0,3,0.3864,0.7034,4491,1
84724.8,credit_card,gateway_a,authentication_required,719,0.0838,0.061,1,3,0.363,0.721,5963,0
45374.45,wallet,gateway_b,issuer_unavailable,586,0.1376,0.8847,0,4,0.3209,0.5172,1632,1
73864.34,net_banking,gateway_a,rate_limit,129,0.4659,0.4602,0,1,0.7609,0.6923,3669,1
66308.58,net_banking,gateway_a,rate_limit,168,0.1981,0.3229,0,0,0.8295,0.669,2361,0
44321.11,credit_card,gateway_b,authentication_required,187,0.0782,0.2938,1,2,0.8074,0.8343,4619,0
70746.44,credit_card,gateway_c,temporary_gateway_error,102,0.8299,0.0376,0,2,0.5545,0.4914,5902,0
94645.88,debit_card,gateway_b,insufficient_funds,214,0.0374,0.9402,0,1,0.7702,0.7478,5829,0
26611.32,wallet,gateway_c,issuer_unavailable,632,0.5291,0.0644,0,2,0.8388,0.5143,657,0
66536.74,debit_card,gateway_a,suspected_fraud,646,0.3992,0.8536,0,0,0.8651,0.3231,6820,0
21599.11,upi,gateway_a,network_timeout,603,0.6046,0.4309,0,1,0.4183,0.3829,4790,0
15150.69,net_banking,gateway_a,card_expired,575,0.2628,0.7216,0,1,0.5376,0.815,1433,0
93350.19,net_banking,gateway_a,authentication_required,271,0.1624,0.9382,1,3,0.4445,0.4209,2930,0
53057.56,upi,gateway_c,suspected_fraud,400,0.5304,0.9029,0,1,0.595,0.7937,4288,0
18918.1,wallet,gateway_c,suspected_fraud,284,0.6004,0.6987,0,1,0.5879,0.2473,3056,0
1097.11,net_banking,gateway_b,rate_limit,648,0.2988,0.7493,0,3,0.9104,0.8869,3539,0
54287.99,credit_card,gateway_a,temporary_gateway_error,537,0.4887,0.47,1,3,0.7203,0.5835,4945,0
42731.54,upi,gateway_a,issuer_unavailable,347,0.3956,0.5183,0,2,0.747,0.588,3171,0
34363.32,wallet,gateway_b,temporary_gateway_error,283,0.3402,0.6249,1,3,0.3309,0.7515,2621,1
49699.8,credit_card,gateway_a,issuer_unavailable,377,0.9269,0.6692,0,3,0.8115,0.3362,6974,0
91508.29,upi,gateway_b,suspected_fraud,565,0.6864,0.1634,0,4,0.6147,0.8091,1304,0
41510.15,credit_card,gateway_c,rate_limit,954,0.1274,0.1581,0,2,0.998,0.8215,3755,1
2854.58,wallet,gateway_c,suspected_fraud,609,0.8728,0.3541,0,2,0.9117,0.5797,4700,0
34484.79,upi,gateway_a,authentication_required,847,0.8156,0.6455,1,0,0.3017,0.2364,988,1
61782.42,debit_card,gateway_c,issuer_unavailable,443,0.026,0.8657,0,0,0.5705,0.274,2824,0
52201.95,wallet,gateway_a,issuer_unavailable,34,0.6196,0.0075,0,0,0.7834,0.8123,3715,0
40422.29,upi,gateway_b,insufficient_funds,926,0.0231,0.4062,0,2,0.4158,0.6896,6273,0
86876.48,wallet,gateway_b,temporary_gateway_error,495,0.0919,0.8402,0,1,0.6934,0.2336,5431,1
27376.95,credit_card,gateway_c,rate_limit,289,0.2214,0.8699,0,0,0.3728,0.6137,840,0
65386.36,net_banking,gateway_c,issuer_unavailable,641,0.7821,0.0784,0,0,0.4372,0.7421,1318,0
51684.42,debit_card,gateway_a,issuer_unavailable,708,0.9482,0.6463,0,0,0.5598,0.8285,2057,1
13723.52,upi,gateway_a,network_timeout,62,0.142,0.4672,0,4,0.6589,0.8807,1172,0
24635.95,credit_card,gateway_b,temporary_gateway_error,58,0.5874,0.8772,0,1,0.8441,0.5568,327,0
40742.9,debit_card,gateway_c,rate_limit,989,0.3442,0.1972,0,0,0.3773,0.351,6510,0
31609.1,debit_card,gateway_a,authentication_required,361,0.3393,0.2315,1,2,0.5536,0.5559,1291,1
55134.83,credit_card,gateway_a,insufficient_funds,193,0.1619,0.0655,0,0,0.6542,0.567,2056,1
97075.78,wallet,gateway_c,issuer_unavailable,446,0.9885,0.2057,0,3,0.6809,0.8361,3757,0
23849.41,credit_card,gateway_b,temporary_gateway_error,308,0.4706,0.592,0,1,0.6209,0.4205,7116,0
12081.97,net_banking,gateway_a,rate_limit,655,0.8325,0.071,0,0,0.4975,0.2364,118,0
99371.16,net_banking,gateway_c,insufficient_funds,886,0.403,0.5186,0,1,0.3431,0.7903,1582,0
70741.38,wallet,gateway_a,network_timeout,295,0.2663,0.3347,0,3,0.4811,0.8029,3502,0
51388.44,debit_card,gateway_c,card_expired,898,0.1235,0.7921,0,4,0.6887,0.7701,2464,0
46422.53,wallet,gateway_c,suspected_fraud,333,0.2143,0.3174,0,1,0.5895,0.4267,5843,0
38148.73,net_banking,gateway_a,card_expired,827,0.1478,0.5871,0,0,0.9863,0.689,906,0
1421.79,credit_card,gateway_c,rate_limit,273,0.4867,0.0753,0,1,0.9459,0.6356,1870,1
15242.24,upi,gateway_a,issuer_unavailable,392,0.61,0.8422,0,2,0.8271,0.5599,4820,1
72889.19,net_banking,gateway_b,insufficient_funds,253,0.8917,0.5099,0,2,0.7044,0.7156,3753,1
34153.03,net_banking,gateway_c,card_expired,567,0.6067,0.9326,0,3,0.3742,0.4996,3057,0
63424.45,debit_card,gateway_b,rate_limit,746,0.5491,0.8365,0,2,0.9007,0.7317,5177,1
17645.04,debit_card,gateway_a,issuer_unavailable,422,0.3011,0.6456,0,0,0.8396,0.7291,38,1
79694.64,net_banking,gateway_a,card_expired,369,0.5318,0.2798,0,2,0.6998,0.7207,2910,0
96292.45,upi,gateway_a,card_expired,921,0.1107,0.7455,0,4,0.743,0.5058,4493,0
71829.14,net_banking,gateway_a,network_timeout,832,0.4321,0.1172,0,0,0.6485,0.7652,4634,1
76804.71,credit_card,gateway_a,issuer_unavailable,995,0.8474,0.419,0,0,0.8129,0.3213,262,1
17904.26,debit_card,gateway_c,temporary_gateway_error,513,0.4259,0.5311,0,0,0.864,0.765,666,1
47757.19,net_banking,gateway_c,network_timeout,747,0.8686,0.7571,0,1,0.6962,0.4764,1460,1
73803.81,wallet,gateway_c,temporary_gateway_error,511,0.3438,0.2636,0,2,0.8923,0.2924,2139,0
45294.56,upi,gateway_a,card_expired,813,0.0544,0.0089,0,1,0.9517,0.2829,333,0
210.52,net_banking,gateway_a,rate_limit,294,0.8074,0.6511,0,4,0.3219,0.6702,5974,1
42769.25,wallet,gateway_a,suspected_fraud,333,0.1733,0.6776,0,0,0.9875,0.2565,781,0
20894.51,credit_card,gateway_a,insufficient_funds,174,0.1692,0.8576,0,2,0.4557,0.3331,6998,1
33229.67,wallet,gateway_c,issuer_unavailable,607,0.3471,0.5405,0,1,0.9324,0.416,852,1
99648.36,net_banking,gateway_c,authentication_required,345,0.4116,0.1874,1,3,0.3939,0.8693,168,0
94058.18,net_banking,gateway_c,suspected_fraud,640,0.3938,0.261,0,0,0.642,0.6359,4965,0
20621.69,upi,gateway_c,issuer_unavailable,234,0.1277,0.1305,0,2,0.3328,0.4394,1587,1
50497.44,net_banking,gateway_c,insufficient_funds,54,0.1623,0.0227,0,0,0.3718,0.3402,1177,0
17662.48,credit_card,gateway_b,network_timeout,548,0.311,0.471,0,1,0.9056,0.205,1941,1
65482.4,debit_card,gateway_a,authentication_required,980,0.5982,0.5153,1,1,0.3036,0.7315,5169,1
90274.34,wallet,gateway_c,rate_limit,383,0.0063,0.2647,0,4,0.5845,0.664,2459,1
44576.51,net_banking,gateway_b,rate_limit,1000,0.9685,0.5097,0,0,0.5344,0.7093,151,0
90115.1,credit_card,gateway_a,insufficient_funds,180,0.8693,0.4176,0,4,0.9011,0.8746,5100,0
39346.51,wallet,gateway_a,insufficient_funds,907,0.472,0.1239,0,0,0.3664,0.4174,1094,0
59929.61,debit_card,gateway_b,suspected_fraud,606,0.749,0.9695,0,0,0.3188,0.636,1779,0
33126.62,debit_card,gateway_c,temporary_gateway_error,436,0.4864,0.6717,0,0,0.36,0.5093,3301,0
96557.79,wallet,gateway_a,card_expired,796,0.703,0.5456,0,2,0.425,0.7159,5855,0
39174.13,upi,gateway_b,rate_limit,573,0.7855,0.4824,0,0,0.8615,0.8236,167,0
43987.7,upi,gateway_b,network_timeout,387,0.0831,0.8743,0,3,0.8358,0.297,1092,0
25863.6,wallet,gateway_a,authentication_required,118,0.3679,0.134,1,4,0.9299,0.563,4212,1
9139.58,upi,gateway_c,network_timeout,320,0.9146,0.8512,0,4,0.8136,0.6467,4908,0
9997.13,credit_card,gateway_a,authentication_required,247,0.5475,0.2201,1,4,0.7075,0.7242,3361,0
45359.4,net_banking,gateway_a,authentication_required,925,0.7639,0.4455,1,0,0.7968,0.5125,1299,1
38775.23,net_banking,gateway_b,insufficient_funds,782,0.2825,0.4692,0,1,0.5977,0.3648,6111,0
36991.36,wallet,gateway_b,issuer_unavailable,881,0.4903,0.7325,0,1,0.6635,0.4818,1150,1
62770.06,credit_card,gateway_b,suspected_fraud,358,0.0329,0.4298,0,4,0.8321,0.2542,1084,0
97908.47,debit_card,gateway_c,issuer_unavailable,41,0.4551,0.6991,0,2,0.7441,0.3789,2270,0
28684.02,credit_card,gateway_c,issuer_unavailable,455,0.0601,0.1953,0,3,0.6584,0.611,6805,0
10110.96,debit_card,gateway_b,temporary_gateway_error,185,0.6879,0.9473,0,3,0.917,0.4781,2219,1
78083.71,debit_card,gateway_b,card_expired,866,0.791,0.9843,0,3,0.7622,0.8837,3536,0
88869.62,debit_card,gateway_a,insufficient_funds,525,0.0964,0.0581,0,2,0.7424,0.6899,6782,0
28355.12,net_banking,gateway_a,temporary_gateway_error,264,0.5014,0.2039,0,4,0.515,0.6223,6880,0
10536.55,upi,gateway_b,insufficient_funds,629,0.6016,0.3168,0,0,0.8677,0.7479,5524,0
5662.28,net_banking,gateway_b,suspected_fraud,735,0.2538,0.0858,0,0,0.9851,0.3311,1326,0
84671.24,wallet,gateway_b,issuer_unavailable,451,0.2652,0.4804,0,1,0.3938,0.7328,2169,0
4618.57,debit_card,gateway_b,suspected_fraud,811,0.2573,0.0123,0,2,0.7351,0.6132,6121,0
62272.38,upi,gateway_c,temporary_gateway_error,314,0.6821,0.6411,0,1,0.329,0.2005,654,0
75463.62,net_banking,gateway_c,issuer_unavailable,654,0.2305,0.6674,0,3,0.5486,0.6425,6552,0
76834.7,credit_card,gateway_a,rate_limit,476,0.4052,0.4598,0,2,0.4568,0.4982,4354,1
34414.47,debit_card,gateway_b,issuer_unavailable,159,0.8733,0.6246,1,4,0.983,0.2692,723,0
88555.93,net_banking,gateway_c,issuer_unavailable,872,0.6679,0.6647,0,3,0.7214,0.4653,425,0
62395.39,net_banking,gateway_b,insufficient_funds,773,0.6843,0.8475,0,0,0.6558,0.2152,2737,1
37254.97,upi,gateway_c,issuer_unavailable,448,0.5168,0.8266,1,1,0.7047,0.4504,4501,0
66371.4,wallet,gateway_b,network_timeout,678,0.2348,0.8728,0,2,0.9257,0.7054,5626,1
86624.76,upi,gateway_a,authentication_required,92,0.2478,0.2117,1,4,0.3756,0.3885,4577,0
52948.88,net_banking,gateway_a,issuer_unavailable,118,0.1596,0.1109,0,0,0.6018,0.432,1694,1
82539.45,wallet,gateway_c,card_expired,383,0.8991,0.9678,0,0,0.9014,0.7497,4850,0
42823.0,upi,gateway_a,card_expired,299,0.6306,0.008,0,0,0.9958,0.3083,729,0
50323.62,wallet,gateway_c,suspected_fraud,73,0.7607,0.5934,0,3,0.5337,0.8952,4024,0
55101.9,net_banking,gateway_b,insufficient_funds,78,0.5874,0.4762,0,1,0.8967,0.8042,3352,0
74802.77,upi,gateway_b,suspected_fraud,283,0.1548,0.6305,0,1,0.9478,0.5077,4862,0
57074.17,wallet,gateway_a,suspected_fraud,253,0.0351,0.2589,1,4,0.4105,0.3126,7109,0
16758.3,wallet,gateway_c,temporary_gateway_error,235,0.3474,0.4926,0,0,0.3019,0.8973,309,1
76936.45,wallet,gateway_c,rate_limit,908,0.3999,0.8076,0,2,0.8659,0.8743,3705,0
79969.56,credit_card,gateway_c,rate_limit,125,0.9443,0.8751,0,1,0.979,0.4294,4568,0
51011.74,debit_card,gateway_c,rate_limit,940,0.4617,0.0192,0,1,0.8987,0.7635,2315,0
98671.51,net_banking,gateway_c,rate_limit,300,0.085,0.6932,0,4,0.3135,0.459,2645,1
88138.32,credit_card,gateway_a,issuer_unavailable,513,0.5141,0.1436,0,2,0.7113,0.2551,2672,0
44338.34,credit_card,gateway_a,card_expired,871,0.0467,0.3978,0,0,0.5794,0.8453,1385,0
83734.39,net_banking,gateway_b,network_timeout,135,0.3417,0.0402,0,0,0.7259,0.5068,1968,1
48685.49,credit_card,gateway_b,suspected_fraud,56,0.1861,0.0585,0,0,0.5614,0.3546,1115,0
42013.13,net_banking,gateway_b,rate_limit,818,0.8186,0.712,0,2,0.8661,0.3034,3743,1
82714.71,wallet,gateway_c,insufficient_funds,449,0.7728,0.1495,0,2,0.8556,0.5696,3693,0
16635.68,debit_card,gateway_b,issuer_unavailable,530,0.9864,0.0301,0,1,0.7815,0.4297,699,0
46643.16,credit_card,gateway_c,temporary_gateway_error,987,0.1984,0.1161,0,1,0.5814,0.3998,553,1
88636.1,credit_card,gateway_c,issuer_unavailable,97,0.9206,0.7988,0,0,0.9829,0.7606,5176,1
94173.69,wallet,gateway_b,insufficient_funds,867,0.6318,0.9177,0,1,0.4228,0.6893,1544,1
6941.23,credit_card,gateway_b,card_expired,145,0.7732,0.0447,0,4,0.3533,0.8105,29,0
22627.93,upi,gateway_c,suspected_fraud,66,0.3863,0.7845,0,2,0.7741,0.8292,5877,0
22122.92,credit_card,gateway_c,network_timeout,311,0.266,0.1341,0,4,0.6542,0.8618,2149,1
51135.61,net_banking,gateway_a,network_timeout,898,0.9487,0.9846,0,4,0.8945,0.5555,6715,0
87405.97,credit_card,gateway_b,rate_limit,251,0.5092,0.6762,0,4,0.747,0.4167,5730,0
83642.3,debit_card,gateway_c,authentication_required,287,0.4063,0.3807,1,2,0.7567,0.3638,5004,1
7576.84,net_banking,gateway_a,authentication_required,904,0.8839,0.018,1,3,0.3025,0.4152,5526,1
14341.06,net_banking,gateway_c,temporary_gateway_error,310,0.7307,0.0306,0,4,0.8992,0.6578,7197,1
41514.1,net_banking,gateway_a,network_timeout,91,0.5036,0.6508,0,1,0.9877,0.2029,3734,1
38329.95,credit_card,gateway_c,suspected_fraud,366,0.0461,0.1423,0,0,0.9368,0.8969,2918,0
55877.28,net_banking,gateway_c,suspected_fraud,742,0.0081,0.1169,1,3,0.4049,0.8432,5844,0
72417.76,wallet,gateway_b,suspected_fraud,105,0.4875,0.1721,0,3,0.5504,0.5162,4303,0
630.41,credit_card,gateway_c,authentication_required,922,0.3523,0.0667,1,3,0.7752,0.5884,2670,1
63054.86,debit_card,gateway_b,issuer_unavailable,396,0.6051,0.2406,0,1,0.6883,0.4752,5995,1
40457.49,net_banking,gateway_c,authentication_required,335,0.6404,0.5884,1,1,0.8372,0.7441,1534,0
29279.57,net_banking,gateway_b,suspected_fraud,410,0.8586,0.8373,0,0,0.8891,0.5322,6159,0
76245.61,wallet,gateway_b,insufficient_funds,33,0.1564,0.6842,0,4,0.6942,0.5952,788,0
5230.16,upi,gateway_a,issuer_unavailable,424,0.1723,0.615,0,3,0.9725,0.4811,23,1
61160.78,upi,gateway_a,authentication_required,950,0.9476,0.7212,1,2,0.5474,0.4258,5412,1
59717.71,debit_card,gateway_a,issuer_unavailable,528,0.3535,0.7669,0,4,0.5466,0.7274,3895,1
28324.81,upi,gateway_b,rate_limit,205,0.5327,0.1185,0,3,0.8161,0.6446,6220,1
82239.2,credit_card,gateway_a,insufficient_funds,791,0.1441,0.4799,0,2,0.6118,0.4959,5777,0
64390.25,credit_card,gateway_c,suspected_fraud,443,0.1106,0.0134,0,2,0.8388,0.2855,4281,0
11635.25,wallet,gateway_a,suspected_fraud,138,0.9396,0.1231,0,4,0.4824,0.5136,6377,0
76586.84,debit_card,gateway_a,rate_limit,643,0.7214,0.3747,0,4,0.9098,0.3982,4149,1
74732.8,debit_card,gateway_c,suspected_fraud,524,0.5338,0.1503,0,1,0.6149,0.5748,1094,0
10251.46,debit_card,gateway_a,temporary_gateway_error,469,0.5319,0.5951,0,1,0.3338,0.8245,3114,1
28790.2,credit_card,gateway_a,card_expired,466,0.937,0.044,0,1,0.7583,0.3055,652,0
59593.78,wallet,gateway_a,network_timeout,842,0.2524,0.48,0,4,0.6878,0.5708,6136,1
52735.03,credit_card,gateway_b,network_timeout,170,0.0729,0.7145,0,0,0.8733,0.8396,287,0
76220.15,debit_card,gateway_c,authentication_required,689,0.6687,0.09,1,1,0.3047,0.8863,3069,1
77026.99,wallet,gateway_b,issuer_unavailable,227,0.4283,0.5974,1,0,0.5444,0.2574,3991,0
81201.77,upi,gateway_b,network_timeout,904,0.1955,0.6562,0,1,0.4073,0.3744,4038,0
38942.91,debit_card,gateway_a,temporary_gateway_error,858,0.2635,0.5265,0,3,0.4658,0.3954,1445,1
44051.68,upi,gateway_a,temporary_gateway_error,38,0.0344,0.7503,0,2,0.3386,0.5456,7084,1
64081.38,upi,gateway_c,suspected_fraud,544,0.2277,0.4482,0,1,0.4732,0.5503,6626,0
41452.87,debit_card,gateway_b,network_timeout,251,0.6307,0.3936,0,2,0.7088,0.6899,4448,1
36590.79,debit_card,gateway_a,suspected_fraud,807,0.0671,0.3246,0,3,0.8581,0.4876,4428,0
34544.61,upi,gateway_b,authentication_required,367,0.5326,0.3507,1,4,0.3266,0.5711,951,1
61232.51,net_banking,gateway_a,card_expired,806,0.3138,0.5995,0,2,0.9638,0.3254,1718,0
98068.42,net_banking,gateway_c,issuer_unavailable,817,0.0611,0.1784,0,3,0.6169,0.6624,6218,0
84499.22,upi,gateway_a,insufficient_funds,811,0.5885,0.2078,0,3,0.3292,0.6264,5028,0
49534.85,upi,gateway_a,authentication_required,455,0.6622,0.3606,1,2,0.3293,0.8307,6502,0
81487.27,net_banking,gateway_a,insufficient_funds,467,0.243,0.4339,0,2,0.9029,0.746,4225,1
885.36,wallet,gateway_a,suspected_fraud,976,0.2625,0.2948,0,4,0.7622,0.4015,6791,0
8146.31,wallet,gateway_a,suspected_fraud,798,0.7478,0.3473,0,1,0.3944,0.8649,5770,0
66894.35,net_banking,gateway_a,suspected_fraud,222,0.1125,0.7655,0,3,0.3378,0.7428,4808,0
26951.63,upi,gateway_a,suspected_fraud,65,0.2813,0.3982,0,1,0.3811,0.64,242,0
20107.63,wallet,gateway_c,temporary_gateway_error,172,0.3883,0.6306,0,3,0.7392,0.4447,5353,0
21882.42,debit_card,gateway_a,insufficient_funds,607,0.7954,0.975,0,3,0.8724,0.8334,2817,0
50808.06,credit_card,gateway_c,insufficient_funds,409,0.4737,0.1822,0,2,0.7628,0.3889,7175,0
75907.21,net_banking,gateway_b,suspected_fraud,878,0.4537,0.9312,0,3,0.9188,0.6065,5313,1
49438.37,upi,gateway_c,temporary_gateway_error,91,0.3151,0.3948,0,4,0.3126,0.8858,3692,1
60067.45,upi,gateway_c,rate_limit,963,0.3568,0.3842,0,4,0.3846,0.559,1573,0
38738.92,upi,gateway_c,card_expired,105,0.5636,0.5004,0,0,0.4605,0.7704,5423,0
97192.46,credit_card,gateway_c,authentication_required,237,0.505,0.3608,1,4,0.6785,0.8933,4275,0
34973.68,debit_card,gateway_c,network_timeout,885,0.6303,0.7811,0,1,0.6652,0.5649,6839,1
95401.63,debit_card,gateway_c,authentication_required,641,0.4758,0.7978,1,3,0.6954,0.7634,6511,1
2123.17,debit_card,gateway_b,card_expired,222,0.7824,0.6068,0,0,0.5511,0.2795,3613,0
40504.63,wallet,gateway_a,rate_limit,573,0.9089,0.643,0,1,0.5231,0.8829,6712,0
39401.15,upi,gateway_c,card_expired,135,0.3911,0.3778,0,2,0.9837,0.4635,3485,0
3216.94,debit_card,gateway_a,suspected_fraud,165,0.2292,0.8563,0,2,0.4185,0.8856,5251,0
94861.09,net_banking,gateway_a,issuer_unavailable,786,0.127,0.5703,0,4,0.8106,0.6388,2305,0
26230.28,wallet,gateway_c,network_timeout,877,0.6894,0.0279,0,1,0.3833,0.6851,1100,0
34179.84,net_banking,gateway_c,suspected_fraud,64,0.4688,0.1947,0,4,0.9309,0.286,2510,0
97956.44,credit_card,gateway_a,network_timeout,484,0.7234,0.1043,0,2,0.3762,0.231,1934,1
42927.86,upi,gateway_b,temporary_gateway_error,508,0.6171,0.2755,0,2,0.7536,0.771,7110,0
21534.51,debit_card,gateway_b,card_expired,229,0.4014,0.9317,0,3,0.6281,0.8074,3085,0
5702.56,debit_card,gateway_b,issuer_unavailable,449,0.1926,0.0525,0,4,0.5979,0.7836,4225,0
48348.23,credit_card,gateway_b,issuer_unavailable,600,0.8376,0.9642,0,2,0.6474,0.3483,1740,1
64451.53,credit_card,gateway_c,rate_limit,702,0.3673,0.0084,0,3,0.3803,0.5459,1693,1
76933.2,debit_card,gateway_b,insufficient_funds,884,0.8385,0.5837,0,4,0.6215,0.5854,2599,1
83964.71,debit_card,gateway_a,insufficient_funds,989,0.2287,0.7538,0,0,0.4007,0.7878,1030,0
88657.99,net_banking,gateway_c,card_expired,605,0.0019,0.6149,0,3,0.8415,0.7865,3272,0
78290.89,upi,gateway_a,authentication_required,311,0.5763,0.2204,1,4,0.4771,0.5317,1558,1
31773.33,net_banking,gateway_b,temporary_gateway_error,812,0.1163,0.6861,0,3,0.9311,0.3662,6465,0
10957.43,wallet,gateway_a,issuer_unavailable,856,0.6473,0.2901,0,4,0.3325,0.6239,7009,0
86393.19,net_banking,gateway_b,card_expired,826,0.8389,0.9414,0,4,0.4612,0.4,4270,0
7392.03,net_banking,gateway_b,insufficient_funds,121,0.5095,0.3333,0,1,0.5789,0.8274,5951,0
81649.72,upi,gateway_c,card_expired,985,0.7307,0.6989,0,3,0.8299,0.5554,3119,0
10668.68,wallet,gateway_a,issuer_unavailable,452,0.7005,0.1069,0,0,0.7639,0.26,2556,0
982.72,upi,gateway_b,suspected_fraud,934,0.6136,0.1773,0,0,0.9043,0.6105,5858,0
62624.1,wallet,gateway_a,temporary_gateway_error,22,0.6677,0.9456,0,3,0.9975,0.5285,1108,1
68121.79,wallet,gateway_a,insufficient_funds,455,0.3717,0.8917,0,0,0.5824,0.8799,3221,0
58699.43,net_banking,gateway_c,authentication_required,510,0.1049,0.8983,1,0,0.8193,0.4001,7033,1
83546.54,wallet,gateway_b,rate_limit,319,0.6804,0.9435,0,1,0.6513,0.7371,2940,1
14882.15,wallet,gateway_b,temporary_gateway_error,892,0.9931,0.0511,0,3,0.6259,0.2578,1634,1
18690.05,debit_card,gateway_a,suspected_fraud,849,0.9763,0.305,0,0,0.9618,0.6882,1093,0
52547.59,debit_card,gateway_a,card_expired,419,0.8679,0.6563,0,3,0.865,0.246,747,0
60128.37,net_banking,gateway_a,authentication_required,137,0.6475,0.2402,1,3,0.474,0.4709,4009,0
85234.42,debit_card,gateway_b,card_expired,465,0.9924,0.6102,0,2,0.7273,0.2829,5392,0
48795.83,wallet,gateway_a,network_timeout,700,0.501,0.8277,0,0,0.5724,0.5637,799,1
75804.56,debit_card,gateway_c,suspected_fraud,741,0.4908,0.4721,0,0,0.5649,0.392,7182,0
6082.75,debit_card,gateway_c,temporary_gateway_error,955,0.3522,0.5106,0,4,0.6365,0.3245,5298,1
86236.11,net_banking,gateway_a,temporary_gateway_error,126,0.1884,0.8631,0,1,0.4103,0.659,6675,1
53927.97,debit_card,gateway_a,temporary_gateway_error,395,0.5677,0.3837,0,3,0.3506,0.7487,1699,0
44787.45,wallet,gateway_b,issuer_unavailable,455,0.3088,0.4672,1,0,0.7923,0.7725,4825,0
85856.44,credit_card,gateway_a,suspected_fraud,388,0.6397,0.2135,0,1,0.7593,0.4127,4529,0
59404.19,credit_card,gateway_c,temporary_gateway_error,910,0.5313,0.4397,0,4,0.5947,0.7804,623,0
69698.25,credit_card,gateway_b,insufficient_funds,520,0.9409,0.4545,0,2,0.8259,0.7037,324,0
98259.27,credit_card,gateway_c,issuer_unavailable,200,0.5611,0.5652,1,1,0.5376,0.7847,4493,0
56431.48,credit_card,gateway_a,issuer_unavailable,961,0.8177,0.7469,0,3,0.4154,0.4638,5063,1
25363.78,upi,gateway_b,issuer_unavailable,718,0.0787,0.0766,0,0,0.5473,0.2043,6121,1
74410.09,debit_card,gateway_b,temporary_gateway_error,483,0.5696,0.8905,0,4,0.9676,0.5718,52,1
19309.4,wallet,gateway_c,card_expired,711,0.3374,0.9368,0,1,0.5536,0.5287,2017,0
58382.88,upi,gateway_a,issuer_unavailable,200,0.1904,0.1238,0,2,0.5238,0.722,2450,0
25763.27,debit_card,gateway_b,insufficient_funds,297,0.3892,0.5218,0,3,0.5191,0.5556,4144,0
10775.81,upi,gateway_b,suspected_fraud,521,0.9601,0.5525,0,3,0.5018,0.4618,5895,0
36150.09,credit_card,gateway_c,temporary_gateway_error,963,0.8975,0.0156,0,0,0.708,0.6956,775,1
50111.86,wallet,gateway_a,issuer_unavailable,152,0.0364,0.67,0,2,0.7521,0.4699,4865,1
45712.12,upi,gateway_a,insufficient_funds,232,0.0148,0.8297,0,4,0.5739,0.5617,5288,1
31625.86,wallet,gateway_c,rate_limit,685,0.4484,0.0746,0,2,0.7407,0.7883,1741,1
36751.57,wallet,gateway_c,authentication_required,383,0.8989,0.7123,1,2,0.3978,0.2322,4289,0
6920.14,upi,gateway_a,authentication_required,94,0.0196,0.5094,1,1,0.8221,0.3825,5663,0
80196.78,wallet,gateway_b,network_timeout,436,0.7287,0.1642,0,4,0.5647,0.6195,1537,0
78375.87,upi,gateway_b,network_timeout,242,0.8678,0.0356,0,2,0.8309,0.3043,6987,1
52164.32,credit_card,gateway_b,card_expired,983,0.6467,0.6094,0,1,0.7498,0.4082,4151,0
51572.37,net_banking,gateway_a,suspected_fraud,418,0.2106,0.2459,0,1,0.7406,0.7148,936,0
20977.14,credit_card,gateway_a,rate_limit,557,0.191,0.2786,0,3,0.3196,0.2047,292,0
57121.38,wallet,gateway_a,insufficient_funds,61,0.5283,0.8778,0,2,0.3821,0.4406,4253,0
71787.82,wallet,gateway_c,network_timeout,330,0.1858,0.428,0,4,0.8676,0.3202,2416,1
91405.08,debit_card,gateway_b,rate_limit,120,0.4593,0.9309,0,3,0.7875,0.69,4742,1
732.71,credit_card,gateway_a,rate_limit,499,0.7014,0.4774,1,1,0.5765,0.7626,5060,0
46676.24,upi,gateway_b,issuer_unavailable,410,0.4229,0.6197,0,4,0.4688,0.2748,2872,0
71178.32,upi,gateway_b,temporary_gateway_error,372,0.6545,0.4321,0,3,0.7709,0.5986,3434,0
40945.03,net_banking,gateway_a,network_timeout,174,0.425,0.912,0,2,0.5645,0.2347,2976,1
90147.92,net_banking,gateway_a,insufficient_funds,675,0.0331,0.3258,0,2,0.3654,0.385,5990,0
57636.36,wallet,gateway_c,network_timeout,203,0.5785,0.7265,0,3,0.8798,0.6368,6777,1
7259.18,credit_card,gateway_c,network_timeout,810,0.8953,0.1239,0,0,0.6905,0.4579,4952,1
20050.65,debit_card,gateway_b,suspected_fraud,243,0.3311,0.5112,0,3,0.8341,0.2736,206,0
1372.75,credit_card,gateway_a,insufficient_funds,143,0.2247,0.2946,0,4,0.5084,0.8358,2166,0
64719.5,credit_card,gateway_a,card_expired,422,0.4624,0.3328,0,3,0.5634,0.738,181,0
33498.49,credit_card,gateway_a,authentication_required,399,0.5469,0.4845,1,4,0.7477,0.7712,5971,0
73730.71,wallet,gateway_a,authentication_required,117,0.6896,0.033,1,2,0.9553,0.8688,1272,1
98849.77,debit_card,gateway_c,card_expired,92,0.9115,0.9828,0,1,0.6999,0.8384,5890,0
69174.8,credit_card,gateway_a,authentication_required,28,0.6396,0.6175,1,1,0.4207,0.8406,4406,0
59892.6,debit_card,gateway_b,authentication_required,409,0.7615,0.495,1,2,0.8715,0.4785,2085,0
57037.71,debit_card,gateway_b,authentication_required,412,0.5348,0.9911,1,0,0.8699,0.8218,805,1
54235.06,upi,gateway_a,issuer_unavailable,692,0.9529,0.3455,0,4,0.614,0.5081,2017,1
86138.21,credit_card,gateway_a,authentication_required,991,0.9469,0.212,1,2,0.3881,0.6872,2074,1
26557.91,net_banking,gateway_b,temporary_gateway_error,726,0.1847,0.9332,0,1,0.3817,0.3703,261,0
46060.91,upi,gateway_a,authentication_required,599,0.6762,0.7186,1,2,0.3883,0.2661,3044,1
38649.92,credit_card,gateway_c,temporary_gateway_error,992,0.3014,0.9437,0,1,0.828,0.7017,367,0
2171.55,credit_card,gateway_c,temporary_gateway_error,829,0.7456,0.583,0,0,0.7148,0.8733,4155,1
11327.52,debit_card,gateway_b,suspected_fraud,248,0.8446,0.7183,0,0,0.6365,0.5912,1522,0
18303.47,credit_card,gateway_c,suspected_fraud,797,0.5673,0.6505,0,1,0.4662,0.7503,2259,0
69539.4,debit_card,gateway_c,suspected_fraud,662,0.8743,0.8467,0,3,0.4052,0.5811,5426,0
78386.56,upi,gateway_a,temporary_gateway_error,521,0.3455,0.9991,0,2,0.6568,0.517,1320,1
99451.41,debit_card,gateway_c,temporary_gateway_error,378,0.5538,0.0863,0,1,0.5456,0.2266,3621,1
22201.2,credit_card,gateway_a,authentication_required,941,0.3447,0.4203,1,0,0.9132,0.3811,3784,0
12636.9,net_banking,gateway_a,suspected_fraud,759,0.7253,0.6237,0,3,0.9018,0.2492,5715,0
98072.27,upi,gateway_a,card_expired,503,0.3242,0.0969,0,4,0.9932,0.6489,5791,0
76063.66,upi,gateway_c,rate_limit,516,0.2767,0.3569,0,4,0.7328,0.7101,5939,1
18684.12,wallet,gateway_a,rate_limit,278,0.259,0.28,0,1,0.9636,0.4892,158,1
56297.1,upi,gateway_b,network_timeout,757,0.5115,0.6519,0,1,0.8999,0.2566,6209,1
27972.11,wallet,gateway_a,insufficient_funds,115,0.0528,0.1964,0,0,0.3102,0.5895,5370,0
60225.02,wallet,gateway_a,issuer_unavailable,411,0.3259,0.5298,0,1,0.4266,0.3276,1713,0
93122.09,debit_card,gateway_b,issuer_unavailable,414,0.6674,0.8417,0,3,0.8079,0.6397,1323,0
36519.97,wallet,gateway_c,card_expired,79,0.0207,0.6363,0,0,0.9272,0.6405,5521,0
56465.27,credit_card,gateway_b,insufficient_funds,518,0.6074,0.4897,0,4,0.924,0.5635,5432,0
35520.79,upi,gateway_a,card_expired,380,0.7637,0.4829,0,2,0.3305,0.5391,4117,0
79400.06,net_banking,gateway_c,temporary_gateway_error,136,0.6184,0.6992,0,1,0.3284,0.2544,3581,1
94743.0,net_banking,gateway_c,issuer_unavailable,387,0.6398,0.7179,0,3,0.3548,0.5279,3757,0
68667.25,net_banking,gateway_c,suspected_fraud,908,0.3009,0.4544,0,1,0.7617,0.6738,2400,0
25354.11,wallet,gateway_b,temporary_gateway_error,255,0.354,0.3839,0,2,0.7772,0.5742,4967,1
94912.56,debit_card,gateway_c,rate_limit,189,0.4535,0.8158,0,2,0.9783,0.7888,6894,1
69223.11,wallet,gateway_c,insufficient_funds,889,0.2547,0.0972,0,1,0.7122,0.8113,3339,0
15319.37,credit_card,gateway_a,insufficient_funds,693,0.5405,0.174,1,4,0.4772,0.281,2108,0
17734.74,wallet,gateway_a,suspected_fraud,684,0.7755,0.5068,0,2,0.7971,0.2046,2045,0
84308.04,upi,gateway_b,authentication_required,849,0.575,0.2946,1,3,0.7099,0.5939,4291,0
57469.81,credit_card,gateway_a,rate_limit,379,0.4992,0.7665,0,1,0.5168,0.4604,6171,1
13576.65,credit_card,gateway_c,insufficient_funds,870,0.9299,0.1373,0,1,0.8611,0.6969,1994,0
31418.22,wallet,gateway_b,temporary_gateway_error,264,0.118,0.5158,0,2,0.4497,0.4824,5256,0
31444.95,debit_card,gateway_a,network_timeout,781,0.4309,0.0138,0,4,0.8681,0.552,6548,0
45108.01,net_banking,gateway_a,insufficient_funds,362,0.9522,0.4397,0,3,0.5664,0.49,934,1
21770.36,upi,gateway_c,rate_limit,913,0.626,0.4209,0,4,0.3279,0.6814,6570,1
59436.59,net_banking,gateway_b,rate_limit,104,0.6668,0.18,0,3,0.5486,0.7736,1445,1
2033.19,net_banking,gateway_c,temporary_gateway_error,96,0.9095,0.0516,0,2,0.7001,0.3875,6048,1
32261.68,debit_card,gateway_c,card_expired,330,0.4651,0.3962,0,1,0.6698,0.2204,6025,0
20657.74,debit_card,gateway_c,suspected_fraud,516,0.9983,0.3018,0,3,0.5253,0.5995,803,0
93967.18,net_banking,gateway_b,insufficient_funds,993,0.55,0.0998,0,2,0.5017,0.6117,6263,0
76073.31,net_banking,gateway_a,network_timeout,353,0.0204,0.3984,0,0,0.9877,0.2233,3017,1
47983.43,upi,gateway_b,rate_limit,225,0.7724,0.2934,0,2,0.8609,0.5966,6166,1
28040.49,wallet,gateway_b,card_expired,494,0.9004,0.7595,0,3,0.504,0.7549,3260,0
45155.43,wallet,gateway_b,rate_limit,965,0.0133,0.3185,0,3,0.9773,0.5567,6905,0
73908.48,net_banking,gateway_b,rate_limit,559,0.2912,0.1821,0,1,0.7306,0.6046,6233,1
92737.22,debit_card,gateway_b,insufficient_funds,87,0.5699,0.1439,0,2,0.3685,0.241,2542,0
97406.02,credit_card,gateway_c,issuer_unavailable,337,0.9794,0.4039,0,0,0.442,0.6302,1257,0
76372.64,wallet,gateway_b,network_timeout,809,0.9978,0.7597,0,0,0.651,0.8558,2360,1
92835.31,wallet,gateway_a,authentication_required,140,0.0269,0.6132,1,4,0.8126,0.4523,487,1
83363.13,debit_card,gateway_b,suspected_fraud,941,0.0923,0.1282,0,4,0.9486,0.8129,6595,0
809.97,credit_card,gateway_a,rate_limit,24,0.5077,0.2903,0,3,0.8766,0.8322,4640,1
2651.32,credit_card,gateway_c,temporary_gateway_error,812,0.0301,0.567,0,4,0.9794,0.2693,3586,0
11305.88,credit_card,gateway_a,insufficient_funds,627,0.4286,0.0588,0,3,0.3076,0.4095,7015,0
56417.44,wallet,gateway_a,suspected_fraud,376,0.1563,0.1626,0,2,0.7632,0.5985,43,0
61502.19,credit_card,gateway_c,network_timeout,621,0.8311,0.999,0,1,0.4298,0.5318,4632,0
20652.83,wallet,gateway_a,suspected_fraud,73,0.7678,0.1561,0,0,0.9641,0.7745,1749,0
59169.75,credit_card,gateway_c,temporary_gateway_error,61,0.0818,0.6953,0,4,0.6137,0.8893,603,0
17068.77,upi,gateway_b,card_expired,255,0.8072,0.061,0,3,0.617,0.853,6524,0
41962.5,net_banking,gateway_b,card_expired,188,0.2369,0.1573,0,2,0.7166,0.4274,4245,0
23396.01,net_banking,gateway_c,card_expired,128,0.477,0.721,1,0,0.7675,0.4861,1866,1
20635.83,net_banking,gateway_a,authentication_required,288,0.4963,0.9109,1,4,0.349,0.5094,3124,1
15435.64,credit_card,gateway_a,authentication_required,608,0.9809,0.8846,1,0,0.4708,0.6083,5982,1
73495.85,upi,gateway_a,suspected_fraud,232,0.8583,0.7354,0,2,0.4916,0.8608,6373,0
82196.91,upi,gateway_c,issuer_unavailable,862,0.7164,0.3922,0,1,0.6066,0.4695,5650,0
82870.25,wallet,gateway_a,authentication_required,62,0.6855,0.4966,1,0,0.3065,0.4963,1027,1
61932.05,debit_card,gateway_c,authentication_required,510,0.2101,0.8971,1,1,0.3753,0.3366,3619,0
74060.57,upi,gateway_c,suspected_fraud,998,0.3294,0.03,0,3,0.5749,0.3362,168,0
87523.27,credit_card,gateway_a,insufficient_funds,435,0.4718,0.0236,0,2,0.763,0.3225,5062,0
596.94,wallet,gateway_a,insufficient_funds,763,0.7514,0.9367,0,3,0.3459,0.8019,2320,0
85081.63,debit_card,gateway_b,card_expired,712,0.0891,0.6472,0,4,0.453,0.8645,1834,0
36021.33,wallet,gateway_a,network_timeout,922,0.5912,0.5585,0,2,0.6688,0.8861,177,1
6719.85,wallet,gateway_b,rate_limit,240,0.2837,0.37,0,0,0.6997,0.2875,6036,1
71575.74,net_banking,gateway_b,issuer_unavailable,24,0.0867,0.8828,0,3,0.364,0.3966,3342,0
54358.04,upi,gateway_b,card_expired,800,0.7294,0.2847,0,1,0.3903,0.5581,4334,0
92978.65,wallet,gateway_c,network_timeout,231,0.7235,0.5388,0,4,0.7961,0.8782,538,0
66094.14,debit_card,gateway_c,temporary_gateway_error,42,0.5535,0.3899,0,4,0.6334,0.8157,6558,1
98511.3,debit_card,gateway_b,rate_limit,562,0.3759,0.7502,0,1,0.4056,0.2137,5533,0
89856.18,debit_card,gateway_a,suspected_fraud,513,0.1643,0.5212,0,4,0.5144,0.5391,541,0
29395.04,debit_card,gateway_b,issuer_unavailable,455,0.4472,0.8274,0,1,0.6625,0.6102,643,1
86004.54,debit_card,gateway_b,temporary_gateway_error,225,0.6478,0.706,0,2,0.8759,0.5053,2878,1
92111.32,credit_card,gateway_a,temporary_gateway_error,831,0.8808,0.2547,0,4,0.9276,0.8236,4272,1
38830.71,wallet,gateway_c,rate_limit,196,0.1539,0.5832,0,1,0.3146,0.3592,4039,0
68995.89,wallet,gateway_c,rate_limit,113,0.9099,0.2617,0,4,0.4131,0.6941,2510,1
96564.53,upi,gateway_a,suspected_fraud,453,0.3139,0.5935,0,2,0.3724,0.2131,4064,0
4028.72,credit_card,gateway_a,insufficient_funds,584,0.1539,0.9586,0,1,0.872,0.4232,7177,0
23732.92,upi,gateway_b,card_expired,554,0.9351,0.0087,0,4,0.3596,0.896,1827,0
60228.2,wallet,gateway_b,rate_limit,858,0.6342,0.0341,0,4,0.42,0.2625,5284,0
372.82,credit_card,gateway_a,rate_limit,837,0.8175,0.4654,0,2,0.4038,0.6512,2693,1
8021.37,debit_card,gateway_a,network_timeout,552,0.9801,0.9201,0,1,0.6293,0.4572,3342,1
37737.53,net_banking,gateway_c,temporary_gateway_error,788,0.0746,0.8969,0,2,0.8066,0.6064,2380,1
56923.84,debit_card,gateway_a,rate_limit,513,0.2214,0.8511,0,1,0.7245,0.7041,4869,1
2117.57,debit_card,gateway_a,insufficient_funds,77,0.2796,0.1265,0,2,0.8939,0.8935,2138,0
24710.0,credit_card,gateway_a,network_timeout,93,0.5338,0.8419,0,4,0.943,0.2121,5464,0
60975.58,debit_card,gateway_c,insufficient_funds,62,0.011,0.0846,0,1,0.9025,0.3676,2664,0
88918.92,credit_card,gateway_b,temporary_gateway_error,763,0.0482,0.7801,0,1,0.3794,0.6686,583,1
71849.54,credit_card,gateway_c,temporary_gateway_error,708,0.0835,0.1675,0,3,0.5045,0.4033,4848,0
63657.03,debit_card,gateway_a,network_timeout,54,0.5937,0.1478,1,3,0.8882,0.3533,2533,1
56920.6,upi,gateway_b,suspected_fraud,600,0.624,0.5788,0,0,0.4495,0.5488,3666,0
78026.57,upi,gateway_c,authentication_required,904,0.8614,0.1795,1,2,0.3043,0.4653,3245,0
27696.81,net_banking,gateway_a,suspected_fraud,419,0.8661,0.6564,0,0,0.6586,0.4108,3578,1
87396.41,upi,gateway_b,issuer_unavailable,998,0.0954,0.2029,0,4,0.9089,0.4519,4007,0
66747.93,wallet,gateway_a,temporary_gateway_error,237,0.7747,0.1464,0,0,0.6438,0.6807,2445,0
74963.78,net_banking,gateway_c,network_timeout,999,0.0272,0.8611,0,4,0.4198,0.8937,2808,0
15539.71,net_banking,gateway_a,rate_limit,826,0.4896,0.1133,0,4,0.3098,0.8092,7072,1
21651.39,net_banking,gateway_b,card_expired,547,0.0314,0.8445,0,4,0.9127,0.5307,5612,0
20152.69,net_banking,gateway_a,authentication_required,447,0.2883,0.7397,1,0,0.3784,0.3475,5876,1
63335.54,net_banking,gateway_a,rate_limit,250,0.6406,0.4374,0,2,0.428,0.6559,5886,0
35991.45,upi,gateway_c,card_expired,969,0.049,0.6619,0,4,0.7991,0.481,6619,0
76695.44,net_banking,gateway_b,temporary_gateway_error,325,0.455,0.1599,0,3,0.4776,0.634,5598,1
59951.7,upi,gateway_c,issuer_unavailable,791,0.3101,0.1578,0,2,0.4068,0.227,5371,1
26002.46,wallet,gateway_c,rate_limit,730,0.9973,0.4231,0,1,0.9352,0.3958,3885,0
39230.09,debit_card,gateway_c,temporary_gateway_error,159,0.5604,0.0644,0,3,0.4997,0.5241,6368,1
81887.35,net_banking,gateway_b,rate_limit,380,0.6831,0.064,0,3,0.3308,0.8035,3576,1
43517.1,wallet,gateway_c,network_timeout,339,0.4597,0.318,0,2,0.333,0.2106,4024,1
89032.6,net_banking,gateway_b,authentication_required,289,0.5448,0.9201,1,1,0.5224,0.3219,663,0
65457.46,wallet,gateway_a,issuer_unavailable,887,0.7017,0.6279,0,3,0.3738,0.2174,5159,0
71199.29,wallet,gateway_a,network_timeout,239,0.8395,0.5258,0,3,0.3845,0.3643,4489,0
35165.96,wallet,gateway_c,temporary_gateway_error,211,0.151,0.5651,1,2,0.7208,0.6826,5213,1
96572.76,credit_card,gateway_a,authentication_required,838,0.5432,0.1829,1,3,0.5205,0.8213,6929,1
